char,unicode,missing_cho,missing_jung,missing_jong,missing_total,in_ref78,ink_ratio,bbox_fill,edge_density,n_components,psnr,ssim
가,U+AC00,0,0,0,0,0,0.09417724609375,0.79022216796875,0.0950927734375,5,nan,nan
각,U+AC01,0,0,0,0,0,0.09588623046875,0.6796875,0.10546875,2,nan,nan
갂,U+AC02,0,0,1,1,0,0.08355712890625,0.613037109375,0.09063720703125,5,nan,nan
갃,U+AC03,0,0,0,0,0,0.10064697265625,0.640625,0.1072998046875,5,nan,nan
간,U+AC04,0,0,0,0,0,0.09222412109375,0.7171630859375,0.09490966796875,3,nan,nan
갅,U+AC05,0,0,1,1,0,0.0980224609375,0.65313720703125,0.101318359375,5,nan,nan
갆,U+AC06,0,0,1,1,0,0.1317138671875,0.713134765625,0.133544921875,4,nan,nan
갇,U+AC07,0,0,1,1,0,0.09716796875,0.67138671875,0.0947265625,4,nan,nan
갈,U+AC08,0,0,0,0,0,0.1190185546875,0.6796875,0.1259765625,3,nan,nan
갉,U+AC09,0,0,0,0,1,0.1175537109375,0.78125,0.12274169921875,6,9.68270633448212,0.6265883019650036
갊,U+AC0A,0,0,0,0,0,0.13623046875,0.6875,0.14898681640625,7,nan,nan
갋,U+AC0B,0,0,0,0,0,0.138671875,0.6796875,0.15301513671875,3,nan,nan
갌,U+AC0C,0,0,0,0,0,0.13983154296875,0.65625,0.13604736328125,3,nan,nan
갍,U+AC0D,0,0,0,0,0,0.114013671875,0.6796875,0.13360595703125,3,nan,nan
갎,U+AC0E,0,0,1,1,0,0.12530517578125,0.671875,0.132080078125,6,nan,nan
갏,U+AC0F,0,0,0,0,0,0.14849853515625,0.6875,0.1629638671875,8,nan,nan
감,U+AC10,0,0,0,0,0,0.09918212890625,0.703857421875,0.1041259765625,3,nan,nan
갑,U+AC11,0,0,0,0,0,0.10906982421875,0.722900390625,0.10675048828125,3,nan,nan
값,U+AC12,0,0,0,0,1,0.1253662109375,0.6875,0.13037109375,4,8.911077142860655,0.5404201162314162
갓,U+AC13,0,0,0,0,0,0.10333251953125,0.6046142578125,0.1019287109375,2,nan,nan
갔,U+AC14,0,0,0,0,0,0.12255859375,0.68212890625,0.11419677734375,2,nan,nan
강,U+AC15,0,0,0,0,0,0.110595703125,0.692138671875,0.0972900390625,6,nan,nan
갖,U+AC16,0,0,1,1,0,0.1192626953125,0.65625,0.111328125,2,nan,nan
갗,U+AC17,0,0,0,0,0,0.1153564453125,0.6666259765625,0.11285400390625,4,nan,nan
갘,U+AC18,0,0,1,1,0,0.10772705078125,0.6640625,0.1109619140625,3,nan,nan
같,U+AC19,0,0,1,1,0,0.1151123046875,0.75,0.1217041015625,5,nan,nan
갚,U+AC1A,0,0,0,0,0,0.12615966796875,0.6690673828125,0.1292724609375,5,nan,nan
갛,U+AC1B,0,0,0,0,0,0.12554931640625,0.73638916015625,0.12030029296875,3,nan,nan
개,U+AC1C,0,0,0,0,0,0.1234130859375,0.67547607421875,0.11700439453125,4,nan,nan
객,U+AC1D,0,0,0,0,0,0.12646484375,0.6640625,0.1295166015625,2,nan,nan
갞,U+AC1E,0,0,1,1,0,0.12774658203125,0.6666259765625,0.1341552734375,6,nan,nan
갟,U+AC1F,0,0,0,0,0,0.1363525390625,0.6484375,0.13128662109375,7,nan,nan
갠,U+AC20,0,0,0,0,0,0.129150390625,0.65625,0.12506103515625,7,nan,nan
갡,U+AC21,0,0,1,1,0,0.14862060546875,0.6690673828125,0.15008544921875,5,nan,nan
갢,U+AC22,0,0,1,1,0,0.14715576171875,0.75189208984375,0.15380859375,6,nan,nan
갣,U+AC23,0,0,1,1,0,0.129150390625,0.625,0.1339111328125,4,nan,nan
갤,U+AC24,0,0,0,0,0,0.14471435546875,0.65625,0.1549072265625,8,nan,nan
갥,U+AC25,0,0,0,0,0,0.14202880859375,0.765625,0.15234375,9,nan,nan
갦,U+AC26,0,0,0,0,0,0.1514892578125,0.6796875,0.1781005859375,8,nan,nan
갧,U+AC27,0,0,0,0,0,0.1536865234375,0.671875,0.17559814453125,5,nan,nan
갨,U+AC28,0,0,0,0,0,0.156005859375,0.6640625,0.15924072265625,5,nan,nan
갩,U+AC29,0,0,0,0,0,0.1416015625,0.6953125,0.15997314453125,7,nan,nan
갪,U+AC2A,0,0,1,1,0,0.14837646484375,0.6953125,0.1591796875,8,nan,nan
갫,U+AC2B,0,0,0,0,0,0.16461181640625,0.6328125,0.16131591796875,6,nan,nan
갬,U+AC2C,0,0,0,0,0,0.115966796875,0.69427490234375,0.126708984375,6,nan,nan
갭,U+AC2D,0,0,0,0,0,0.12469482421875,0.6796875,0.12994384765625,6,nan,nan
갮,U+AC2E,0,0,0,0,0,0.14788818359375,0.8216552734375,0.15234375,5,nan,nan
갯,U+AC2F,0,0,0,0,0,0.12054443359375,0.671875,0.1265869140625,4,nan,nan
갰,U+AC30,0,0,0,0,0,0.148681640625,0.6875,0.1422119140625,5,nan,nan
갱,U+AC31,0,0,0,0,0,0.12799072265625,0.52392578125,0.09521484375,3,nan,nan
갲,U+AC32,0,0,1,1,0,0.12615966796875,0.673583984375,0.1290283203125,6,nan,nan
갳,U+AC33,0,0,0,0,0,0.12762451171875,0.78125,0.13421630859375,7,nan,nan
갴,U+AC34,0,0,1,1,0,0.12969970703125,0.6328125,0.146240234375,10,nan,nan
갵,U+AC35,0,0,1,1,0,0.15167236328125,0.6796875,0.14862060546875,5,nan,nan
갶,U+AC36,0,0,0,0,0,0.15631103515625,0.78125,0.15496826171875,5,nan,nan
갷,U+AC37,0,0,0,0,0,0.11865234375,0.597900390625,0.12457275390625,4,nan,nan
갸,U+AC38,0,0,0,0,0,0.079345703125,0.7828369140625,0.090576171875,5,nan,nan
갹,U+AC39,0,0,0,0,0,0.1107177734375,0.796875,0.10321044921875,4,nan,nan
갺,U+AC3A,0,0,1,1,0,0.11029052734375,0.68316650390625,0.105712890625,4,nan,nan
갻,U+AC3B,0,0,0,0,0,0.1259765625,0.690673828125,0.12823486328125,3,nan,nan
갼,U+AC3C,0,0,0,0,0,0.1121826171875,0.7767333984375,0.108154296875,7,nan,nan
갽,U+AC3D,0,0,1,1,0,0.123779296875,0.65313720703125,0.1171875,3,nan,nan
갾,U+AC3E,0,0,1,1,0,0.1429443359375,0.7734375,0.1328125,5,nan,nan
갿,U+AC3F,0,0,1,1,0,0.11456298828125,0.6953125,0.11053466796875,4,nan,nan
걀,U+AC40,0,0,0,0,0,0.13201904296875,0.6953125,0.13104248046875,5,nan,nan
걁,U+AC41,0,0,0,0,0,0.13262939453125,0.6953125,0.1300048828125,4,nan,nan
걂,U+AC42,0,0,0,0,0,0.13775634765625,0.6844482421875,0.14874267578125,5,nan,nan
걃,U+AC43,0,0,0,0,0,0.14654541015625,0.71142578125,0.14910888671875,5,nan,nan
걄,U+AC44,0,0,0,0,0,0.15313720703125,0.734375,0.13970947265625,3,nan,nan
걅,U+AC45,0,0,0,0,0,0.1431884765625,0.703125,0.14141845703125,5,nan,nan
걆,U+AC46,0,0,1,1,0,0.139404296875,0.6844482421875,0.13934326171875,4,nan,nan
걇,U+AC47,0,0,0,0,0,0.15380859375,0.71875,0.14776611328125,7,nan,nan
걈,U+AC48,0,0,0,0,0,0.13092041015625,0.6627197265625,0.11297607421875,4,nan,nan
걉,U+AC49,0,0,0,0,0,0.1192626953125,0.6925048828125,0.12164306640625,3,nan,nan
걊,U+AC4A,0,0,0,0,0,0.13519287109375,0.703125,0.137451171875,3,nan,nan
걋,U+AC4B,0,0,0,0,0,0.1138916015625,0.732421875,0.10821533203125,4,nan,nan
걌,U+AC4C,0,0,0,0,0,0.135009765625,0.75,0.124755859375,3,nan,nan
걍,U+AC4D,0,0,0,0,0,0.1201171875,0.64990234375,0.11114501953125,4,nan,nan
걎,U+AC4E,0,0,1,1,0,0.1275634765625,0.64990234375,0.109375,3,nan,nan
걏,U+AC4F,0,0,0,0,0,0.12451171875,0.71875,0.12109375,5,nan,nan
걐,U+AC50,0,0,1,1,0,0.10821533203125,0.673583984375,0.108154296875,4,nan,nan
걑,U+AC51,0,0,1,1,0,0.12860107421875,0.6690673828125,0.11651611328125,4,nan,nan
걒,U+AC52,0,0,0,0,0,0.13677978515625,0.7265625,0.13519287109375,6,nan,nan
걓,U+AC53,0,0,0,0,0,0.12860107421875,0.734375,0.11761474609375,4,nan,nan
걔,U+AC54,0,0,0,0,0,0.1290283203125,0.669921875,0.12237548828125,5,nan,nan
걕,U+AC55,0,0,0,0,0,0.12420654296875,0.6953125,0.13134765625,3,nan,nan
걖,U+AC56,0,0,1,1,0,0.13482666015625,0.66815185546875,0.1387939453125,3,nan,nan
걗,U+AC57,0,0,0,0,0,0.13525390625,0.7734375,0.1416015625,8,nan,nan
걘,U+AC58,0,0,0,0,0,0.1263427734375,0.7734375,0.1475830078125,10,nan,nan
걙,U+AC59,0,0,1,1,0,0.156005859375,0.71875,0.16650390625,7,nan,nan
걚,U+AC5A,0,0,1,1,0,0.1549072265625,0.7734375,0.15789794921875,8,nan,nan
걛,U+AC5B,0,0,1,1,0,0.14581298828125,0.734375,0.15142822265625,9,nan,nan
걜,U+AC5C,0,0,0,0,1,0.171142578125,0.703125,0.174072265625,3,23.66414506790536,0.9471788750182384
걝,U+AC5D,0,0,0,0,0,0.14483642578125,0.7734375,0.16107177734375,10,nan,nan
걞,U+AC5E,0,0,0,0,0,0.1600341796875,0.7265625,0.17840576171875,4,nan,nan
걟,U+AC5F,0,0,0,0,0,0.1549072265625,0.6953125,0.16680908203125,9,nan,nan
걠,U+AC60,0,0,0,0,0,0.14801025390625,0.6875,0.16217041015625,5,nan,nan
걡,U+AC61,0,0,0,0,0,0.14874267578125,0.78125,0.1756591796875,11,nan,nan
걢,U+AC62,0,0,1,1,0,0.14739990234375,0.71875,0.16851806640625,13,nan,nan
걣,U+AC63,0,0,0,0,0,0.160888671875,0.6953125,0.173828125,7,nan,nan
걤,U+AC64,0,0,0,0,0,0.15045166015625,0.8359375,0.15478515625,7,nan,nan
걥,U+AC65,0,0,0,0,0,0.135009765625,0.765625,0.1416015625,8,nan,nan
걦,U+AC66,0,0,0,0,0,0.1651611328125,0.7109375,0.15338134765625,6,nan,nan
걧,U+AC67,0,0,0,0,0,0.122802734375,0.6591796875,0.1280517578125,3,nan,nan
걨,U+AC68,0,0,0,0,0,0.148193359375,0.6953125,0.1416015625,5,nan,nan
걩,U+AC69,0,0,0,0,0,0.15234375,0.65625,0.12481689453125,4,nan,nan
걪,U+AC6A,0,0,1,1,0,0.12841796875,0.8203125,0.13885498046875,15,nan,nan
걫,U+AC6B,0,0,0,0,0,0.1348876953125,0.8125,0.14715576171875,6,nan,nan
걬,U+AC6C,0,0,1,1,0,0.14556884765625,0.75,0.16650390625,11,nan,nan
걭,U+AC6D,0,0,1,1,0,0.166259765625,0.68988037109375,0.1629638671875,3,nan,nan
걮,U+AC6E,0,0,0,0,0,0.1553955078125,0.8515625,0.16766357421875,7,nan,nan
걯,U+AC6F,0,0,0,0,0,0.1478271484375,0.65625,0.13397216796875,6,nan,nan
거,U+AC70,0,0,0,0,0,0.09295654296875,0.5380859375,0.0877685546875,5,nan,nan
걱,U+AC71,0,0,0,0,0,0.11871337890625,0.6103515625,0.10125732421875,1,nan,nan
걲,U+AC72,0,0,1,1,0,0.12762451171875,0.6031494140625,0.109130859375,3,nan,nan
걳,U+AC73,0,0,0,0,0,0.121826171875,0.65625,0.11334228515625,4,nan,nan
건,U+AC74,0,0,0,0,0,0.10797119140625,0.796875,0.09613037109375,3,nan,nan
걵,U+AC75,0,0,1,1,0,0.125,0.7421875,0.1280517578125,3,nan,nan
걶,U+AC76,0,0,1,1,0,0.13446044921875,0.6796875,0.129150390625,5,nan,nan
걷,U+AC77,0,0,1,1,0,0.11822509765625,0.625,0.111572265625,2,nan,nan
걸,U+AC78,0,0,0,0,0,0.14276123046875,0.6015625,0.137939453125,3,nan,nan
걹,U+AC79,0,0,0,0,0,0.14208984375,0.78125,0.15374755859375,6,nan,nan
걺,U+AC7A,0,0,0,0,0,0.167724609375,0.703125,0.16900634765625,8,nan,nan
걻,U+AC7B,0,0,0,0,0,0.15228271484375,0.6201171875,0.15594482421875,8,nan,nan
걼,U+AC7C,0,0,0,0,0,0.1505126953125,0.7421875,0.1427001953125,4,nan,nan
걽,U+AC7D,0,0,0,0,0,0.1563720703125,0.734375,0.15667724609375,7,nan,nan
걾,U+AC7E,0,0,1,1,0,0.16107177734375,0.7109375,0.16253662109375,2,nan,nan
걿,U+AC7F,0,0,0,0,0,0.18048095703125,0.65625,0.1661376953125,4,nan,nan
검,U+AC80,0,0,0,0,0,0.13482666015625,0.6171875,0.1142578125,3,nan,nan
겁,U+AC81,0,0,0,0,0,0.12249755859375,0.59375,0.11383056640625,3,nan,nan
겂,U+AC82,0,0,0,0,0,0.1268310546875,0.6484375,0.13177490234375,6,nan,nan
것,U+AC83,0,0,0,0,0,0.1209716796875,0.6103515625,0.10394287109375,2,nan,nan
겄,U+AC84,0,0,0,0,0,0.130615234375,0.671875,0.12060546875,4,nan,nan
겅,U+AC85,0,0,0,0,0,0.1287841796875,0.556640625,0.08843994140625,2,nan,nan
겆,U+AC86,0,0,1,1,0,0.1221923828125,0.6103515625,0.109130859375,2,nan,nan
겇,U+AC87,0,0,0,0,0,0.117431640625,0.6171875,0.12396240234375,5,nan,nan
겈,U+AC88,0,0,1,1,0,0.115478515625,0.5767822265625,0.109619140625,2,nan,nan
겉,U+AC89,0,0,1,1,0,0.147705078125,0.5703125,0.1278076171875,2,nan,nan
겊,U+AC8A,0,0,0,0,0,0.12530517578125,0.6796875,0.13787841796875,7,nan,nan
겋,U+AC8B,0,0,0,0,0,0.1190185546875,0.744140625,0.10333251953125,5,nan,nan
게,U+AC8C,0,0,0,0,0,0.105712890625,0.59619140625,0.105712890625,4,nan,nan
겍,U+AC8D,0,0,0,0,0,0.10980224609375,0.6075439453125,0.11639404296875,5,nan,nan
겎,U+AC8E,0,0,1,1,0,0.13671875,0.625,0.13214111328125,5,nan,nan
겏,U+AC8F,0,0,0,0,0,0.1346435546875,0.734375,0.135009765625,5,nan,nan
겐,U+AC90,0,0,0,0,0,0.12615966796875,0.6953125,0.12982177734375,8,nan,nan
겑,U+AC91,0,0,1,1,0,0.155029296875,0.744140625,0.15185546875,8,nan,nan
겒,U+AC92,0,0,1,1,0,0.15985107421875,0.6953125,0.1605224609375,9,nan,nan
겓,U+AC93,0,0,1,1,0,0.1346435546875,0.613037109375,0.130126953125,5,nan,nan
겔,U+AC94,0,0,0,0,0,0.161376953125,0.609375,0.143798828125,5,nan,nan
겕,U+AC95,0,0,0,0,0,0.14434814453125,0.6171875,0.1624755859375,7,nan,nan
겖,U+AC96,0,0,0,0,0,0.15130615234375,0.70538330078125,0.18011474609375,8,nan,nan
겗,U+AC97,0,0,0,0,0,0.15234375,0.6171875,0.17620849609375,7,nan,nan
겘,U+AC98,0,0,0,0,0,0.16778564453125,0.734375,0.16595458984375,6,nan,nan
겙,U+AC99,0,0,0,0,0,0.14691162109375,0.859375,0.16949462890625,13,nan,nan
겚,U+AC9A,0,0,1,1,0,0.14898681640625,0.734375,0.167236328125,7,nan,nan
겛,U+AC9B,0,0,0,0,0,0.18914794921875,0.6484375,0.16986083984375,9,nan,nan
겜,U+AC9C,0,0,0,0,0,0.14288330078125,0.855224609375,0.14990234375,6,nan,nan
겝,U+AC9D,0,0,0,0,0,0.13250732421875,0.54986572265625,0.12603759765625,3,nan,nan
겞,U+AC9E,0,0,0,0,0,0.1490478515625,0.7781982421875,0.154541015625,7,nan,nan
겟,U+AC9F,0,0,0,0,0,0.1427001953125,0.6456298828125,0.123779296875,3,nan,nan
겠,U+ACA0,0,0,0,0,0,0.149658203125,0.67437744140625,0.14141845703125,3,nan,nan
겡,U+ACA1,0,0,0,0,0,0.16119384765625,0.7109375,0.1217041015625,6,nan,nan
겢,U+ACA2,0,0,1,1,0,0.1444091796875,0.65625,0.139404296875,2,nan,nan
겣,U+ACA3,0,0,0,0,0,0.14044189453125,0.640625,0.139892578125,5,nan,nan
겤,U+ACA4,0,0,1,1,0,0.1124267578125,0.65887451171875,0.14056396484375,12,nan,nan
겥,U+ACA5,0,0,1,1,0,0.153564453125,0.76904296875,0.14776611328125,7,nan,nan
겦,U+ACA6,0,0,0,0,0,0.155517578125,0.671875,0.1534423828125,4,nan,nan
겧,U+ACA7,0,0,0,0,0,0.13702392578125,0.6015625,0.115234375,3,nan,nan
겨,U+ACA8,0,0,0,0,1,0.10223388671875,0.7921142578125,0.093994140625,2,25.641364354124732,0.9669133904624323
격,U+ACA9,0,0,0,0,0,0.11920166015625,0.65625,0.120361328125,4,nan,nan
겪,U+ACAA,0,0,1,1,0,0.1246337890625,0.703125,0.12579345703125,6,nan,nan
겫,U+ACAB,0,0,0,0,0,0.12841796875,0.6976318359375,0.12750244140625,3,nan,nan
견,U+ACAC,0,0,0,0,0,0.1041259765625,0.6640625,0.09942626953125,3,nan,nan
겭,U+ACAD,0,0,1,1,0,0.141845703125,0.73638916015625,0.13800048828125,3,nan,nan
겮,U+ACAE,0,0,1,1,0,0.130615234375,0.7109375,0.1392822265625,5,nan,nan
겯,U+ACAF,0,0,1,1,0,0.11260986328125,0.734375,0.12530517578125,7,nan,nan
결,U+ACB0,0,0,0,0,0,0.1474609375,0.65625,0.14337158203125,5,nan,nan
겱,U+ACB1,0,0,0,0,0,0.14678955078125,0.6875,0.14825439453125,8,nan,nan
겲,U+ACB2,0,0,0,0,0,0.1549072265625,0.8046875,0.1571044921875,5,nan,nan
겳,U+ACB3,0,0,0,0,0,0.149658203125,0.6875,0.1639404296875,5,nan,nan
겴,U+ACB4,0,0,0,0,0,0.16156005859375,0.734375,0.15496826171875,3,nan,nan
겵,U+ACB5,0,0,0,0,0,0.15020751953125,0.765625,0.1640625,8,nan,nan
겶,U+ACB6,0,0,1,1,0,0.13421630859375,0.6796875,0.14593505859375,7,nan,nan
겷,U+ACB7,0,0,0,0,0,0.148681640625,0.65625,0.159423828125,5,nan,nan
겸,U+ACB8,0,0,0,0,0,0.126953125,0.65887451171875,0.1241455078125,4,nan,nan
겹,U+ACB9,0,0,0,0,0,0.13787841796875,0.6953125,0.12982177734375,4,nan,nan
겺,U+ACBA,0,0,0,0,0,0.130615234375,0.6953125,0.13677978515625,5,nan,nan
겻,U+ACBB,0,0,0,0,0,0.1236572265625,0.7906494140625,0.1146240234375,8,nan,nan
겼,U+ACBC,0,0,0,0,0,0.1390380859375,0.713134765625,0.129638671875,3,nan,nan
경,U+ACBD,0,0,0,0,0,0.1492919921875,0.703125,0.10125732421875,5,nan,nan
겾,U+ACBE,0,0,1,1,0,0.13128662109375,0.6640625,0.12481689453125,3,nan,nan
겿,U+ACBF,0,0,0,0,0,0.14495849609375,0.78125,0.139892578125,4,nan,nan
곀,U+ACC0,0,0,1,1,0,0.12939453125,0.71875,0.12396240234375,4,nan,nan
곁,U+ACC1,0,0,1,1,0,0.14373779296875,0.7459716796875,0.14923095703125,4,nan,nan
곂,U+ACC2,0,0,0,0,0,0.13531494140625,0.6953125,0.1396484375,5,nan,nan
곃,U+ACC3,0,0,0,0,0,0.133544921875,0.625,0.1295166015625,4,nan,nan
계,U+ACC4,0,0,0,0,0,0.10791015625,0.68084716796875,0.10992431640625,5,nan,nan
곅,U+ACC5,0,0,0,0,0,0.129638671875,0.703125,0.12835693359375,6,nan,nan
곆,U+ACC6,0,0,1,1,0,0.13800048828125,0.7421875,0.13641357421875,4,nan,nan
곇,U+ACC7,0,0,0,0,0,0.13555908203125,0.68988037109375,0.14471435546875,7,nan,nan
곈,U+ACC8,0,0,0,0,0,0.1416015625,0.7734375,0.14361572265625,10,nan,nan
곉,U+ACC9,0,0,1,1,0,0.15283203125,0.73638916015625,0.15557861328125,6,nan,nan
곊,U+ACCA,0,0,1,1,0,0.18292236328125,0.7109375,0.16949462890625,4,nan,nan
곋,U+ACCB,0,0,1,1,0,0.125244140625,0.6875,0.13543701171875,5,nan,nan
곌,U+ACCC,0,0,0,0,0,0.16961669921875,0.6953125,0.1669921875,4,nan,nan
곍,U+ACCD,0,0,0,0,0,0.14373779296875,0.703125,0.16094970703125,5,nan,nan
곎,U+ACCE,0,0,0,0,0,0.1656494140625,0.703125,0.18829345703125,5,nan,nan
곏,U+ACCF,0,0,0,0,0,0.1484375,0.6953125,0.17486572265625,12,nan,nan
곐,U+ACD0,0,0,0,0,0,0.14227294921875,0.7890625,0.15447998046875,10,nan,nan
곑,U+ACD1,0,0,0,0,0,0.13629150390625,0.7109375,0.16607666015625,9,nan,nan
곒,U+ACD2,0,0,1,1,0,0.16522216796875,0.7265625,0.17901611328125,6,nan,nan
곓,U+ACD3,0,0,0,0,0,0.18841552734375,0.7109375,0.18487548828125,6,nan,nan
곔,U+ACD4,0,0,0,0,0,0.12908935546875,0.66375732421875,0.1353759765625,5,nan,nan
곕,U+ACD5,0,0,0,0,0,0.14825439453125,0.6875,0.15716552734375,3,nan,nan
곖,U+ACD6,0,0,0,0,0,0.15155029296875,0.6953125,0.15875244140625,5,nan,nan
곗,U+ACD7,0,0,0,0,0,0.13385009765625,0.6976318359375,0.13568115234375,5,nan,nan
곘,U+ACD8,0,0,0,0,0,0.15533447265625,0.71875,0.14642333984375,7,nan,nan
곙,U+ACD9,0,0,0,0,0,0.15826416015625,0.65625,0.11761474609375,3,nan,nan
곚,U+ACDA,0,0,1,1,0,0.135986328125,0.7109375,0.13922119140625,4,nan,nan
곛,U+ACDB,0,0,0,0,0,0.13629150390625,0.70751953125,0.1488037109375,6,nan,nan
곜,U+ACDC,0,0,1,1,0,0.13946533203125,0.68212890625,0.1485595703125,4,nan,nan
곝,U+ACDD,0,0,1,1,0,0.1463623046875,0.6875,0.14605712890625,5,nan,nan
곞,U+ACDE,0,0,0,0,0,0.1591796875,0.765625,0.15966796875,10,nan,nan
곟,U+ACDF,0,0,0,0,0,0.15277099609375,0.6796875,0.142333984375,9,nan,nan
고,U+ACE0,0,0,0,0,0,0.1031494140625,0.55029296875,0.079833984375,2,nan,nan
곡,U+ACE1,0,0,0,0,0,0.09405517578125,0.722900390625,0.10302734375,6,nan,nan
곢,U+ACE2,0,0,1,1,0,0.1224365234375,0.8843994140625,0.1357421875,6,nan,nan
곣,U+ACE3,0,0,0,0,0,0.13201904296875,0.74462890625,0.1300048828125,6,nan,nan
곤,U+ACE4,0,0,0,0,0,0.11016845703125,0.765625,0.10308837890625,4,nan,nan
곥,U+ACE5,0,0,1,1,0,0.1590576171875,0.775146484375,0.14501953125,8,nan,nan
곦,U+ACE6,0,0,1,1,0,0.17437744140625,0.87738037109375,0.1588134765625,9,nan,nan
곧,U+ACE7,0,0,1,1,0,0.125732421875,0.7890625,0.1298828125,5,nan,nan
골,U+ACE8,0,0,0,0,0,0.13568115234375,0.890625,0.167236328125,15,nan,nan
곩,U+ACE9,0,0,0,0,0,0.158935546875,0.890625,0.17144775390625,8,nan,nan
곪,U+ACEA,0,0,0,0,1,0.1512451171875,0.89141845703125,0.17315673828125,9,11.990310195427355,0.7476779037504121
곫,U+ACEB,0,0,0,0,0,0.16314697265625,0.899169921875,0.17706298828125,9,nan,nan
곬,U+ACEC,0,0,0,0,1,0.16656494140625,0.7890625,0.1641845703125,5,17.582164249635653,0.8872848867332959
곭,U+ACED,0,0,0,0,0,0.14617919921875,0.8671875,0.1641845703125,10,nan,nan
곮,U+ACEE,0,0,1,1,0,0.1705322265625,0.8671875,0.172607421875,9,nan,nan
곯,U+ACEF,0,0,0,0,1,0.189208984375,0.8359375,0.1746826171875,4,14.712726009985658,0.8334792491193844
곰,U+ACF0,0,0,0,0,0,0.12872314453125,0.77056884765625,0.128173828125,3,nan,nan
곱,U+ACF1,0,0,0,0,0,0.153076171875,0.7781982421875,0.14276123046875,6,nan,nan
곲,U+ACF2,0,0,0,0,0,0.1376953125,0.720703125,0.14068603515625,6,nan,nan
곳,U+ACF3,0,0,0,0,0,0.119384765625,0.729736328125,0.10650634765625,3,nan,nan
곴,U+ACF4,0,0,0,0,0,0.129150390625,0.7371826171875,0.118896484375,3,nan,nan
공,U+ACF5,0,0,0,0,0,0.10369873046875,0.5855712890625,0.0870361328125,4,nan,nan
곶,U+ACF6,0,0,1,1,0,0.14691162109375,0.779541015625,0.1358642578125,4,nan,nan
곷,U+ACF7,0,0,0,0,0,0.12066650390625,0.6484375,0.1265869140625,6,nan,nan
곸,U+ACF8,0,0,1,1,0,0.12579345703125,0.7357177734375,0.13812255859375,6,nan,nan
곹,U+ACF9,0,0,1,1,0,0.15045166015625,0.823974609375,0.1561279296875,5,nan,nan
곺,U+ACFA,0,0,0,0,0,0.15478515625,0.7056884765625,0.14056396484375,5,nan,nan
곻,U+ACFB,0,0,0,0,0,0.12945556640625,0.71875,0.1195068359375,8,nan,nan
과,U+ACFC,0,0,0,0,0,0.10400390625,0.6405029296875,0.10809326171875,4,nan,nan
곽,U+ACFD,0,0,0,0,0,0.11260986328125,0.72021484375,0.11566162109375,4,nan,nan
곾,U+ACFE,0,0,1,1,0,0.10333251953125,0.6646728515625,0.12298583984375,6,nan,nan
곿,U+ACFF,0,0,0,0,0,0.1370849609375,0.762939453125,0.13909912109375,5,nan,nan
관,U+AD00,0,0,0,0,0,0.1123046875,0.66412353515625,0.1162109375,4,nan,nan
괁,U+AD01,0,0,1,1,0,0.1356201171875,0.6627197265625,0.13671875,5,nan,nan
괂,U+AD02,0,0,1,1,0,0.14556884765625,0.7734375,0.1500244140625,5,nan,nan
괃,U+AD03,0,0,1,1,0,0.13201904296875,0.705810546875,0.129150390625,4,nan,nan
괄,U+AD04,0,0,0,0,0,0.13446044921875,0.72479248046875,0.1405029296875,5,nan,nan
괅,U+AD05,0,0,0,0,0,0.143798828125,0.7357177734375,0.15582275390625,5,nan,nan
괆,U+AD06,0,0,0,0,0,0.1668701171875,0.7459716796875,0.18072509765625,4,nan,nan
괇,U+AD07,0,0,0,0,0,0.166748046875,0.7613525390625,0.1722412109375,5,nan,nan
괈,U+AD08,0,0,0,0,0,0.16351318359375,0.7734375,0.16259765625,4,nan,nan
괉,U+AD09,0,0,0,0,0,0.1546630859375,0.71484375,0.172607421875,5,nan,nan
괊,U+AD0A,0,0,1,1,0,0.15606689453125,0.71484375,0.16973876953125,5,nan,nan
괋,U+AD0B,0,0,0,0,0,0.183837890625,0.7578125,0.1739501953125,4,nan,nan
괌,U+AD0C,0,0,0,0,0,0.13165283203125,0.69488525390625,0.13824462890625,4,nan,nan
괍,U+AD0D,0,0,0,0,0,0.12994384765625,0.69140625,0.1339111328125,4,nan,nan
괎,U+AD0E,0,0,0,0,0,0.141357421875,0.7520751953125,0.154052734375,4,nan,nan
괏,U+AD0F,0,0,0,0,0,0.12188720703125,0.66900634765625,0.11346435546875,4,nan,nan
괐,U+AD10,0,0,0,0,0,0.1490478515625,0.7781982421875,0.13653564453125,6,nan,nan
광,U+AD11,0,0,0,0,0,0.14208984375,0.7613525390625,0.11962890625,5,nan,nan
괒,U+AD12,0,0,1,1,0,0.1346435546875,0.69818115234375,0.12847900390625,4,nan,nan
괓,U+AD13,0,0,0,0,0,0.15179443359375,0.78076171875,0.15118408203125,4,nan,nan
괔,U+AD14,0,0,1,1,0,0.13360595703125,0.7171630859375,0.1287841796875,5,nan,nan
괕,U+AD15,0,0,1,1,0,0.1370849609375,0.68316650390625,0.14031982421875,4,nan,nan
괖,U+AD16,0,0,0,0,0,0.14263916015625,0.73114013671875,0.1446533203125,6,nan,nan
괗,U+AD17,0,0,0,0,0,0.14239501953125,0.7286376953125,0.12945556640625,6,nan,nan
괘,U+AD18,0,0,0,0,0,0.12274169921875,0.53955078125,0.12164306640625,3,nan,nan
괙,U+AD19,0,0,0,0,0,0.1260986328125,0.628173828125,0.14544677734375,5,nan,nan
괚,U+AD1A,0,0,1,1,0,0.13525390625,0.7669677734375,0.1533203125,7,nan,nan
괛,U+AD1B,0,0,0,0,0,0.1527099609375,0.64251708984375,0.149658203125,4,nan,nan
괜,U+AD1C,0,0,0,0,0,0.14068603515625,0.66650390625,0.14190673828125,4,nan,nan
괝,U+AD1D,0,0,1,1,0,0.15716552734375,0.70751953125,0.17913818359375,6,nan,nan
괞,U+AD1E,0,0,1,1,0,0.17095947265625,0.7265625,0.1787109375,6,nan,nan
괟,U+AD1F,0,0,1,1,0,0.14630126953125,0.5859375,0.1513671875,6,nan,nan
괠,U+AD20,0,0,0,0,0,0.15631103515625,0.5859375,0.16424560546875,5,nan,nan
괡,U+AD21,0,0,0,0,0,0.1575927734375,0.61798095703125,0.17108154296875,7,nan,nan
괢,U+AD22,0,0,0,0,0,0.1737060546875,0.640625,0.19073486328125,5,nan,nan
괣,U+AD23,0,0,0,0,0,0.149169921875,0.68505859375,0.1915283203125,4,nan,nan
괤,U+AD24,0,0,0,0,0,0.15570068359375,0.6953125,0.17620849609375,7,nan,nan
괥,U+AD25,0,0,0,0,0,0.16326904296875,0.6591796875,0.19244384765625,6,nan,nan
괦,U+AD26,0,0,1,1,0,0.14739990234375,0.701904296875,0.19189453125,4,nan,nan
괧,U+AD27,0,0,0,0,0,0.19512939453125,0.7056884765625,0.20556640625,8,nan,nan
괨,U+AD28,0,0,0,0,0,0.141357421875,0.63812255859375,0.15740966796875,4,nan,nan
괩,U+AD29,0,0,0,0,0,0.1368408203125,0.630615234375,0.1513671875,5,nan,nan
괪,U+AD2A,0,0,0,0,0,0.1435546875,0.66650390625,0.15887451171875,6,nan,nan
괫,U+AD2B,0,0,0,0,0,0.1287841796875,0.6351318359375,0.13751220703125,5,nan,nan
괬,U+AD2C,0,0,0,0,0,0.1529541015625,0.70538330078125,0.15411376953125,5,nan,nan
괭,U+AD2D,0,0,0,0,0,0.16357421875,0.6640625,0.13330078125,4,nan,nan
괮,U+AD2E,0,0,1,1,0,0.1396484375,0.6329345703125,0.148681640625,3,nan,nan
괯,U+AD2F,0,0,0,0,0,0.1439208984375,0.6640625,0.15576171875,5,nan,nan
괰,U+AD30,0,0,1,1,0,0.13519287109375,0.640625,0.15087890625,8,nan,nan
괱,U+AD31,0,0,1,1,0,0.1494140625,0.630615234375,0.1585693359375,7,nan,nan
괲,U+AD32,0,0,0,0,0,0.15777587890625,0.68115234375,0.1712646484375,4,nan,nan
괳,U+AD33,0,0,0,0,0,0.14459228515625,0.671875,0.14459228515625,6,nan,nan
괴,U+AD34,0,0,0,0,0,0.10601806640625,0.4854736328125,0.09783935546875,4,nan,nan
괵,U+AD35,0,0,0,0,0,0.11480712890625,0.5859375,0.1146240234375,4,nan,nan
괶,U+AD36,0,0,1,1,0,0.13909912109375,0.6328125,0.13543701171875,5,nan,nan
괷,U+AD37,0,0,0,0,0,0.12237548828125,0.65887451171875,0.13134765625,7,nan,nan
괸,U+AD38,0,0,0,0,0,0.1043701171875,0.58447265625,0.1190185546875,3,nan,nan
괹,U+AD39,0,0,1,1,0,0.1513671875,0.7578125,0.15313720703125,5,nan,nan
괺,U+AD3A,0,0,1,1,0,0.14703369140625,0.6328125,0.1541748046875,7,nan,nan
괻,U+AD3B,0,0,1,1,0,0.12615966796875,0.58343505859375,0.12921142578125,4,nan,nan
괼,U+AD3C,0,0,0,0,0,0.12628173828125,0.5537109375,0.133544921875,5,nan,nan
괽,U+AD3D,0,0,0,0,0,0.14117431640625,0.6640625,0.16131591796875,5,nan,nan
괾,U+AD3E,0,0,0,0,0,0.1536865234375,0.6456298828125,0.16937255859375,7,nan,nan
괿,U+AD3F,0,0,0,0,0,0.1441650390625,0.6666259765625,0.16412353515625,5,nan,nan
굀,U+AD40,0,0,0,0,0,0.15325927734375,0.7265625,0.15679931640625,6,nan,nan
굁,U+AD41,0,0,0,0,0,0.15673828125,0.68212890625,0.17315673828125,4,nan,nan
굂,U+AD42,0,0,1,1,0,0.15643310546875,0.6866455078125,0.16729736328125,5,nan,nan
굃,U+AD43,0,0,0,0,0,0.1646728515625,0.7265625,0.17291259765625,7,nan,nan
굄,U+AD44,0,0,0,0,0,0.136474609375,0.5584716796875,0.1278076171875,4,nan,nan
굅,U+AD45,0,0,0,0,0,0.131103515625,0.552490234375,0.13214111328125,4,nan,nan
굆,U+AD46,0,0,0,0,0,0.13690185546875,0.6976318359375,0.1463623046875,5,nan,nan
굇,U+AD47,0,0,0,0,0,0.1231689453125,0.6328125,0.116943359375,4,nan,nan
굈,U+AD48,0,0,0,0,0,0.12713623046875,0.6796875,0.13037109375,6,nan,nan
굉,U+AD49,0,0,0,0,0,0.143310546875,0.599853515625,0.1104736328125,4,nan,nan
굊,U+AD4A,0,0,1,1,0,0.1234130859375,0.609375,0.1221923828125,4,nan,nan
굋,U+AD4B,0,0,0,0,0,0.133544921875,0.64337158203125,0.14300537109375,9,nan,nan
굌,U+AD4C,0,0,1,1,0,0.11334228515625,0.5645751953125,0.12451171875,7,nan,nan
굍,U+AD4D,0,0,1,1,0,0.150146484375,0.578125,0.137451171875,4,nan,nan
굎,U+AD4E,0,0,0,0,0,0.15130615234375,0.6953125,0.14862060546875,6,nan,nan
굏,U+AD4F,0,0,0,0,0,0.1312255859375,0.59375,0.11737060546875,6,nan,nan
교,U+AD50,0,0,0,0,0,0.09661865234375,0.4669189453125,0.10235595703125,4,nan,nan
굑,U+AD51,0,0,0,0,0,0.09332275390625,0.615234375,0.10546875,5,nan,nan
굒,U+AD52,0,0,1,1,0,0.1197509765625,0.7657470703125,0.13336181640625,3,nan,nan
굓,U+AD53,0,0,0,0,0,0.12738037109375,0.68316650390625,0.1314697265625,4,nan,nan
굔,U+AD54,0,0,0,0,0,0.0963134765625,0.640869140625,0.109619140625,3,nan,nan
굕,U+AD55,0,0,1,1,0,0.13092041015625,0.7073974609375,0.14532470703125,3,nan,nan
굖,U+AD56,0,0,1,1,0,0.1126708984375,0.7767333984375,0.14996337890625,8,nan,nan
굗,U+AD57,0,0,1,1,0,0.13323974609375,0.615234375,0.13824462890625,6,nan,nan
굘,U+AD58,0,0,0,0,0,0.128662109375,0.6796875,0.1453857421875,4,nan,nan
굙,U+AD59,0,0,0,0,0,0.1466064453125,0.875,0.17889404296875,11,nan,nan
굚,U+AD5A,0,0,0,0,0,0.168701171875,0.8125,0.19073486328125,6,nan,nan
굛,U+AD5B,0,0,0,0,0,0.14447021484375,0.75531005859375,0.17718505859375,7,nan,nan
굜,U+AD5C,0,0,0,0,0,0.14935302734375,0.7596435546875,0.165771484375,3,nan,nan
굝,U+AD5D,0,0,0,0,0,0.137939453125,0.79345703125,0.16888427734375,4,nan,nan
굞,U+AD5E,0,0,1,1,0,0.1510009765625,0.74169921875,0.177734375,6,nan,nan
굟,U+AD5F,0,0,0,0,0,0.17889404296875,0.9146728515625,0.19232177734375,9,nan,nan
굠,U+AD60,0,0,0,0,0,0.10321044921875,0.6055908203125,0.12225341796875,3,nan,nan
굡,U+AD61,0,0,0,0,0,0.11700439453125,0.62548828125,0.1259765625,4,nan,nan
굢,U+AD62,0,0,0,0,0,0.129638671875,0.71142578125,0.14630126953125,4,nan,nan
굣,U+AD63,0,0,0,0,0,0.12579345703125,0.70751953125,0.11712646484375,3,nan,nan
굤,U+AD64,0,0,0,0,0,0.1331787109375,0.7371826171875,0.13446044921875,4,nan,nan
굥,U+AD65,0,0,0,0,0,0.10833740234375,0.5545654296875,0.10479736328125,3,nan,nan
굦,U+AD66,0,0,1,1,0,0.12139892578125,0.688720703125,0.12481689453125,7,nan,nan
굧,U+AD67,0,0,0,0,0,0.1015625,0.7109375,0.1187744140625,10,nan,nan
굨,U+AD68,0,0,1,1,0,0.10089111328125,0.640625,0.125,7,nan,nan
굩,U+AD69,0,0,1,1,0,0.13922119140625,0.6484375,0.133056640625,3,nan,nan
굪,U+AD6A,0,0,0,0,0,0.16778564453125,0.7357177734375,0.158935546875,3,nan,nan
굫,U+AD6B,0,0,0,0,0,0.12109375,0.7265625,0.13421630859375,9,nan,nan
구,U+AD6C,0,0,0,0,0,0.0765380859375,0.53955078125,0.067138671875,2,nan,nan
국,U+AD6D,0,0,0,0,0,0.07672119140625,0.5673828125,0.08270263671875,2,nan,nan
굮,U+AD6E,0,0,1,1,0,0.09747314453125,0.599853515625,0.09747314453125,5,nan,nan
굯,U+AD6F,0,0,0,0,0,0.1220703125,0.570556640625,0.11993408203125,3,nan,nan
군,U+AD70,0,0,0,0,0,0.1064453125,0.74462890625,0.1063232421875,3,nan,nan
굱,U+AD71,0,0,1,1,0,0.11419677734375,0.65625,0.118408203125,6,nan,nan
굲,U+AD72,0,0,1,1,0,0.1416015625,0.7532958984375,0.1456298828125,6,nan,nan
굳,U+AD73,0,0,1,1,0,0.1116943359375,0.734130859375,0.117431640625,3,nan,nan
굴,U+AD74,0,0,0,0,0,0.127197265625,0.6666259765625,0.13616943359375,7,nan,nan
굵,U+AD75,0,0,0,0,0,0.15277099609375,0.80108642578125,0.177734375,11,nan,nan
굶,U+AD76,0,0,0,0,0,0.1644287109375,0.720703125,0.17236328125,4,nan,nan
굷,U+AD77,0,0,0,0,0,0.1561279296875,0.77197265625,0.17926025390625,5,nan,nan
굸,U+AD78,0,0,0,0,0,0.1439208984375,0.703857421875,0.14752197265625,5,nan,nan
굹,U+AD79,0,0,0,0,0,0.14654541015625,0.673583984375,0.16912841796875,8,nan,nan
굺,U+AD7A,0,0,1,1,0,0.165283203125,0.72479248046875,0.177978515625,5,nan,nan
굻,U+AD7B,0,0,0,0,0,0.18402099609375,0.823974609375,0.177490234375,11,nan,nan
굼,U+AD7C,0,0,0,0,0,0.092529296875,0.6192626953125,0.09783935546875,3,nan,nan
굽,U+AD7D,0,0,0,0,0,0.10992431640625,0.6180419921875,0.1181640625,5,nan,nan
굾,U+AD7E,0,0,0,0,0,0.1197509765625,0.70452880859375,0.12811279296875,4,nan,nan
굿,U+AD7F,0,0,0,0,0,0.0869140625,0.5189208984375,0.08197021484375,2,nan,nan
궀,U+AD80,0,0,0,0,0,0.1317138671875,0.7265625,0.1217041015625,3,nan,nan
궁,U+AD81,0,0,0,0,0,0.1112060546875,0.6192626953125,0.09295654296875,2,nan,nan
궂,U+AD82,0,0,1,1,0,0.11505126953125,0.5914306640625,0.10968017578125,3,nan,nan
궃,U+AD83,0,0,0,0,0,0.119384765625,0.57806396484375,0.11932373046875,5,nan,nan
궄,U+AD84,0,0,1,1,0,0.09283447265625,0.68682861328125,0.1029052734375,7,nan,nan
궅,U+AD85,0,0,1,1,0,0.13568115234375,0.610595703125,0.1337890625,3,nan,nan
궆,U+AD86,0,0,0,0,0,0.1424560546875,0.640380859375,0.14251708984375,3,nan,nan
궇,U+AD87,0,0,0,0,0,0.135986328125,0.701904296875,0.1236572265625,4,nan,nan
궈,U+AD88,0,0,0,0,0,0.107666015625,0.57275390625,0.10986328125,4,nan,nan
궉,U+AD89,0,0,0,0,0,0.12548828125,0.762939453125,0.129638671875,6,nan,nan
궊,U+AD8A,0,0,1,1,0,0.134033203125,0.6357421875,0.1341552734375,7,nan,nan
궋,U+AD8B,0,0,0,0,0,0.1395263671875,0.6875,0.14385986328125,5,nan,nan
권,U+AD8C,0,0,0,0,0,0.12933349609375,0.6953125,0.123291015625,6,nan,nan
궍,U+AD8D,0,0,1,1,0,0.15625,0.6796875,0.1580810546875,6,nan,nan
궎,U+AD8E,0,0,1,1,0,0.16015625,0.6328125,0.1551513671875,4,nan,nan
궏,U+AD8F,0,0,1,1,0,0.13800048828125,0.65087890625,0.13787841796875,4,nan,nan
궐,U+AD90,0,0,0,0,0,0.14794921875,0.671875,0.152587890625,5,nan,nan
궑,U+AD91,0,0,0,0,0,0.14947509765625,0.75189208984375,0.1710205078125,12,nan,nan
궒,U+AD92,0,0,0,0,0,0.142333984375,0.7421875,0.172119140625,11,nan,nan
궓,U+AD93,0,0,0,0,0,0.16015625,0.671875,0.18194580078125,8,nan,nan
궔,U+AD94,0,0,0,0,0,0.15435791015625,0.679443359375,0.16668701171875,7,nan,nan
궕,U+AD95,0,0,0,0,0,0.18035888671875,0.7286376953125,0.183837890625,6,nan,nan
궖,U+AD96,0,0,1,1,0,0.18145751953125,0.71875,0.1851806640625,7,nan,nan
궗,U+AD97,0,0,0,0,0,0.16278076171875,0.828125,0.1619873046875,13,nan,nan
궘,U+AD98,0,0,0,0,0,0.12860107421875,0.8125,0.14227294921875,5,nan,nan
궙,U+AD99,0,0,0,0,0,0.1446533203125,0.64337158203125,0.14666748046875,6,nan,nan
궚,U+AD9A,0,0,0,0,0,0.14044189453125,0.651123046875,0.15435791015625,5,nan,nan
궛,U+AD9B,0,0,0,0,0,0.12994384765625,0.58831787109375,0.12255859375,5,nan,nan
궜,U+AD9C,0,0,0,0,1,0.16033935546875,0.6796875,0.15087890625,5,22.91159024531481,0.9462826300178924
궝,U+AD9D,0,0,0,0,1,0.168212890625,0.6875,0.12481689453125,4,24.80573603967951,0.9530319419318237
궞,U+AD9E,0,0,1,1,0,0.13397216796875,0.640869140625,0.13958740234375,3,nan,nan
궟,U+AD9F,0,0,0,0,0,0.148681640625,0.6640625,0.154296875,9,nan,nan
궠,U+ADA0,0,0,1,1,0,0.160400390625,0.6356201171875,0.13983154296875,3,nan,nan
궡,U+ADA1,0,0,1,1,0,0.138427734375,0.6484375,0.15008544921875,6,nan,nan
궢,U+ADA2,0,0,0,0,0,0.1431884765625,0.78125,0.15155029296875,10,nan,nan
궣,U+ADA3,0,0,0,0,0,0.147216796875,0.640625,0.1298828125,6,nan,nan
궤,U+ADA4,0,0,0,0,0,0.1485595703125,0.665771484375,0.1322021484375,5,nan,nan
궥,U+ADA5,0,0,0,0,0,0.1383056640625,0.7578125,0.14447021484375,5,nan,nan
궦,U+ADA6,0,0,1,1,0,0.158447265625,0.75189208984375,0.16302490234375,7,nan,nan
궧,U+ADA7,0,0,0,0,0,0.15509033203125,0.7421875,0.16229248046875,10,nan,nan
궨,U+ADA8,0,0,0,0,0,0.171142578125,0.81390380859375,0.16571044921875,10,nan,nan
궩,U+ADA9,0,0,1,1,0,0.17327880859375,0.7578125,0.175537109375,6,nan,nan
궪,U+ADAA,0,0,1,1,0,0.17840576171875,0.73638916015625,0.1568603515625,7,nan,nan
궫,U+ADAB,0,0,1,1,0,0.16339111328125,0.75,0.156494140625,7,nan,nan
궬,U+ADAC,0,0,0,0,0,0.17254638671875,0.74169921875,0.1856689453125,6,nan,nan
궭,U+ADAD,0,0,0,0,0,0.16217041015625,0.7265625,0.17315673828125,10,nan,nan
궮,U+ADAE,0,0,0,0,0,0.171630859375,0.722900390625,0.18756103515625,9,nan,nan
궯,U+ADAF,0,0,0,0,0,0.16961669921875,0.7265625,0.18499755859375,7,nan,nan
궰,U+ADB0,0,0,0,0,0,0.16357421875,0.67437744140625,0.17327880859375,13,nan,nan
궱,U+ADB1,0,0,0,0,0,0.17633056640625,0.713134765625,0.1923828125,11,nan,nan
궲,U+ADB2,0,0,1,1,0,0.156982421875,0.734375,0.18438720703125,11,nan,nan
궳,U+ADB3,0,0,0,0,0,0.1947021484375,0.7578125,0.20074462890625,7,nan,nan
궴,U+ADB4,0,0,0,0,0,0.1796875,0.8125,0.18145751953125,6,nan,nan
궵,U+ADB5,0,0,0,0,0,0.15753173828125,0.78289794921875,0.1622314453125,11,nan,nan
궶,U+ADB6,0,0,0,0,0,0.155517578125,0.7421875,0.1717529296875,12,nan,nan
궷,U+ADB7,0,0,0,0,0,0.1458740234375,0.7073974609375,0.143310546875,6,nan,nan
궸,U+ADB8,0,0,0,0,0,0.1661376953125,0.765625,0.165771484375,7,nan,nan
궹,U+ADB9,0,0,0,0,0,0.186767578125,0.68212890625,0.14111328125,4,nan,nan
궺,U+ADBA,0,0,1,1,0,0.1640625,0.73638916015625,0.162353515625,6,nan,nan
궻,U+ADBB,0,0,0,0,0,0.13934326171875,0.8828125,0.16473388671875,13,nan,nan
궼,U+ADBC,0,0,1,1,0,0.1639404296875,0.765625,0.15557861328125,3,nan,nan
궽,U+ADBD,0,0,1,1,0,0.15289306640625,0.71875,0.153076171875,11,nan,nan
궾,U+ADBE,0,0,0,0,0,0.15771484375,0.7421875,0.16619873046875,4,nan,nan
궿,U+ADBF,0,0,0,0,0,0.1390380859375,0.765625,0.1585693359375,14,nan,nan
귀,U+ADC0,0,0,0,0,0,0.114990234375,0.59429931640625,0.10308837890625,4,nan,nan
귁,U+ADC1,0,0,0,0,0,0.11865234375,0.57379150390625,0.1109619140625,3,nan,nan
귂,U+ADC2,0,0,1,1,0,0.115966796875,0.6998291015625,0.1168212890625,6,nan,nan
귃,U+ADC3,0,0,0,0,0,0.11822509765625,0.66064453125,0.12451171875,6,nan,nan
귄,U+ADC4,0,0,0,0,0,0.1234130859375,0.66064453125,0.1162109375,3,nan,nan
귅,U+ADC5,0,0,1,1,0,0.13409423828125,0.6866455078125,0.13238525390625,6,nan,nan
귆,U+ADC6,0,0,1,1,0,0.1485595703125,0.640625,0.14111328125,6,nan,nan
귇,U+ADC7,0,0,1,1,0,0.1300048828125,0.58831787109375,0.13189697265625,5,nan,nan
귈,U+ADC8,0,0,0,0,0,0.1309814453125,0.62786865234375,0.142333984375,4,nan,nan
귉,U+ADC9,0,0,0,0,0,0.14776611328125,0.6640625,0.1585693359375,7,nan,nan
귊,U+ADCA,0,0,0,0,0,0.14776611328125,0.8203125,0.17218017578125,11,nan,nan
귋,U+ADCB,0,0,0,0,0,0.15576171875,0.6640625,0.1690673828125,6,nan,nan
귌,U+ADCC,0,0,0,0,0,0.13427734375,0.71875,0.1483154296875,10,nan,nan
귍,U+ADCD,0,0,0,0,0,0.1524658203125,0.6875,0.17022705078125,7,nan,nan
귎,U+ADCE,0,0,1,1,0,0.14678955078125,0.7890625,0.17095947265625,8,nan,nan
귏,U+ADCF,0,0,0,0,0,0.1668701171875,0.796875,0.1661376953125,9,nan,nan
귐,U+ADD0,0,0,0,0,0,0.13677978515625,0.5833740234375,0.1246337890625,4,nan,nan
귑,U+ADD1,0,0,0,0,0,0.1234130859375,0.5712890625,0.1260986328125,4,nan,nan
귒,U+ADD2,0,0,0,0,0,0.12255859375,0.671875,0.1328125,9,nan,nan
귓,U+ADD3,0,0,0,0,0,0.11639404296875,0.5615234375,0.10186767578125,3,nan,nan
귔,U+ADD4,0,0,0,0,0,0.138427734375,0.6796875,0.13323974609375,4,nan,nan
귕,U+ADD5,0,0,0,0,0,0.15045166015625,0.62060546875,0.11346435546875,3,nan,nan
귖,U+ADD6,0,0,1,1,0,0.1260986328125,0.61798095703125,0.12298583984375,4,nan,nan
귗,U+ADD7,0,0,0,0,0,0.12884521484375,0.651123046875,0.13836669921875,3,nan,nan
귘,U+ADD8,0,0,1,1,0,0.130859375,0.6075439453125,0.1295166015625,5,nan,nan
귙,U+ADD9,0,0,1,1,0,0.1375732421875,0.6201171875,0.14093017578125,6,nan,nan
귚,U+ADDA,0,0,0,0,0,0.14703369140625,0.6640625,0.14642333984375,5,nan,nan
귛,U+ADDB,0,0,0,0,0,0.1290283203125,0.703125,0.1175537109375,10,nan,nan
규,U+ADDC,0,0,0,0,0,0.0899658203125,0.58563232421875,0.08489990234375,2,nan,nan
귝,U+ADDD,0,0,0,0,0,0.1160888671875,0.6756591796875,0.11602783203125,4,nan,nan
귞,U+ADDE,0,0,1,1,0,0.13275146484375,0.688720703125,0.1322021484375,6,nan,nan
귟,U+ADDF,0,0,0,0,0,0.1348876953125,0.74462890625,0.13177490234375,5,nan,nan
균,U+ADE0,0,0,0,0,0,0.137939453125,0.8087158203125,0.12603759765625,3,nan,nan
귡,U+ADE1,0,0,1,1,0,0.12713623046875,0.6246337890625,0.1339111328125,6,nan,nan
귢,U+ADE2,0,0,1,1,0,0.1536865234375,0.80108642578125,0.162841796875,8,nan,nan
귣,U+ADE3,0,0,1,1,0,0.13592529296875,0.7578125,0.136962890625,4,nan,nan
귤,U+ADE4,0,0,0,0,1,0.16845703125,0.79840087890625,0.170166015625,3,23.54181574690699,0.9446278869953122
귥,U+ADE5,0,0,0,0,0,0.13568115234375,0.77056884765625,0.1522216796875,13,nan,nan
귦,U+ADE6,0,0,0,0,0,0.17327880859375,0.7906494140625,0.17987060546875,3,nan,nan
귧,U+ADE7,0,0,0,0,0,0.17486572265625,0.701904296875,0.1922607421875,7,nan,nan
귨,U+ADE8,0,0,0,0,0,0.1441650390625,0.749267578125,0.15936279296875,4,nan,nan
귩,U+ADE9,0,0,0,0,0,0.15789794921875,0.81634521484375,0.1866455078125,13,nan,nan
귪,U+ADEA,0,0,1,1,0,0.1702880859375,0.7657470703125,0.1824951171875,3,nan,nan
귫,U+ADEB,0,0,0,0,0,0.18017578125,0.7890625,0.1741943359375,3,nan,nan
귬,U+ADEC,0,0,0,0,0,0.13995361328125,0.7967529296875,0.13983154296875,3,nan,nan
귭,U+ADED,0,0,0,0,0,0.1455078125,0.7657470703125,0.15032958984375,5,nan,nan
귮,U+ADEE,0,0,0,0,0,0.14959716796875,0.78125,0.1529541015625,4,nan,nan
귯,U+ADEF,0,0,0,0,0,0.0992431640625,0.63720703125,0.10308837890625,4,nan,nan
귰,U+ADF0,0,0,0,0,0,0.15374755859375,0.7568359375,0.13885498046875,5,nan,nan
귱,U+ADF1,0,0,0,0,0,0.1094970703125,0.67205810546875,0.0992431640625,3,nan,nan
귲,U+ADF2,0,0,1,1,0,0.13568115234375,0.66064453125,0.13140869140625,3,nan,nan
귳,U+ADF3,0,0,0,0,0,0.13555908203125,0.643310546875,0.14306640625,5,nan,nan
귴,U+ADF4,0,0,1,1,0,0.13037109375,0.65087890625,0.1405029296875,10,nan,nan
귵,U+ADF5,0,0,1,1,0,0.16375732421875,0.79840087890625,0.16705322265625,2,nan,nan
귶,U+ADF6,0,0,0,0,0,0.16839599609375,0.75531005859375,0.1649169921875,3,nan,nan
귷,U+ADF7,0,0,0,0,0,0.161865234375,0.75,0.1346435546875,5,nan,nan
그,U+ADF8,0,0,0,0,0,0.068603515625,0.4356689453125,0.0634765625,2,nan,nan
극,U+ADF9,0,0,0,0,0,0.0782470703125,0.53192138671875,0.08447265625,3,nan,nan
귺,U+ADFA,0,0,1,1,0,0.1068115234375,0.60693359375,0.11090087890625,3,nan,nan
귻,U+ADFB,0,0,0,0,0,0.11004638671875,0.623291015625,0.104736328125,4,nan,nan
근,U+ADFC,0,0,0,0,0,0.09759521484375,0.630126953125,0.094970703125,3,nan,nan
귽,U+ADFD,0,0,1,1,0,0.11029052734375,0.56817626953125,0.1070556640625,4,nan,nan
귾,U+ADFE,0,0,1,1,0,0.13330078125,0.86279296875,0.156005859375,7,nan,nan
귿,U+ADFF,0,0,1,1,0,0.10772705078125,0.6121826171875,0.1036376953125,3,nan,nan
글,U+AE00,0,0,0,0,0,0.1334228515625,0.787109375,0.136474609375,9,nan,nan
긁,U+AE01,0,0,0,0,0,0.12054443359375,0.73358154296875,0.14117431640625,8,nan,nan
긂,U+AE02,0,0,0,0,0,0.14300537109375,0.90625,0.16571044921875,15,nan,nan
긃,U+AE03,0,0,0,0,0,0.14678955078125,0.840087890625,0.1661376953125,7,nan,nan
긄,U+AE04,0,0,0,0,0,0.14202880859375,0.819091796875,0.15435791015625,5,nan,nan
긅,U+AE05,0,0,0,0,0,0.1451416015625,0.6962890625,0.160888671875,10,nan,nan
긆,U+AE06,0,0,1,1,0,0.1563720703125,0.734130859375,0.166259765625,6,nan,nan
긇,U+AE07,0,0,0,0,0,0.17620849609375,0.8526611328125,0.18096923828125,8,nan,nan
금,U+AE08,0,0,0,0,0,0.10052490234375,0.59619140625,0.103515625,3,nan,nan
급,U+AE09,0,0,0,0,0,0.12030029296875,0.6904296875,0.117919921875,3,nan,nan
긊,U+AE0A,0,0,0,0,0,0.13232421875,0.7117919921875,0.13397216796875,4,nan,nan
긋,U+AE0B,0,0,0,0,0,0.0880126953125,0.5205078125,0.07806396484375,2,nan,nan
긌,U+AE0C,0,0,0,0,0,0.112548828125,0.57843017578125,0.10076904296875,4,nan,nan
긍,U+AE0D,0,0,0,0,0,0.08428955078125,0.59326171875,0.07818603515625,3,nan,nan
긎,U+AE0E,0,0,1,1,0,0.10162353515625,0.5419921875,0.09967041015625,2,nan,nan
긏,U+AE0F,0,0,0,0,0,0.1083984375,0.5859375,0.10614013671875,3,nan,nan
긐,U+AE10,0,0,1,1,0,0.10400390625,0.6015625,0.10845947265625,4,nan,nan
긑,U+AE11,0,0,1,1,0,0.12744140625,0.67547607421875,0.12286376953125,3,nan,nan
긒,U+AE12,0,0,0,0,0,0.13092041015625,0.60736083984375,0.11749267578125,3,nan,nan
긓,U+AE13,0,0,0,0,0,0.12738037109375,0.787109375,0.1199951171875,7,nan,nan
긔,U+AE14,0,0,0,0,0,0.10565185546875,0.556640625,0.09100341796875,3,nan,nan
긕,U+AE15,0,0,0,0,0,0.1068115234375,0.57220458984375,0.1038818359375,4,nan,nan
긖,U+AE16,0,0,1,1,0,0.11993408203125,0.6484375,0.1224365234375,5,nan,nan
긗,U+AE17,0,0,0,0,0,0.13067626953125,0.6875,0.13446044921875,4,nan,nan
긘,U+AE18,0,0,0,0,0,0.13128662109375,0.71142578125,0.11749267578125,3,nan,nan
긙,U+AE19,0,0,1,1,0,0.13568115234375,0.7265625,0.133544921875,4,nan,nan
긚,U+AE1A,0,0,1,1,0,0.1478271484375,0.8359375,0.1483154296875,9,nan,nan
긛,U+AE1B,0,0,1,1,0,0.11480712890625,0.55926513671875,0.1260986328125,3,nan,nan
긜,U+AE1C,0,0,0,0,0,0.14166259765625,0.784423828125,0.142578125,5,nan,nan
긝,U+AE1D,0,0,0,0,0,0.1329345703125,0.8046875,0.14385986328125,9,nan,nan
긞,U+AE1E,0,0,0,0,0,0.13079833984375,0.658447265625,0.1583251953125,9,nan,nan
긟,U+AE1F,0,0,0,0,0,0.13922119140625,0.6640625,0.15802001953125,4,nan,nan
긠,U+AE20,0,0,0,0,0,0.15020751953125,0.7265625,0.1524658203125,5,nan,nan
긡,U+AE21,0,0,0,0,0,0.13836669921875,0.828125,0.1578369140625,13,nan,nan
긢,U+AE22,0,0,1,1,0,0.14117431640625,0.688720703125,0.15753173828125,5,nan,nan
긣,U+AE23,0,0,0,0,0,0.171875,0.78125,0.16412353515625,7,nan,nan
긤,U+AE24,0,0,0,0,0,0.12066650390625,0.561279296875,0.12646484375,4,nan,nan
긥,U+AE25,0,0,0,0,0,0.11248779296875,0.59033203125,0.123779296875,4,nan,nan
긦,U+AE26,0,0,0,0,0,0.13153076171875,0.6767578125,0.13140869140625,7,nan,nan
긧,U+AE27,0,0,0,0,0,0.10565185546875,0.5921630859375,0.1063232421875,4,nan,nan
긨,U+AE28,0,0,0,0,0,0.12738037109375,0.6640625,0.124755859375,6,nan,nan
긩,U+AE29,0,0,0,0,0,0.12957763671875,0.6075439453125,0.11126708984375,3,nan,nan
긪,U+AE2A,0,0,1,1,0,0.1158447265625,0.640625,0.11663818359375,5,nan,nan
긫,U+AE2B,0,0,0,0,0,0.114501953125,0.64337158203125,0.13067626953125,6,nan,nan
긬,U+AE2C,0,0,1,1,0,0.13226318359375,0.5859375,0.1236572265625,4,nan,nan
긭,U+AE2D,0,0,1,1,0,0.13348388671875,0.76739501953125,0.1280517578125,8,nan,nan
긮,U+AE2E,0,0,0,0,0,0.16339111328125,0.6796875,0.15509033203125,4,nan,nan
긯,U+AE2F,0,0,0,0,0,0.14202880859375,0.6015625,0.10943603515625,5,nan,nan
기,U+AE30,0,0,0,0,1,0.0972900390625,0.578125,0.08843994140625,2,26.507664871170483,0.96871000657442
긱,U+AE31,0,0,0,0,0,0.0887451171875,0.5390625,0.0869140625,3,nan,nan
긲,U+AE32,0,0,1,1,0,0.103515625,0.609375,0.1038818359375,4,nan,nan
긳,U+AE33,0,0,0,0,0,0.11669921875,0.609375,0.10986328125,5,nan,nan
긴,U+AE34,0,0,0,0,0,0.12322998046875,0.6171875,0.09613037109375,3,nan,nan
긵,U+AE35,0,0,1,1,0,0.1214599609375,0.7265625,0.123291015625,4,nan,nan
긶,U+AE36,0,0,1,1,0,0.128662109375,0.609375,0.1312255859375,8,nan,nan
긷,U+AE37,0,0,1,1,0,0.10552978515625,0.567626953125,0.09454345703125,3,nan,nan
길,U+AE38,0,0,0,0,0,0.1163330078125,0.515625,0.11541748046875,5,nan,nan
긹,U+AE39,0,0,0,0,0,0.12408447265625,0.5555419921875,0.12835693359375,8,nan,nan
긺,U+AE3A,0,0,0,0,0,0.11114501953125,0.58135986328125,0.13238525390625,7,nan,nan
긻,U+AE3B,0,0,0,0,0,0.13153076171875,0.578125,0.15582275390625,5,nan,nan
긼,U+AE3C,0,0,0,0,0,0.12567138671875,0.6875,0.149169921875,15,nan,nan
긽,U+AE3D,0,0,0,0,0,0.1341552734375,0.6383056640625,0.15411376953125,9,nan,nan
긾,U+AE3E,0,0,1,1,0,0.14483642578125,0.6875,0.1573486328125,6,nan,nan
긿,U+AE3F,0,0,0,0,0,0.16827392578125,0.6953125,0.14923095703125,9,nan,nan
김,U+AE40,0,0,0,0,0,0.1123046875,0.567626953125,0.10284423828125,3,nan,nan
깁,U+AE41,0,0,0,0,0,0.10101318359375,0.5546875,0.100341796875,3,nan,nan
깂,U+AE42,0,0,0,0,0,0.12615966796875,0.6328125,0.120849609375,3,nan,nan
깃,U+AE43,0,0,0,0,0,0.111328125,0.5645751953125,0.09918212890625,4,nan,nan
깄,U+AE44,0,0,0,0,0,0.12249755859375,0.6484375,0.109619140625,2,nan,nan
깅,U+AE45,0,0,0,0,0,0.10479736328125,0.4844970703125,0.08746337890625,5,nan,nan
깆,U+AE46,0,0,1,1,0,0.1029052734375,0.59686279296875,0.102783203125,7,nan,nan
깇,U+AE47,0,0,0,0,0,0.09075927734375,0.58135986328125,0.108642578125,9,nan,nan
깈,U+AE48,0,0,1,1,0,0.10888671875,0.4921875,0.10369873046875,4,nan,nan
깉,U+AE49,0,0,1,1,0,0.1220703125,0.53485107421875,0.1243896484375,4,nan,nan
깊,U+AE4A,0,0,0,0,0,0.12982177734375,0.718994140625,0.12994384765625,4,nan,nan
깋,U+AE4B,0,0,0,0,0,0.119384765625,0.5390625,0.09759521484375,4,nan,nan
까,U+AE4C,0,0,0,0,0,0.09710693359375,0.6915283203125,0.09735107421875,7,nan,nan
깍,U+AE4D,0,0,0,0,0,0.10089111328125,0.65087890625,0.1002197265625,5,nan,nan
깎,U+AE4E,0,0,1,1,0,0.1260986328125,0.7109375,0.12591552734375,4,nan,nan
깏,U+AE4F,0,0,0,0,0,0.1268310546875,0.6866455078125,0.12689208984375,5,nan,nan
깐,U+AE50,0,0,0,0,0,0.10284423828125,0.77197265625,0.11090087890625,6,nan,nan
깑,U+AE51,0,0,1,1,0,0.11663818359375,0.734375,0.12286376953125,4,nan,nan
깒,U+AE52,0,0,1,1,0,0.12493896484375,0.765625,0.1368408203125,7,nan,nan
깓,U+AE53,0,0,1,1,0,0.120361328125,0.6962890625,0.114990234375,5,nan,nan
깔,U+AE54,0,0,0,0,1,0.15350341796875,0.7286376953125,0.15966796875,3,23.05664880604604,0.9468156059628929
깕,U+AE55,0,0,0,0,0,0.1439208984375,0.7734375,0.1534423828125,8,nan,nan
깖,U+AE56,0,0,0,0,0,0.136962890625,0.75,0.15203857421875,6,nan,nan
깗,U+AE57,0,0,0,0,0,0.15478515625,0.765625,0.16558837890625,5,nan,nan
깘,U+AE58,0,0,0,0,0,0.143798828125,0.75,0.15313720703125,5,nan,nan
깙,U+AE59,0,0,0,0,0,0.1414794921875,0.7734375,0.1600341796875,6,nan,nan
깚,U+AE5A,0,0,1,1,0,0.15478515625,0.7578125,0.1627197265625,5,nan,nan
깛,U+AE5B,0,0,0,0,0,0.15338134765625,0.7734375,0.1583251953125,9,nan,nan
깜,U+AE5C,0,0,0,0,0,0.12139892578125,0.700927734375,0.1192626953125,3,nan,nan
깝,U+AE5D,0,0,0,0,0,0.12896728515625,0.753662109375,0.13671875,2,nan,nan
깞,U+AE5E,0,0,0,0,0,0.1373291015625,0.7578125,0.14447021484375,7,nan,nan
깟,U+AE5F,0,0,0,0,0,0.110595703125,0.6827392578125,0.11041259765625,7,nan,nan
깠,U+AE60,0,0,0,0,0,0.14532470703125,0.7734375,0.1341552734375,4,nan,nan
깡,U+AE61,0,0,0,0,1,0.1348876953125,0.74169921875,0.1058349609375,5,8.27015770015094,0.5213999340975403
깢,U+AE62,0,0,1,1,0,0.12164306640625,0.71319580078125,0.12762451171875,4,nan,nan
깣,U+AE63,0,0,0,0,0,0.13214111328125,0.72479248046875,0.1380615234375,3,nan,nan
깤,U+AE64,0,0,1,1,0,0.1153564453125,0.744140625,0.12274169921875,6,nan,nan
깥,U+AE65,0,0,1,1,0,0.1339111328125,0.7265625,0.14117431640625,5,nan,nan
깦,U+AE66,0,0,0,0,0,0.11993408203125,0.775146484375,0.13519287109375,6,nan,nan
깧,U+AE67,0,0,0,0,0,0.14288330078125,0.7578125,0.126953125,4,nan,nan
깨,U+AE68,0,0,0,0,0,0.10931396484375,0.4671630859375,0.09637451171875,2,nan,nan
깩,U+AE69,0,0,0,0,0,0.1435546875,0.7222900390625,0.129150390625,3,nan,nan
깪,U+AE6A,0,0,1,1,0,0.14031982421875,0.7371826171875,0.14483642578125,5,nan,nan
깫,U+AE6B,0,0,0,0,0,0.141845703125,0.6962890625,0.14739990234375,7,nan,nan
깬,U+AE6C,0,0,0,0,0,0.15350341796875,0.677001953125,0.13958740234375,3,nan,nan
깭,U+AE6D,0,0,1,1,0,0.15667724609375,0.6925048828125,0.1533203125,6,nan,nan
깮,U+AE6E,0,0,1,1,0,0.14971923828125,0.6953125,0.15374755859375,9,nan,nan
깯,U+AE6F,0,0,1,1,0,0.1337890625,0.623046875,0.1331787109375,4,nan,nan
깰,U+AE70,0,0,0,0,0,0.1646728515625,0.70751953125,0.15924072265625,4,nan,nan
깱,U+AE71,0,0,0,0,0,0.16162109375,0.7265625,0.1671142578125,6,nan,nan
깲,U+AE72,0,0,0,0,0,0.1475830078125,0.6875,0.17169189453125,7,nan,nan
깳,U+AE73,0,0,0,0,0,0.1534423828125,0.703125,0.17340087890625,5,nan,nan
깴,U+AE74,0,0,0,0,0,0.1556396484375,0.69427490234375,0.15936279296875,5,nan,nan
깵,U+AE75,0,0,0,0,0,0.16021728515625,0.69427490234375,0.175048828125,6,nan,nan
깶,U+AE76,0,0,1,1,0,0.1748046875,0.7265625,0.17926025390625,6,nan,nan
깷,U+AE77,0,0,0,0,0,0.15716552734375,0.7171630859375,0.1763916015625,7,nan,nan
깸,U+AE78,0,0,0,0,0,0.14208984375,0.62127685546875,0.142333984375,3,nan,nan
깹,U+AE79,0,0,0,0,0,0.1624755859375,0.701904296875,0.1497802734375,2,nan,nan
깺,U+AE7A,0,0,0,0,0,0.1363525390625,0.65728759765625,0.151611328125,5,nan,nan
깻,U+AE7B,0,0,0,0,0,0.12884521484375,0.599853515625,0.130859375,3,nan,nan
깼,U+AE7C,0,0,0,0,0,0.16998291015625,0.71319580078125,0.15087890625,2,nan,nan
깽,U+AE7D,0,0,0,0,0,0.1451416015625,0.630615234375,0.1163330078125,4,nan,nan
깾,U+AE7E,0,0,1,1,0,0.13946533203125,0.6976318359375,0.14410400390625,4,nan,nan
깿,U+AE7F,0,0,0,0,0,0.14080810546875,0.673583984375,0.1417236328125,4,nan,nan
꺀,U+AE80,0,0,1,1,0,0.15191650390625,0.71875,0.14715576171875,5,nan,nan
꺁,U+AE81,0,0,1,1,0,0.15472412109375,0.6536865234375,0.15704345703125,5,nan,nan
꺂,U+AE82,0,0,0,0,0,0.15692138671875,0.6712646484375,0.14849853515625,3,nan,nan
꺃,U+AE83,0,0,0,0,0,0.1402587890625,0.66375732421875,0.13336181640625,4,nan,nan
꺄,U+AE84,0,0,0,0,0,0.10760498046875,0.591796875,0.10162353515625,2,nan,nan
꺅,U+AE85,0,0,0,0,0,0.11761474609375,0.732421875,0.11981201171875,3,nan,nan
꺆,U+AE86,0,0,1,1,0,0.13543701171875,0.732421875,0.1326904296875,7,nan,nan
꺇,U+AE87,0,0,0,0,0,0.13214111328125,0.708984375,0.13372802734375,4,nan,nan
꺈,U+AE88,0,0,0,0,0,0.12750244140625,0.77783203125,0.12884521484375,4,nan,nan
꺉,U+AE89,0,0,1,1,0,0.13592529296875,0.6878662109375,0.13470458984375,5,nan,nan
꺊,U+AE8A,0,0,1,1,0,0.164794921875,0.7767333984375,0.14605712890625,6,nan,nan
꺋,U+AE8B,0,0,1,1,0,0.1287841796875,0.7532958984375,0.130615234375,4,nan,nan
꺌,U+AE8C,0,0,0,0,0,0.15869140625,0.734375,0.148193359375,7,nan,nan
꺍,U+AE8D,0,0,0,0,0,0.1500244140625,0.75,0.1524658203125,7,nan,nan
꺎,U+AE8E,0,0,0,0,0,0.143310546875,0.69818115234375,0.15618896484375,4,nan,nan
꺏,U+AE8F,0,0,0,0,0,0.159423828125,0.75,0.17120361328125,5,nan,nan
꺐,U+AE90,0,0,0,0,0,0.162109375,0.703125,0.14697265625,4,nan,nan
꺑,U+AE91,0,0,0,0,0,0.13140869140625,0.75,0.14654541015625,6,nan,nan
꺒,U+AE92,0,0,1,1,0,0.14727783203125,0.75,0.150146484375,8,nan,nan
꺓,U+AE93,0,0,0,0,0,0.14654541015625,0.70751953125,0.15277099609375,7,nan,nan
꺔,U+AE94,0,0,0,0,0,0.14349365234375,0.734619140625,0.13385009765625,3,nan,nan
꺕,U+AE95,0,0,0,0,0,0.13421630859375,0.7532958984375,0.1336669921875,4,nan,nan
꺖,U+AE96,0,0,0,0,0,0.14056396484375,0.68115234375,0.144775390625,5,nan,nan
꺗,U+AE97,0,0,0,0,0,0.12451171875,0.83056640625,0.13336181640625,7,nan,nan
꺘,U+AE98,0,0,0,0,0,0.1461181640625,0.8123779296875,0.1380615234375,9,nan,nan
꺙,U+AE99,0,0,0,0,0,0.1397705078125,0.7744140625,0.1075439453125,5,nan,nan
꺚,U+AE9A,0,0,1,1,0,0.13385009765625,0.76068115234375,0.13153076171875,5,nan,nan
꺛,U+AE9B,0,0,0,0,0,0.13739013671875,0.720703125,0.13751220703125,6,nan,nan
꺜,U+AE9C,0,0,1,1,0,0.1298828125,0.72509765625,0.12884521484375,5,nan,nan
꺝,U+AE9D,0,0,1,1,0,0.12890625,0.66412353515625,0.12286376953125,5,nan,nan
꺞,U+AE9E,0,0,0,0,0,0.138916015625,0.7781982421875,0.13861083984375,3,nan,nan
꺟,U+AE9F,0,0,0,0,0,0.13726806640625,0.8125,0.1358642578125,5,nan,nan
꺠,U+AEA0,0,0,0,0,0,0.0968017578125,0.38134765625,0.095458984375,2,nan,nan
꺡,U+AEA1,0,0,0,0,0,0.1387939453125,0.796875,0.13861083984375,3,nan,nan
꺢,U+AEA2,0,0,1,1,0,0.1474609375,0.69580078125,0.143310546875,5,nan,nan
꺣,U+AEA3,0,0,0,0,0,0.153564453125,0.6942138671875,0.1483154296875,4,nan,nan
꺤,U+AEA4,0,0,0,0,0,0.16436767578125,0.750732421875,0.15167236328125,4,nan,nan
꺥,U+AEA5,0,0,1,1,0,0.16522216796875,0.705810546875,0.16217041015625,5,nan,nan
꺦,U+AEA6,0,0,1,1,0,0.16497802734375,0.7152099609375,0.16900634765625,8,nan,nan
꺧,U+AEA7,0,0,1,1,0,0.13616943359375,0.68115234375,0.14361572265625,5,nan,nan
꺨,U+AEA8,0,0,0,0,0,0.19439697265625,0.744140625,0.1766357421875,5,nan,nan
꺩,U+AEA9,0,0,0,0,0,0.1597900390625,0.722900390625,0.16314697265625,5,nan,nan
꺪,U+AEAA,0,0,0,0,0,0.16558837890625,0.6953125,0.181396484375,3,nan,nan
꺫,U+AEAB,0,0,0,0,0,0.179443359375,0.73638916015625,0.177734375,10,nan,nan
꺬,U+AEAC,0,0,0,0,0,0.19091796875,0.6962890625,0.176513671875,4,nan,nan
꺭,U+AEAD,0,0,0,0,0,0.158935546875,0.7578125,0.1719970703125,8,nan,nan
꺮,U+AEAE,0,0,1,1,0,0.17864990234375,0.7578125,0.179931640625,3,nan,nan
꺯,U+AEAF,0,0,0,0,0,0.177001953125,0.72088623046875,0.192138671875,4,nan,nan
꺰,U+AEB0,0,0,0,0,0,0.15289306640625,0.68682861328125,0.14520263671875,4,nan,nan
꺱,U+AEB1,0,0,0,0,0,0.15704345703125,0.7421875,0.1583251953125,3,nan,nan
꺲,U+AEB2,0,0,0,0,0,0.13555908203125,0.68682861328125,0.14910888671875,7,nan,nan
꺳,U+AEB3,0,0,0,0,0,0.1346435546875,0.68115234375,0.13739013671875,5,nan,nan
꺴,U+AEB4,0,0,0,0,0,0.16766357421875,0.80615234375,0.1595458984375,5,nan,nan
꺵,U+AEB5,0,0,0,0,0,0.13916015625,0.64642333984375,0.12420654296875,4,nan,nan
꺶,U+AEB6,0,0,1,1,0,0.15301513671875,0.703125,0.15264892578125,3,nan,nan
꺷,U+AEB7,0,0,0,0,0,0.15264892578125,0.679443359375,0.1490478515625,3,nan,nan
꺸,U+AEB8,0,0,1,1,0,0.12811279296875,0.84375,0.14190673828125,8,nan,nan
꺹,U+AEB9,0,0,1,1,0,0.141357421875,0.6036376953125,0.14154052734375,5,nan,nan
꺺,U+AEBA,0,0,0,0,0,0.17034912109375,0.7237548828125,0.15576171875,4,nan,nan
꺻,U+AEBB,0,0,0,0,0,0.160888671875,0.6329345703125,0.14739990234375,7,nan,nan
꺼,U+AEBC,0,0,0,0,0,0.0911865234375,0.364013671875,0.0758056640625,1,nan,nan
꺽,U+AEBD,0,0,0,0,0,0.12567138671875,0.71142578125,0.12188720703125,3,nan,nan
꺾,U+AEBE,0,0,1,1,0,0.12445068359375,0.64642333984375,0.11651611328125,5,nan,nan
꺿,U+AEBF,0,0,0,0,0,0.14166259765625,0.6884765625,0.12322998046875,3,nan,nan
껀,U+AEC0,0,0,0,0,0,0.134521484375,0.61383056640625,0.11181640625,2,nan,nan
껁,U+AEC1,0,0,1,1,0,0.144775390625,0.744140625,0.13714599609375,6,nan,nan
껂,U+AEC2,0,0,1,1,0,0.148193359375,0.6351318359375,0.1390380859375,6,nan,nan
껃,U+AEC3,0,0,1,1,0,0.1148681640625,0.6083984375,0.11676025390625,3,nan,nan
껄,U+AEC4,0,0,0,0,0,0.1611328125,0.62774658203125,0.1370849609375,3,nan,nan
껅,U+AEC5,0,0,0,0,0,0.15606689453125,0.64849853515625,0.147705078125,5,nan,nan
껆,U+AEC6,0,0,0,0,0,0.1632080078125,0.671875,0.15789794921875,3,nan,nan
껇,U+AEC7,0,0,0,0,0,0.16455078125,0.6953125,0.15911865234375,2,nan,nan
껈,U+AEC8,0,0,0,0,0,0.17144775390625,0.68115234375,0.14178466796875,2,nan,nan
껉,U+AEC9,0,0,0,0,0,0.1436767578125,0.62548828125,0.14935302734375,7,nan,nan
껊,U+AECA,0,0,1,1,0,0.14935302734375,0.7109375,0.15771484375,4,nan,nan
껋,U+AECB,0,0,0,0,0,0.1636962890625,0.8046875,0.1607666015625,4,nan,nan
껌,U+AECC,0,0,0,0,0,0.14337158203125,0.610107421875,0.11956787109375,3,nan,nan
껍,U+AECD,0,0,0,0,0,0.15972900390625,0.671875,0.12579345703125,2,nan,nan
껎,U+AECE,0,0,0,0,0,0.13568115234375,0.6627197265625,0.13677978515625,3,nan,nan
껏,U+AECF,0,0,0,0,0,0.1295166015625,0.58624267578125,0.1033935546875,4,nan,nan
껐,U+AED0,0,0,0,0,0,0.15277099609375,0.765625,0.1368408203125,5,nan,nan
껑,U+AED1,0,0,0,0,0,0.12982177734375,0.58447265625,0.08917236328125,2,nan,nan
껒,U+AED2,0,0,1,1,0,0.141357421875,0.66375732421875,0.11309814453125,2,nan,nan
껓,U+AED3,0,0,0,0,0,0.1455078125,0.6666259765625,0.1298828125,2,nan,nan
껔,U+AED4,0,0,1,1,0,0.1343994140625,0.6536865234375,0.11883544921875,3,nan,nan
껕,U+AED5,0,0,1,1,0,0.14642333984375,0.576171875,0.1324462890625,2,nan,nan
껖,U+AED6,0,0,0,0,0,0.13299560546875,0.690673828125,0.134521484375,4,nan,nan
껗,U+AED7,0,0,0,0,0,0.13592529296875,0.625,0.11328125,3,nan,nan
께,U+AED8,0,0,0,0,0,0.11895751953125,0.48345947265625,0.1055908203125,3,nan,nan
껙,U+AED9,0,0,0,0,0,0.12884521484375,0.6640625,0.1279296875,6,nan,nan
껚,U+AEDA,0,0,1,1,0,0.14453125,0.6976318359375,0.1397705078125,4,nan,nan
껛,U+AEDB,0,0,0,0,0,0.13665771484375,0.6796875,0.13812255859375,8,nan,nan
껜,U+AEDC,0,0,0,0,0,0.132080078125,0.63720703125,0.1376953125,8,nan,nan
껝,U+AEDD,0,0,1,1,0,0.1448974609375,0.68988037109375,0.14801025390625,6,nan,nan
껞,U+AEDE,0,0,1,1,0,0.1566162109375,0.6640625,0.15960693359375,7,nan,nan
껟,U+AEDF,0,0,1,1,0,0.1658935546875,0.65887451171875,0.152099609375,4,nan,nan
껠,U+AEE0,0,0,0,0,0,0.16162109375,0.65887451171875,0.1580810546875,7,nan,nan
껡,U+AEE1,0,0,0,0,0,0.1644287109375,0.6953125,0.16033935546875,5,nan,nan
껢,U+AEE2,0,0,0,0,0,0.173583984375,0.640625,0.17181396484375,8,nan,nan
껣,U+AEE3,0,0,0,0,0,0.17431640625,0.6875,0.17767333984375,7,nan,nan
껤,U+AEE4,0,0,0,0,0,0.178466796875,0.71875,0.16436767578125,5,nan,nan
껥,U+AEE5,0,0,0,0,0,0.16925048828125,0.703125,0.16796875,4,nan,nan
껦,U+AEE6,0,0,1,1,0,0.169921875,0.6875,0.17218017578125,5,nan,nan
껧,U+AEE7,0,0,0,0,0,0.159912109375,0.6953125,0.1705322265625,7,nan,nan
껨,U+AEE8,0,0,0,0,0,0.16156005859375,0.6552734375,0.14971923828125,5,nan,nan
껩,U+AEE9,0,0,0,0,0,0.14697265625,0.6690673828125,0.142822265625,5,nan,nan
껪,U+AEEA,0,0,0,0,0,0.14678955078125,0.6875,0.1566162109375,6,nan,nan
껫,U+AEEB,0,0,0,0,0,0.15338134765625,0.63189697265625,0.12750244140625,3,nan,nan
껬,U+AEEC,0,0,0,0,0,0.17218017578125,0.74462890625,0.1553955078125,5,nan,nan
껭,U+AEED,0,0,0,0,1,0.15118408203125,0.6796875,0.125244140625,4,24.204577039672028,0.9534783788399762
껮,U+AEEE,0,0,1,1,0,0.17333984375,0.64453125,0.1434326171875,4,nan,nan
껯,U+AEEF,0,0,0,0,0,0.15380859375,0.67437744140625,0.13983154296875,3,nan,nan
껰,U+AEF0,0,0,1,1,0,0.15130615234375,0.703125,0.1429443359375,6,nan,nan
껱,U+AEF1,0,0,1,1,0,0.1478271484375,0.6484375,0.143798828125,6,nan,nan
껲,U+AEF2,0,0,0,0,0,0.18902587890625,0.7596435546875,0.17462158203125,5,nan,nan
껳,U+AEF3,0,0,0,0,0,0.14617919921875,0.651123046875,0.14105224609375,9,nan,nan
껴,U+AEF4,0,0,0,0,0,0.10870361328125,0.522216796875,0.0936279296875,2,nan,nan
껵,U+AEF5,0,0,0,0,0,0.1270751953125,0.73114013671875,0.124267578125,3,nan,nan
껶,U+AEF6,0,0,1,1,0,0.12164306640625,0.7744140625,0.120361328125,9,nan,nan
껷,U+AEF7,0,0,0,0,0,0.149658203125,0.713134765625,0.1318359375,4,nan,nan
껸,U+AEF8,0,0,0,0,0,0.1298828125,0.5947265625,0.109375,4,nan,nan
껹,U+AEF9,0,0,1,1,0,0.150146484375,0.753662109375,0.1470947265625,6,nan,nan
껺,U+AEFA,0,0,1,1,0,0.1475830078125,0.6796875,0.13885498046875,5,nan,nan
껻,U+AEFB,0,0,1,1,0,0.138427734375,0.5775146484375,0.12646484375,4,nan,nan
껼,U+AEFC,0,0,0,0,0,0.154052734375,0.6844482421875,0.15069580078125,4,nan,nan
껽,U+AEFD,0,0,0,0,0,0.150390625,0.68988037109375,0.15325927734375,3,nan,nan
껾,U+AEFE,0,0,0,0,0,0.15264892578125,0.6875,0.15521240234375,5,nan,nan
껿,U+AEFF,0,0,0,0,0,0.15924072265625,0.859375,0.16961669921875,4,nan,nan
꼀,U+AF00,0,0,0,0,0,0.18487548828125,0.8203125,0.17913818359375,6,nan,nan
꼁,U+AF01,0,0,0,0,0,0.1419677734375,0.7109375,0.148681640625,9,nan,nan
꼂,U+AF02,0,0,1,1,0,0.15081787109375,0.8515625,0.16143798828125,8,nan,nan
꼃,U+AF03,0,0,0,0,0,0.1505126953125,0.71875,0.16107177734375,5,nan,nan
꼄,U+AF04,0,0,0,0,0,0.145263671875,0.598388671875,0.12957763671875,2,nan,nan
꼅,U+AF05,0,0,0,0,0,0.15716552734375,0.6356201171875,0.1390380859375,4,nan,nan
꼆,U+AF06,0,0,0,0,0,0.1668701171875,0.859375,0.15484619140625,6,nan,nan
꼇,U+AF07,0,0,0,0,0,0.13531494140625,0.60003662109375,0.11505126953125,3,nan,nan
꼈,U+AF08,0,0,0,0,0,0.160888671875,0.78125,0.13665771484375,2,nan,nan
꼉,U+AF09,0,0,0,0,0,0.14703369140625,0.640869140625,0.1070556640625,2,nan,nan
꼊,U+AF0A,0,0,1,1,0,0.1474609375,0.651123046875,0.12432861328125,7,nan,nan
꼋,U+AF0B,0,0,0,0,0,0.1402587890625,0.6998291015625,0.13763427734375,3,nan,nan
꼌,U+AF0C,0,0,1,1,0,0.1439208984375,0.6180419921875,0.13311767578125,5,nan,nan
꼍,U+AF0D,0,0,1,1,0,0.14642333984375,0.62255859375,0.14385986328125,5,nan,nan
꼎,U+AF0E,0,0,0,0,0,0.16656494140625,0.79168701171875,0.15399169921875,8,nan,nan
꼏,U+AF0F,0,0,0,0,0,0.13494873046875,0.6536865234375,0.13128662109375,5,nan,nan
꼐,U+AF10,0,0,0,0,0,0.113037109375,0.46234130859375,0.10906982421875,3,nan,nan
꼑,U+AF11,0,0,0,0,0,0.16009521484375,0.789306640625,0.14581298828125,4,nan,nan
꼒,U+AF12,0,0,1,1,0,0.1475830078125,0.70538330078125,0.14837646484375,6,nan,nan
꼓,U+AF13,0,0,0,0,0,0.16278076171875,0.7357177734375,0.1553955078125,7,nan,nan
꼔,U+AF14,0,0,0,0,0,0.1607666015625,0.7459716796875,0.15032958984375,8,nan,nan
꼕,U+AF15,0,0,1,1,0,0.16156005859375,0.75189208984375,0.17327880859375,6,nan,nan
꼖,U+AF16,0,0,1,1,0,0.159423828125,0.67437744140625,0.1571044921875,7,nan,nan
꼗,U+AF17,0,0,1,1,0,0.12042236328125,0.6627197265625,0.13751220703125,5,nan,nan
꼘,U+AF18,0,0,0,0,0,0.1693115234375,0.66094970703125,0.16497802734375,5,nan,nan
꼙,U+AF19,0,0,0,0,0,0.1605224609375,0.6998291015625,0.1619873046875,5,nan,nan
꼚,U+AF1A,0,0,0,0,0,0.17120361328125,0.7734375,0.18206787109375,8,nan,nan
꼛,U+AF1B,0,0,0,0,0,0.17620849609375,0.75,0.18914794921875,9,nan,nan
꼜,U+AF1C,0,0,0,0,0,0.1820068359375,0.70159912109375,0.17974853515625,5,nan,nan
꼝,U+AF1D,0,0,0,0,0,0.1636962890625,0.71875,0.17706298828125,7,nan,nan
꼞,U+AF1E,0,0,1,1,0,0.162109375,0.734375,0.17620849609375,4,nan,nan
꼟,U+AF1F,0,0,0,0,0,0.19775390625,0.75,0.20263671875,4,nan,nan
꼠,U+AF20,0,0,0,0,0,0.1492919921875,0.66064453125,0.1485595703125,3,nan,nan
꼡,U+AF21,0,0,0,0,0,0.1405029296875,0.688720703125,0.14520263671875,8,nan,nan
꼢,U+AF22,0,0,0,0,0,0.14654541015625,0.75189208984375,0.1585693359375,9,nan,nan
꼣,U+AF23,0,0,0,0,0,0.127685546875,0.6884765625,0.1279296875,7,nan,nan
꼤,U+AF24,0,0,0,0,0,0.173828125,0.78369140625,0.15838623046875,6,nan,nan
꼥,U+AF25,0,0,0,0,0,0.15179443359375,0.6796875,0.12042236328125,6,nan,nan
꼦,U+AF26,0,0,1,1,0,0.15972900390625,0.72479248046875,0.15081787109375,5,nan,nan
꼧,U+AF27,0,0,0,0,0,0.14959716796875,0.73828125,0.152099609375,6,nan,nan
꼨,U+AF28,0,0,1,1,0,0.1640625,0.7596435546875,0.1610107421875,8,nan,nan
꼩,U+AF29,0,0,1,1,0,0.14471435546875,0.666015625,0.15167236328125,6,nan,nan
꼪,U+AF2A,0,0,0,0,0,0.179443359375,0.8046875,0.1595458984375,5,nan,nan
꼫,U+AF2B,0,0,0,0,0,0.1414794921875,0.72088623046875,0.1331787109375,7,nan,nan
꼬,U+AF2C,0,0,0,0,0,0.0526123046875,0.2852783203125,0.0614013671875,4,nan,nan
꼭,U+AF2D,0,0,0,0,0,0.1112060546875,0.6329345703125,0.111572265625,5,nan,nan
꼮,U+AF2E,0,0,1,1,0,0.11822509765625,0.5655517578125,0.11846923828125,3,nan,nan
꼯,U+AF2F,0,0,0,0,0,0.11688232421875,0.61297607421875,0.12908935546875,3,nan,nan
꼰,U+AF30,0,0,0,0,0,0.10546875,0.570556640625,0.10638427734375,3,nan,nan
꼱,U+AF31,0,0,1,1,0,0.115966796875,0.5496826171875,0.127685546875,5,nan,nan
꼲,U+AF32,0,0,1,1,0,0.14617919921875,0.630615234375,0.152099609375,5,nan,nan
꼳,U+AF33,0,0,1,1,0,0.1160888671875,0.5419921875,0.12066650390625,4,nan,nan
꼴,U+AF34,0,0,0,0,0,0.12945556640625,0.6328125,0.14764404296875,4,nan,nan
꼵,U+AF35,0,0,0,0,0,0.133544921875,0.5760498046875,0.1444091796875,4,nan,nan
꼶,U+AF36,0,0,0,0,0,0.15264892578125,0.6776123046875,0.1744384765625,7,nan,nan
꼷,U+AF37,0,0,0,0,0,0.1402587890625,0.60809326171875,0.156982421875,6,nan,nan
꼸,U+AF38,0,0,0,0,0,0.15545654296875,0.6866455078125,0.15509033203125,7,nan,nan
꼹,U+AF39,0,0,0,0,0,0.1395263671875,0.57220458984375,0.1591796875,6,nan,nan
꼺,U+AF3A,0,0,1,1,0,0.148193359375,0.64849853515625,0.16558837890625,4,nan,nan
꼻,U+AF3B,0,0,0,0,0,0.1737060546875,0.6953125,0.166015625,4,nan,nan
꼼,U+AF3C,0,0,0,0,0,0.11187744140625,0.5113525390625,0.1153564453125,4,nan,nan
꼽,U+AF3D,0,0,0,0,0,0.11834716796875,0.561279296875,0.12255859375,4,nan,nan
꼾,U+AF3E,0,0,0,0,0,0.13165283203125,0.6180419921875,0.13787841796875,4,nan,nan
꼿,U+AF3F,0,0,0,0,0,0.10186767578125,0.50701904296875,0.0972900390625,4,nan,nan
꽀,U+AF40,0,0,0,0,0,0.130615234375,0.64990234375,0.12908935546875,2,nan,nan
꽁,U+AF41,0,0,0,0,0,0.130615234375,0.53485107421875,0.10760498046875,4,nan,nan
꽂,U+AF42,0,0,1,1,0,0.119140625,0.5703125,0.12139892578125,4,nan,nan
꽃,U+AF43,0,0,0,0,1,0.11859130859375,0.5546875,0.127197265625,4,24.369986640957265,0.9633725144199545
꽄,U+AF44,0,0,1,1,0,0.11614990234375,0.5615234375,0.12152099609375,5,nan,nan
꽅,U+AF45,0,0,1,1,0,0.13385009765625,0.50634765625,0.11846923828125,4,nan,nan
꽆,U+AF46,0,0,0,0,0,0.1285400390625,0.60888671875,0.1368408203125,5,nan,nan
꽇,U+AF47,0,0,0,0,0,0.1126708984375,0.609375,0.119873046875,8,nan,nan
꽈,U+AF48,0,0,0,0,0,0.12701416015625,0.5887451171875,0.11871337890625,3,nan,nan
꽉,U+AF49,0,0,0,0,0,0.131591796875,0.709716796875,0.134765625,5,nan,nan
꽊,U+AF4A,0,0,1,1,0,0.140380859375,0.6759033203125,0.1400146484375,7,nan,nan
꽋,U+AF4B,0,0,0,0,0,0.157470703125,0.69659423828125,0.1544189453125,4,nan,nan
꽌,U+AF4C,0,0,0,0,0,0.146484375,0.6915283203125,0.1424560546875,4,nan,nan
꽍,U+AF4D,0,0,1,1,0,0.1556396484375,0.6781005859375,0.14996337890625,5,nan,nan
꽎,U+AF4E,0,0,1,1,0,0.15570068359375,0.76739501953125,0.16033935546875,7,nan,nan
꽏,U+AF4F,0,0,1,1,0,0.14111328125,0.67071533203125,0.13995361328125,4,nan,nan
꽐,U+AF50,0,0,0,0,0,0.17047119140625,0.7476806640625,0.16558837890625,4,nan,nan
꽑,U+AF51,0,0,0,0,0,0.1531982421875,0.7613525390625,0.16314697265625,8,nan,nan
꽒,U+AF52,0,0,0,0,0,0.16790771484375,0.75823974609375,0.1800537109375,5,nan,nan
꽓,U+AF53,0,0,0,0,0,0.17010498046875,0.8203125,0.19219970703125,4,nan,nan
꽔,U+AF54,0,0,0,0,0,0.150634765625,0.7130126953125,0.17095947265625,8,nan,nan
꽕,U+AF55,0,0,0,0,0,0.14801025390625,0.749267578125,0.17071533203125,8,nan,nan
꽖,U+AF56,0,0,1,1,0,0.1654052734375,0.74462890625,0.18316650390625,5,nan,nan
꽗,U+AF57,0,0,0,0,0,0.17730712890625,0.78125,0.1934814453125,7,nan,nan
꽘,U+AF58,0,0,0,0,0,0.14202880859375,0.715087890625,0.15460205078125,5,nan,nan
꽙,U+AF59,0,0,0,0,0,0.151611328125,0.73358154296875,0.15374755859375,3,nan,nan
꽚,U+AF5A,0,0,0,0,0,0.1434326171875,0.652587890625,0.1484375,5,nan,nan
꽛,U+AF5B,0,0,0,0,0,0.15167236328125,0.72125244140625,0.14434814453125,4,nan,nan
꽜,U+AF5C,0,0,0,0,0,0.16241455078125,0.7470703125,0.161865234375,7,nan,nan
꽝,U+AF5D,0,0,0,0,0,0.1578369140625,0.76806640625,0.13531494140625,5,nan,nan
꽞,U+AF5E,0,0,1,1,0,0.1531982421875,0.7418212890625,0.14337158203125,5,nan,nan
꽟,U+AF5F,0,0,0,0,0,0.15228271484375,0.72821044921875,0.156005859375,5,nan,nan
꽠,U+AF60,0,0,1,1,0,0.1484375,0.77545166015625,0.1483154296875,6,nan,nan
꽡,U+AF61,0,0,1,1,0,0.1536865234375,0.6470947265625,0.15521240234375,5,nan,nan
꽢,U+AF62,0,0,0,0,0,0.1475830078125,0.74267578125,0.1639404296875,6,nan,nan
꽣,U+AF63,0,0,0,0,0,0.1541748046875,0.7767333984375,0.14190673828125,7,nan,nan
꽤,U+AF64,0,0,0,0,0,0.1239013671875,0.439453125,0.12213134765625,3,nan,nan
꽥,U+AF65,0,0,0,0,0,0.14373779296875,0.67236328125,0.15478515625,4,nan,nan
꽦,U+AF66,0,0,1,1,0,0.16094970703125,0.638671875,0.158935546875,6,nan,nan
꽧,U+AF67,0,0,0,0,0,0.1715087890625,0.7274169921875,0.16973876953125,6,nan,nan
꽨,U+AF68,0,0,0,0,0,0.149658203125,0.6781005859375,0.15924072265625,5,nan,nan
꽩,U+AF69,0,0,1,1,0,0.17681884765625,0.657958984375,0.16766357421875,3,nan,nan
꽪,U+AF6A,0,0,1,1,0,0.16400146484375,0.62890625,0.1766357421875,6,nan,nan
꽫,U+AF6B,0,0,1,1,0,0.14617919921875,0.634521484375,0.15277099609375,4,nan,nan
꽬,U+AF6C,0,0,0,0,0,0.18182373046875,0.67205810546875,0.18658447265625,5,nan,nan
꽭,U+AF6D,0,0,0,0,0,0.1632080078125,0.753662109375,0.1717529296875,6,nan,nan
꽮,U+AF6E,0,0,0,0,0,0.18060302734375,0.6844482421875,0.20062255859375,3,nan,nan
꽯,U+AF6F,0,0,0,0,0,0.1802978515625,0.7596435546875,0.206787109375,5,nan,nan
꽰,U+AF70,0,0,0,0,0,0.16680908203125,0.699951171875,0.18548583984375,6,nan,nan
꽱,U+AF71,0,0,0,0,0,0.16937255859375,0.7476806640625,0.1937255859375,6,nan,nan
꽲,U+AF72,0,0,1,1,0,0.1734619140625,0.734130859375,0.1885986328125,7,nan,nan
꽳,U+AF73,0,0,0,0,0,0.17254638671875,0.68115234375,0.19281005859375,6,nan,nan
꽴,U+AF74,0,0,0,0,0,0.15283203125,0.705810546875,0.1673583984375,3,nan,nan
꽵,U+AF75,0,0,0,0,0,0.143310546875,0.6767578125,0.15997314453125,5,nan,nan
꽶,U+AF76,0,0,0,0,0,0.16387939453125,0.70452880859375,0.17279052734375,5,nan,nan
꽷,U+AF77,0,0,0,0,0,0.15057373046875,0.6207275390625,0.14752197265625,7,nan,nan
꽸,U+AF78,0,0,0,0,0,0.17462158203125,0.72021484375,0.16033935546875,5,nan,nan
꽹,U+AF79,0,0,0,0,0,0.16064453125,0.6328125,0.1436767578125,3,nan,nan
꽺,U+AF7A,0,0,1,1,0,0.15203857421875,0.670166015625,0.15899658203125,5,nan,nan
꽻,U+AF7B,0,0,0,0,0,0.1722412109375,0.69427490234375,0.1641845703125,5,nan,nan
꽼,U+AF7C,0,0,1,1,0,0.15350341796875,0.679443359375,0.1624755859375,4,nan,nan
꽽,U+AF7D,0,0,1,1,0,0.1624755859375,0.68316650390625,0.17559814453125,3,nan,nan
꽾,U+AF7E,0,0,0,0,0,0.14501953125,0.705810546875,0.1668701171875,8,nan,nan
꽿,U+AF7F,0,0,0,0,0,0.1756591796875,0.7265625,0.16607666015625,5,nan,nan
꾀,U+AF80,0,0,0,0,0,0.1151123046875,0.41033935546875,0.1103515625,3,nan,nan
꾁,U+AF81,0,0,0,0,0,0.13287353515625,0.64642333984375,0.1353759765625,5,nan,nan
꾂,U+AF82,0,0,1,1,0,0.14031982421875,0.5693359375,0.13751220703125,3,nan,nan
꾃,U+AF83,0,0,0,0,0,0.140380859375,0.703857421875,0.14459228515625,6,nan,nan
꾄,U+AF84,0,0,0,0,0,0.13433837890625,0.68316650390625,0.1378173828125,5,nan,nan
꾅,U+AF85,0,0,1,1,0,0.1326904296875,0.57037353515625,0.14300537109375,5,nan,nan
꾆,U+AF86,0,0,1,1,0,0.157958984375,0.628173828125,0.16082763671875,6,nan,nan
꾇,U+AF87,0,0,1,1,0,0.13055419921875,0.5615234375,0.13702392578125,3,nan,nan
꾈,U+AF88,0,0,0,0,0,0.166748046875,0.6383056640625,0.16131591796875,3,nan,nan
꾉,U+AF89,0,0,0,0,0,0.150390625,0.5977783203125,0.15264892578125,4,nan,nan
꾊,U+AF8A,0,0,0,0,0,0.1759033203125,0.6666259765625,0.172119140625,4,nan,nan
꾋,U+AF8B,0,0,0,0,0,0.14739990234375,0.6640625,0.17205810546875,8,nan,nan
꾌,U+AF8C,0,0,0,0,0,0.16668701171875,0.7109375,0.167724609375,5,nan,nan
꾍,U+AF8D,0,0,0,0,0,0.16845703125,0.66650390625,0.1690673828125,7,nan,nan
꾎,U+AF8E,0,0,1,1,0,0.1597900390625,0.66259765625,0.16571044921875,7,nan,nan
꾏,U+AF8F,0,0,0,0,0,0.16583251953125,0.67138671875,0.18505859375,4,nan,nan
꾐,U+AF90,0,0,0,0,0,0.15118408203125,0.62255859375,0.1453857421875,4,nan,nan
꾑,U+AF91,0,0,0,0,0,0.13629150390625,0.6121826171875,0.148193359375,4,nan,nan
꾒,U+AF92,0,0,0,0,0,0.12750244140625,0.6591796875,0.1522216796875,7,nan,nan
꾓,U+AF93,0,0,0,0,0,0.1375732421875,0.5833740234375,0.13226318359375,4,nan,nan
꾔,U+AF94,0,0,0,0,0,0.1531982421875,0.690673828125,0.1478271484375,5,nan,nan
꾕,U+AF95,0,0,0,0,0,0.131591796875,0.58258056640625,0.11810302734375,3,nan,nan
꾖,U+AF96,0,0,1,1,0,0.1505126953125,0.63323974609375,0.14215087890625,4,nan,nan
꾗,U+AF97,0,0,0,0,0,0.1549072265625,0.6767578125,0.1439208984375,6,nan,nan
꾘,U+AF98,0,0,1,1,0,0.1507568359375,0.64599609375,0.14208984375,3,nan,nan
꾙,U+AF99,0,0,1,1,0,0.15655517578125,0.5977783203125,0.149658203125,4,nan,nan
꾚,U+AF9A,0,0,0,0,0,0.1363525390625,0.6317138671875,0.14752197265625,4,nan,nan
꾛,U+AF9B,0,0,0,0,0,0.142333984375,0.61798095703125,0.1282958984375,4,nan,nan
꾜,U+AF9C,0,0,0,0,0,0.095947265625,0.4267578125,0.08966064453125,2,nan,nan
꾝,U+AF9D,0,0,0,0,0,0.1151123046875,0.7152099609375,0.119140625,5,nan,nan
꾞,U+AF9E,0,0,1,1,0,0.1329345703125,0.65087890625,0.1475830078125,8,nan,nan
꾟,U+AF9F,0,0,0,0,0,0.119873046875,0.62774658203125,0.13580322265625,4,nan,nan
꾠,U+AFA0,0,0,0,0,0,0.123046875,0.6591796875,0.12713623046875,3,nan,nan
꾡,U+AFA1,0,0,1,1,0,0.13604736328125,0.5775146484375,0.14178466796875,4,nan,nan
꾢,U+AFA2,0,0,1,1,0,0.13800048828125,0.63323974609375,0.150146484375,6,nan,nan
꾣,U+AFA3,0,0,1,1,0,0.10595703125,0.524169921875,0.113525390625,4,nan,nan
꾤,U+AFA4,0,0,0,0,0,0.1697998046875,0.79840087890625,0.16815185546875,6,nan,nan
꾥,U+AFA5,0,0,0,0,0,0.14520263671875,0.6356201171875,0.1650390625,8,nan,nan
꾦,U+AFA6,0,0,0,0,0,0.16070556640625,0.620361328125,0.17083740234375,4,nan,nan
꾧,U+AFA7,0,0,0,0,0,0.16668701171875,0.6561279296875,0.18438720703125,7,nan,nan
꾨,U+AFA8,0,0,0,0,0,0.1534423828125,0.65313720703125,0.16729736328125,5,nan,nan
꾩,U+AFA9,0,0,0,0,0,0.13812255859375,0.56866455078125,0.16278076171875,5,nan,nan
꾪,U+AFAA,0,0,1,1,0,0.1513671875,0.610595703125,0.1671142578125,6,nan,nan
꾫,U+AFAB,0,0,0,0,0,0.181640625,0.6171875,0.1871337890625,2,nan,nan
꾬,U+AFAC,0,0,0,0,0,0.11334228515625,0.56396484375,0.1202392578125,4,nan,nan
꾭,U+AFAD,0,0,0,0,0,0.1280517578125,0.6427001953125,0.12481689453125,4,nan,nan
꾮,U+AFAE,0,0,0,0,0,0.11578369140625,0.61798095703125,0.1357421875,6,nan,nan
꾯,U+AFAF,0,0,0,0,0,0.10467529296875,0.6031494140625,0.10614013671875,4,nan,nan
꾰,U+AFB0,0,0,0,0,0,0.13873291015625,0.6884765625,0.13848876953125,5,nan,nan
꾱,U+AFB1,0,0,0,0,0,0.11163330078125,0.59326171875,0.11712646484375,4,nan,nan
꾲,U+AFB2,0,0,1,1,0,0.12725830078125,0.7357177734375,0.13531494140625,9,nan,nan
꾳,U+AFB3,0,0,0,0,0,0.1258544921875,0.640625,0.13128662109375,6,nan,nan
꾴,U+AFB4,0,0,1,1,0,0.1279296875,0.598388671875,0.132568359375,4,nan,nan
꾵,U+AFB5,0,0,1,1,0,0.12982177734375,0.4989013671875,0.1380615234375,5,nan,nan
꾶,U+AFB6,0,0,0,0,0,0.14434814453125,0.686767578125,0.152099609375,4,nan,nan
꾷,U+AFB7,0,0,0,0,0,0.14581298828125,0.66375732421875,0.138671875,7,nan,nan
꾸,U+AFB8,0,0,0,0,0,0.08966064453125,0.494384765625,0.08514404296875,2,nan,nan
꾹,U+AFB9,0,0,0,0,0,0.1041259765625,0.5570068359375,0.10150146484375,3,nan,nan
꾺,U+AFBA,0,0,1,1,0,0.09478759765625,0.4420166015625,0.10089111328125,3,nan,nan
꾻,U+AFBB,0,0,0,0,0,0.1048583984375,0.50286865234375,0.11260986328125,4,nan,nan
꾼,U+AFBC,0,0,0,0,0,0.11834716796875,0.576171875,0.11541748046875,4,nan,nan
꾽,U+AFBD,0,0,1,1,0,0.13385009765625,0.56854248046875,0.13275146484375,3,nan,nan
꾾,U+AFBE,0,0,1,1,0,0.1287841796875,0.54736328125,0.12872314453125,6,nan,nan
꾿,U+AFBF,0,0,1,1,0,0.1025390625,0.5194091796875,0.11053466796875,2,nan,nan
꿀,U+AFC0,0,0,0,0,0,0.14593505859375,0.597900390625,0.14599609375,3,nan,nan
꿁,U+AFC1,0,0,0,0,0,0.12725830078125,0.62548828125,0.1494140625,5,nan,nan
꿂,U+AFC2,0,0,0,0,0,0.144775390625,0.62786865234375,0.15948486328125,6,nan,nan
꿃,U+AFC3,0,0,0,0,0,0.14080810546875,0.701904296875,0.15753173828125,10,nan,nan
꿄,U+AFC4,0,0,0,0,0,0.14556884765625,0.7056884765625,0.149658203125,8,nan,nan
꿅,U+AFC5,0,0,0,0,0,0.13006591796875,0.54931640625,0.13909912109375,4,nan,nan
꿆,U+AFC6,0,0,1,1,0,0.12481689453125,0.6031494140625,0.14703369140625,5,nan,nan
꿇,U+AFC7,0,0,0,0,0,0.1522216796875,0.613037109375,0.16497802734375,7,nan,nan
꿈,U+AFC8,0,0,0,0,0,0.11175537109375,0.60809326171875,0.10565185546875,3,nan,nan
꿉,U+AFC9,0,0,0,0,0,0.12554931640625,0.5465087890625,0.12744140625,2,nan,nan
꿊,U+AFCA,0,0,0,0,0,0.1175537109375,0.53558349609375,0.1229248046875,4,nan,nan
꿋,U+AFCB,0,0,0,0,0,0.12823486328125,0.58258056640625,0.11859130859375,4,nan,nan
꿌,U+AFCC,0,0,0,0,0,0.1373291015625,0.654052734375,0.12762451171875,5,nan,nan
꿍,U+AFCD,0,0,0,0,0,0.09185791015625,0.361083984375,0.08306884765625,2,nan,nan
꿎,U+AFCE,0,0,1,1,0,0.11431884765625,0.4825439453125,0.10791015625,1,nan,nan
꿏,U+AFCF,0,0,0,0,0,0.11065673828125,0.50958251953125,0.11224365234375,2,nan,nan
꿐,U+AFD0,0,0,1,1,0,0.1024169921875,0.4656982421875,0.10601806640625,3,nan,nan
꿑,U+AFD1,0,0,1,1,0,0.09954833984375,0.3717041015625,0.10455322265625,4,nan,nan
꿒,U+AFD2,0,0,0,0,0,0.11578369140625,0.56854248046875,0.12237548828125,3,nan,nan
꿓,U+AFD3,0,0,0,0,0,0.1358642578125,0.5703125,0.107421875,5,nan,nan
꿔,U+AFD4,0,0,0,0,0,0.10772705078125,0.56195068359375,0.1202392578125,7,nan,nan
꿕,U+AFD5,0,0,0,0,0,0.1455078125,0.60888671875,0.14910888671875,4,nan,nan
꿖,U+AFD6,0,0,1,1,0,0.14080810546875,0.6298828125,0.1522216796875,6,nan,nan
꿗,U+AFD7,0,0,0,0,0,0.1588134765625,0.71142578125,0.156982421875,9,nan,nan
꿘,U+AFD8,0,0,0,0,0,0.12762451171875,0.673583984375,0.1461181640625,9,nan,nan
꿙,U+AFD9,0,0,1,1,0,0.183349609375,0.6842041015625,0.174560546875,5,nan,nan
꿚,U+AFDA,0,0,1,1,0,0.16253662109375,0.6866455078125,0.16778564453125,11,nan,nan
꿛,U+AFDB,0,0,1,1,0,0.14007568359375,0.6756591796875,0.153564453125,7,nan,nan
꿜,U+AFDC,0,0,0,0,0,0.17547607421875,0.640625,0.17578125,3,nan,nan
꿝,U+AFDD,0,0,0,0,0,0.161376953125,0.65087890625,0.1815185546875,5,nan,nan
꿞,U+AFDE,0,0,0,0,0,0.17236328125,0.65887451171875,0.1925048828125,8,nan,nan
꿟,U+AFDF,0,0,0,0,0,0.19317626953125,0.6976318359375,0.19354248046875,9,nan,nan
꿠,U+AFE0,0,0,0,0,0,0.194091796875,0.70953369140625,0.19659423828125,6,nan,nan
꿡,U+AFE1,0,0,0,0,0,0.18695068359375,0.6962890625,0.19537353515625,7,nan,nan
꿢,U+AFE2,0,0,1,1,0,0.2066650390625,0.6976318359375,0.20770263671875,3,nan,nan
꿣,U+AFE3,0,0,0,0,0,0.1925048828125,0.7152099609375,0.1845703125,9,nan,nan
꿤,U+AFE4,0,0,0,0,0,0.15716552734375,0.64453125,0.1558837890625,8,nan,nan
꿥,U+AFE5,0,0,0,0,0,0.1444091796875,0.63812255859375,0.1466064453125,7,nan,nan
꿦,U+AFE6,0,0,0,0,0,0.181640625,0.6591796875,0.1748046875,6,nan,nan
꿧,U+AFE7,0,0,0,0,0,0.142333984375,0.579345703125,0.1412353515625,6,nan,nan
꿨,U+AFE8,0,0,0,0,1,0.165771484375,0.824951171875,0.17034912109375,12,9.375917426288616,0.5477600163425443
꿩,U+AFE9,0,0,0,0,0,0.13983154296875,0.587890625,0.13189697265625,5,nan,nan
꿪,U+AFEA,0,0,1,1,0,0.15399169921875,0.6246337890625,0.1533203125,6,nan,nan
꿫,U+AFEB,0,0,0,0,0,0.14312744140625,0.63189697265625,0.1524658203125,7,nan,nan
꿬,U+AFEC,0,0,1,1,0,0.158203125,0.72296142578125,0.167724609375,5,nan,nan
꿭,U+AFED,0,0,1,1,0,0.170654296875,0.84375,0.183349609375,16,nan,nan
꿮,U+AFEE,0,0,0,0,0,0.16705322265625,0.670166015625,0.17303466796875,7,nan,nan
꿯,U+AFEF,0,0,0,0,0,0.15576171875,0.6484375,0.14776611328125,11,nan,nan
꿰,U+AFF0,0,0,0,0,0,0.14080810546875,0.46875,0.1309814453125,2,nan,nan
꿱,U+AFF1,0,0,0,0,0,0.167724609375,0.7283935546875,0.1646728515625,6,nan,nan
꿲,U+AFF2,0,0,1,1,0,0.16241455078125,0.6064453125,0.16632080078125,4,nan,nan
꿳,U+AFF3,0,0,0,0,0,0.17718505859375,0.6591796875,0.18212890625,2,nan,nan
꿴,U+AFF4,0,0,0,0,0,0.16070556640625,0.656982421875,0.18035888671875,6,nan,nan
꿵,U+AFF5,0,0,1,1,0,0.18609619140625,0.57763671875,0.1710205078125,5,nan,nan
꿶,U+AFF6,0,0,1,1,0,0.185791015625,0.6141357421875,0.17584228515625,5,nan,nan
꿷,U+AFF7,0,0,1,1,0,0.15576171875,0.60693359375,0.16546630859375,4,nan,nan
꿸,U+AFF8,0,0,0,0,0,0.19256591796875,0.69427490234375,0.196044921875,6,nan,nan
꿹,U+AFF9,0,0,0,0,0,0.16845703125,0.666015625,0.18218994140625,5,nan,nan
꿺,U+AFFA,0,0,0,0,0,0.18194580078125,0.6690673828125,0.193359375,9,nan,nan
꿻,U+AFFB,0,0,0,0,0,0.17852783203125,0.6976318359375,0.2015380859375,10,nan,nan
꿼,U+AFFC,0,0,0,0,0,0.2022705078125,0.74169921875,0.201904296875,5,nan,nan
꿽,U+AFFD,0,0,0,0,0,0.18310546875,0.6756591796875,0.196044921875,8,nan,nan
꿾,U+AFFE,0,0,1,1,0,0.2001953125,0.68316650390625,0.2034912109375,5,nan,nan
꿿,U+AFFF,0,0,0,0,0,0.2020263671875,0.71875,0.2086181640625,12,nan,nan
뀀,U+B000,0,0,0,0,0,0.16363525390625,0.65185546875,0.16973876953125,6,nan,nan
뀁,U+B001,0,0,0,0,0,0.1546630859375,0.62469482421875,0.17071533203125,9,nan,nan
뀂,U+B002,0,0,0,0,0,0.17279052734375,0.66094970703125,0.18658447265625,8,nan,nan
뀃,U+B003,0,0,0,0,0,0.1575927734375,0.62762451171875,0.1490478515625,4,nan,nan
뀄,U+B004,0,0,0,0,0,0.18878173828125,0.7237548828125,0.186767578125,4,nan,nan
뀅,U+B005,0,0,0,0,0,0.1845703125,0.64141845703125,0.16107177734375,2,nan,nan
뀆,U+B006,0,0,1,1,0,0.17193603515625,0.66412353515625,0.16876220703125,5,nan,nan
뀇,U+B007,0,0,0,0,0,0.17132568359375,0.6962890625,0.1676025390625,6,nan,nan
뀈,U+B008,0,0,1,1,0,0.17041015625,0.70159912109375,0.182373046875,7,nan,nan
뀉,U+B009,0,0,1,1,0,0.172607421875,0.6844482421875,0.177978515625,7,nan,nan
뀊,U+B00A,0,0,0,0,0,0.1749267578125,0.6553955078125,0.1859130859375,8,nan,nan
뀋,U+B00B,0,0,0,0,0,0.17816162109375,0.72088623046875,0.16644287109375,7,nan,nan
뀌,U+B00C,0,0,0,0,0,0.1009521484375,0.390625,0.09576416015625,3,nan,nan
뀍,U+B00D,0,0,0,0,0,0.1400146484375,0.58447265625,0.1353759765625,3,nan,nan
뀎,U+B00E,0,0,1,1,0,0.133056640625,0.56689453125,0.13262939453125,5,nan,nan
뀏,U+B00F,0,0,0,0,0,0.129638671875,0.6456298828125,0.14178466796875,6,nan,nan
뀐,U+B010,0,0,0,0,0,0.14984130859375,0.6478271484375,0.1436767578125,3,nan,nan
뀑,U+B011,0,0,1,1,0,0.14166259765625,0.6138916015625,0.14947509765625,4,nan,nan
뀒,U+B012,0,0,1,1,0,0.1375732421875,0.610107421875,0.1416015625,8,nan,nan
뀓,U+B013,0,0,1,1,0,0.134521484375,0.5284423828125,0.14031982421875,3,nan,nan
뀔,U+B014,0,0,0,0,0,0.16790771484375,0.615234375,0.16412353515625,5,nan,nan
뀕,U+B015,0,0,0,0,0,0.1466064453125,0.599853515625,0.1495361328125,7,nan,nan
뀖,U+B016,0,0,0,0,0,0.15643310546875,0.643310546875,0.17572021484375,5,nan,nan
뀗,U+B017,0,0,0,0,0,0.172607421875,0.640380859375,0.183837890625,8,nan,nan
뀘,U+B018,0,0,0,0,0,0.1883544921875,0.690673828125,0.17181396484375,3,nan,nan
뀙,U+B019,0,0,0,0,0,0.1357421875,0.7459716796875,0.164306640625,8,nan,nan
뀚,U+B01A,0,0,1,1,0,0.14532470703125,0.7781982421875,0.17120361328125,5,nan,nan
뀛,U+B01B,0,0,0,0,0,0.1761474609375,0.64337158203125,0.18499755859375,8,nan,nan
뀜,U+B01C,0,0,0,0,0,0.1475830078125,0.56854248046875,0.14471435546875,4,nan,nan
뀝,U+B01D,0,0,0,0,0,0.138916015625,0.5859375,0.1328125,8,nan,nan
뀞,U+B01E,0,0,0,0,0,0.14013671875,0.6536865234375,0.1558837890625,7,nan,nan
뀟,U+B01F,0,0,0,0,0,0.141845703125,0.62255859375,0.130615234375,5,nan,nan
뀠,U+B020,0,0,0,0,0,0.15753173828125,0.6627197265625,0.1529541015625,2,nan,nan
뀡,U+B021,0,0,0,0,0,0.14727783203125,0.6005859375,0.123779296875,4,nan,nan
뀢,U+B022,0,0,1,1,0,0.1405029296875,0.58056640625,0.14520263671875,5,nan,nan
뀣,U+B023,0,0,0,0,0,0.14007568359375,0.65313720703125,0.1436767578125,6,nan,nan
뀤,U+B024,0,0,1,1,0,0.13153076171875,0.5689697265625,0.1341552734375,8,nan,nan
뀥,U+B025,0,0,1,1,0,0.1551513671875,0.58831787109375,0.150634765625,7,nan,nan
뀦,U+B026,0,0,0,0,0,0.15313720703125,0.619384765625,0.15618896484375,5,nan,nan
뀧,U+B027,0,0,0,0,0,0.1336669921875,0.6328125,0.139892578125,6,nan,nan
뀨,U+B028,0,0,0,0,0,0.09991455078125,0.533203125,0.09783935546875,2,nan,nan
뀩,U+B029,0,0,0,0,0,0.12353515625,0.62255859375,0.128662109375,9,nan,nan
뀪,U+B02A,0,0,1,1,0,0.11212158203125,0.48699951171875,0.1219482421875,4,nan,nan
뀫,U+B02B,0,0,0,0,0,0.1129150390625,0.4990234375,0.1151123046875,1,nan,nan
뀬,U+B02C,0,0,0,0,0,0.12774658203125,0.645751953125,0.12384033203125,3,nan,nan
뀭,U+B02D,0,0,1,1,0,0.127197265625,0.6141357421875,0.1337890625,5,nan,nan
뀮,U+B02E,0,0,1,1,0,0.13482666015625,0.57379150390625,0.1429443359375,6,nan,nan
뀯,U+B02F,0,0,1,1,0,0.13824462890625,0.673583984375,0.13568115234375,2,nan,nan
뀰,U+B030,0,0,0,0,0,0.1661376953125,0.6875,0.16485595703125,6,nan,nan
뀱,U+B031,0,0,0,0,0,0.13427734375,0.5908203125,0.15032958984375,5,nan,nan
뀲,U+B032,0,0,0,0,0,0.1502685546875,0.640625,0.17816162109375,8,nan,nan
뀳,U+B033,0,0,0,0,0,0.13836669921875,0.620361328125,0.16064453125,5,nan,nan
뀴,U+B034,0,0,0,0,0,0.166259765625,0.6953125,0.16961669921875,5,nan,nan
뀵,U+B035,0,0,0,0,0,0.1256103515625,0.56866455078125,0.14935302734375,2,nan,nan
뀶,U+B036,0,0,1,1,0,0.12554931640625,0.580810546875,0.152587890625,6,nan,nan
뀷,U+B037,0,0,0,0,0,0.15850830078125,0.6844482421875,0.17742919921875,4,nan,nan
뀸,U+B038,0,0,0,0,0,0.14068603515625,0.65087890625,0.13861083984375,2,nan,nan
뀹,U+B039,0,0,0,0,0,0.13311767578125,0.6357421875,0.14306640625,3,nan,nan
뀺,U+B03A,0,0,0,0,0,0.1229248046875,0.587646484375,0.1439208984375,7,nan,nan
뀻,U+B03B,0,0,0,0,0,0.133056640625,0.619384765625,0.12982177734375,3,nan,nan
뀼,U+B03C,0,0,0,0,0,0.14239501953125,0.63720703125,0.1392822265625,2,nan,nan
뀽,U+B03D,0,0,0,0,0,0.103759765625,0.4852294921875,0.0986328125,3,nan,nan
뀾,U+B03E,0,0,1,1,0,0.133544921875,0.51239013671875,0.13104248046875,3,nan,nan
뀿,U+B03F,0,0,0,0,0,0.12579345703125,0.630615234375,0.129150390625,7,nan,nan
끀,U+B040,0,0,1,1,0,0.11053466796875,0.48101806640625,0.11199951171875,3,nan,nan
끁,U+B041,0,0,1,1,0,0.1112060546875,0.43243408203125,0.1202392578125,4,nan,nan
끂,U+B042,0,0,0,0,0,0.1309814453125,0.64453125,0.13818359375,3,nan,nan
끃,U+B043,0,0,0,0,0,0.17437744140625,0.5859375,0.1309814453125,3,nan,nan
끄,U+B044,0,0,0,0,0,0.06573486328125,0.470458984375,0.0751953125,3,nan,nan
끅,U+B045,0,0,0,0,0,0.10791015625,0.645751953125,0.1060791015625,4,nan,nan
끆,U+B046,0,0,1,1,0,0.1046142578125,0.615234375,0.1102294921875,5,nan,nan
끇,U+B047,0,0,0,0,0,0.13299560546875,0.6409912109375,0.12884521484375,4,nan,nan
끈,U+B048,0,0,0,0,0,0.1129150390625,0.7818603515625,0.11688232421875,5,nan,nan
끉,U+B049,0,0,1,1,0,0.12872314453125,0.577392578125,0.12738037109375,5,nan,nan
끊,U+B04A,0,0,1,1,0,0.130126953125,0.62127685546875,0.136474609375,6,nan,nan
끋,U+B04B,0,0,1,1,0,0.12384033203125,0.615234375,0.118408203125,3,nan,nan
끌,U+B04C,0,0,0,0,0,0.1375732421875,0.80615234375,0.1693115234375,21,nan,nan
끍,U+B04D,0,0,0,0,0,0.12371826171875,0.56414794921875,0.140625,4,nan,nan
끎,U+B04E,0,0,0,0,0,0.15789794921875,0.6552734375,0.161865234375,7,nan,nan
끏,U+B04F,0,0,0,0,0,0.163818359375,0.750732421875,0.1798095703125,6,nan,nan
끐,U+B050,0,0,0,0,0,0.15069580078125,0.66815185546875,0.151611328125,3,nan,nan
끑,U+B051,0,0,0,0,0,0.1405029296875,0.561279296875,0.14813232421875,6,nan,nan
끒,U+B052,0,0,1,1,0,0.130126953125,0.5977783203125,0.14874267578125,6,nan,nan
끓,U+B053,0,0,0,0,0,0.17767333984375,0.6953125,0.1661376953125,8,nan,nan
끔,U+B054,0,0,0,0,0,0.12811279296875,0.66650390625,0.12896728515625,5,nan,nan
끕,U+B055,0,0,0,0,0,0.12286376953125,0.601806640625,0.12274169921875,6,nan,nan
끖,U+B056,0,0,0,0,0,0.1336669921875,0.63189697265625,0.1416015625,4,nan,nan
끗,U+B057,0,0,0,0,0,0.107666015625,0.5655517578125,0.09503173828125,5,nan,nan
끘,U+B058,0,0,0,0,0,0.1329345703125,0.64642333984375,0.1282958984375,4,nan,nan
끙,U+B059,0,0,0,0,0,0.09820556640625,0.5322265625,0.0902099609375,3,nan,nan
끚,U+B05A,0,0,1,1,0,0.11895751953125,0.53302001953125,0.11297607421875,4,nan,nan
끛,U+B05B,0,0,0,0,0,0.11492919921875,0.53912353515625,0.1153564453125,6,nan,nan
끜,U+B05C,0,0,1,1,0,0.1160888671875,0.5947265625,0.125,4,nan,nan
끝,U+B05D,0,0,1,1,0,0.12982177734375,0.58447265625,0.12420654296875,3,nan,nan
끞,U+B05E,0,0,0,0,0,0.13824462890625,0.63916015625,0.13604736328125,2,nan,nan
끟,U+B05F,0,0,0,0,0,0.09454345703125,0.51116943359375,0.09625244140625,5,nan,nan
끠,U+B060,0,0,0,0,0,0.08282470703125,0.357177734375,0.08221435546875,3,nan,nan
끡,U+B061,0,0,0,0,0,0.13128662109375,0.615966796875,0.127685546875,3,nan,nan
끢,U+B062,0,0,1,1,0,0.13836669921875,0.6456298828125,0.12969970703125,4,nan,nan
끣,U+B063,0,0,0,0,0,0.133056640625,0.7222900390625,0.1357421875,5,nan,nan
끤,U+B064,0,0,0,0,0,0.1307373046875,0.63916015625,0.13238525390625,5,nan,nan
끥,U+B065,0,0,1,1,0,0.1446533203125,0.64849853515625,0.1396484375,6,nan,nan
끦,U+B066,0,0,1,1,0,0.14862060546875,0.6015625,0.1429443359375,7,nan,nan
끧,U+B067,0,0,1,1,0,0.1126708984375,0.734130859375,0.13140869140625,6,nan,nan
끨,U+B068,0,0,0,0,0,0.1732177734375,0.6005859375,0.1612548828125,5,nan,nan
끩,U+B069,0,0,0,0,0,0.1566162109375,0.63323974609375,0.15869140625,5,nan,nan
끪,U+B06A,0,0,0,0,0,0.15167236328125,0.6356201171875,0.1680908203125,5,nan,nan
끫,U+B06B,0,0,0,0,0,0.1453857421875,0.671875,0.17486572265625,7,nan,nan
끬,U+B06C,0,0,0,0,0,0.13671875,0.73828125,0.1544189453125,8,nan,nan
끭,U+B06D,0,0,0,0,0,0.159423828125,0.6201171875,0.16558837890625,4,nan,nan
끮,U+B06E,0,0,1,1,0,0.157958984375,0.6171875,0.166015625,5,nan,nan
끯,U+B06F,0,0,0,0,0,0.16278076171875,0.6953125,0.173583984375,9,nan,nan
끰,U+B070,0,0,0,0,0,0.12847900390625,0.58343505859375,0.1337890625,4,nan,nan
끱,U+B071,0,0,0,0,0,0.130859375,0.597900390625,0.1370849609375,4,nan,nan
끲,U+B072,0,0,0,0,0,0.1243896484375,0.6875,0.14190673828125,6,nan,nan
끳,U+B073,0,0,0,0,0,0.12969970703125,0.58056640625,0.1204833984375,6,nan,nan
끴,U+B074,0,0,0,0,0,0.144287109375,0.744140625,0.13861083984375,6,nan,nan
끵,U+B075,0,0,0,0,0,0.14093017578125,0.6031494140625,0.11328125,5,nan,nan
끶,U+B076,0,0,1,1,0,0.14080810546875,0.640625,0.13848876953125,4,nan,nan
끷,U+B077,0,0,0,0,0,0.1318359375,0.66375732421875,0.14349365234375,9,nan,nan
끸,U+B078,0,0,1,1,0,0.131103515625,0.6328125,0.129150390625,4,nan,nan
끹,U+B079,0,0,1,1,0,0.13140869140625,0.52734375,0.13482666015625,4,nan,nan
끺,U+B07A,0,0,0,0,0,0.1431884765625,0.7265625,0.15301513671875,3,nan,nan
끻,U+B07B,0,0,0,0,0,0.133544921875,0.58746337890625,0.1195068359375,6,nan,nan
끼,U+B07C,0,0,0,0,0,0.09405517578125,0.49932861328125,0.0859375,4,nan,nan
끽,U+B07D,0,0,0,0,0,0.11810302734375,0.60809326171875,0.11029052734375,3,nan,nan
끾,U+B07E,0,0,1,1,0,0.11260986328125,0.6055908203125,0.1085205078125,4,nan,nan
끿,U+B07F,0,0,0,0,0,0.12152099609375,0.6844482421875,0.11602783203125,6,nan,nan
낀,U+B080,0,0,0,0,0,0.11492919921875,0.6005859375,0.0985107421875,3,nan,nan
낁,U+B081,0,0,1,1,0,0.12359619140625,0.703125,0.12432861328125,7,nan,nan
낂,U+B082,0,0,1,1,0,0.1103515625,0.74169921875,0.11810302734375,10,nan,nan
낃,U+B083,0,0,1,1,0,0.11737060546875,0.5340576171875,0.11224365234375,5,nan,nan
낄,U+B084,0,0,0,0,0,0.14263916015625,0.7613525390625,0.1380615234375,6,nan,nan
낅,U+B085,0,0,0,0,0,0.13031005859375,0.61236572265625,0.130615234375,5,nan,nan
낆,U+B086,0,0,0,0,0,0.1260986328125,0.744140625,0.15606689453125,20,nan,nan
낇,U+B087,0,0,0,0,0,0.141845703125,0.8359375,0.170654296875,7,nan,nan
낈,U+B088,0,0,0,0,0,0.1708984375,0.6953125,0.14599609375,3,nan,nan
낉,U+B089,0,0,0,0,0,0.13494873046875,0.6796875,0.1385498046875,4,nan,nan
낊,U+B08A,0,0,1,1,0,0.12921142578125,0.65887451171875,0.13629150390625,5,nan,nan
낋,U+B08B,0,0,0,0,0,0.1441650390625,0.6484375,0.1468505859375,8,nan,nan
낌,U+B08C,0,0,0,0,0,0.14202880859375,0.59686279296875,0.1195068359375,4,nan,nan
낍,U+B08D,0,0,0,0,0,0.13751220703125,0.59375,0.12200927734375,4,nan,nan
낎,U+B08E,0,0,0,0,0,0.1234130859375,0.7152099609375,0.12847900390625,7,nan,nan
낏,U+B08F,0,0,0,0,0,0.1158447265625,0.615234375,0.10321044921875,3,nan,nan
낐,U+B090,0,0,0,0,0,0.13690185546875,0.67205810546875,0.1217041015625,4,nan,nan
낑,U+B091,0,0,0,0,0,0.12255859375,0.59375,0.08905029296875,4,nan,nan
낒,U+B092,0,0,1,1,0,0.1224365234375,0.661376953125,0.107421875,4,nan,nan
낓,U+B093,0,0,0,0,0,0.1368408203125,0.569091796875,0.11676025390625,4,nan,nan
낔,U+B094,0,0,1,1,0,0.13226318359375,0.61236572265625,0.11383056640625,5,nan,nan
낕,U+B095,0,0,1,1,0,0.1298828125,0.50701904296875,0.12109375,6,nan,nan
낖,U+B096,0,0,0,0,0,0.1451416015625,0.72088623046875,0.13238525390625,4,nan,nan
낗,U+B097,0,0,0,0,0,0.1285400390625,0.59686279296875,0.123291015625,5,nan,nan
나,U+B098,0,0,0,0,1,0.09796142578125,0.921875,0.099365234375,2,25.993479645571586,0.964419015255377
낙,U+B099,0,0,0,0,0,0.08331298828125,0.51226806640625,0.085693359375,3,nan,nan
낚,U+B09A,0,0,1,1,0,0.0699462890625,0.729248046875,0.0897216796875,7,nan,nan
낛,U+B09B,0,0,0,0,0,0.10174560546875,0.6328125,0.11016845703125,4,nan,nan
난,U+B09C,0,0,0,0,0,0.06915283203125,0.595703125,0.07440185546875,2,nan,nan
낝,U+B09D,0,0,1,1,0,0.10845947265625,0.6328125,0.11383056640625,5,nan,nan
낞,U+B09E,0,0,1,1,0,0.11328125,0.6357421875,0.11505126953125,5,nan,nan
낟,U+B09F,0,0,1,1,0,0.077880859375,0.57843017578125,0.082275390625,3,nan,nan
날,U+B0A0,0,0,0,0,0,0.1181640625,0.5950927734375,0.12457275390625,4,nan,nan
낡,U+B0A1,0,0,0,0,0,0.10321044921875,0.6256103515625,0.10845947265625,4,nan,nan
낢,U+B0A2,0,0,0,0,0,0.11334228515625,0.6356201171875,0.13330078125,3,nan,nan
낣,U+B0A3,0,0,0,0,0,0.1234130859375,0.6356201171875,0.13018798828125,4,nan,nan
낤,U+B0A4,0,0,0,0,0,0.11505126953125,0.6229248046875,0.11865234375,6,nan,nan
낥,U+B0A5,0,0,0,0,0,0.09564208984375,0.60272216796875,0.11932373046875,9,nan,nan
낦,U+B0A6,0,0,1,1,0,0.10650634765625,0.578125,0.13507080078125,5,nan,nan
낧,U+B0A7,0,0,0,0,0,0.11688232421875,0.6201171875,0.1246337890625,5,nan,nan
남,U+B0A8,0,0,0,0,0,0.0860595703125,0.537109375,0.0831298828125,2,nan,nan
납,U+B0A9,0,0,0,0,0,0.10919189453125,0.6055908203125,0.10614013671875,3,nan,nan
낪,U+B0AA,0,0,0,0,0,0.10986328125,0.570556640625,0.11346435546875,4,nan,nan
낫,U+B0AB,0,0,0,0,0,0.09173583984375,0.59820556640625,0.08984375,3,nan,nan
났,U+B0AC,0,0,0,0,0,0.11822509765625,0.630615234375,0.11053466796875,3,nan,nan
낭,U+B0AD,0,0,0,0,0,0.08941650390625,0.6356201171875,0.07537841796875,5,nan,nan
낮,U+B0AE,0,0,1,1,0,0.08905029296875,0.61798095703125,0.09478759765625,3,nan,nan
낯,U+B0AF,0,0,0,0,0,0.09661865234375,0.56866455078125,0.10589599609375,5,nan,nan
낰,U+B0B0,0,0,1,1,0,0.0999755859375,0.589599609375,0.09954833984375,4,nan,nan
낱,U+B0B1,0,0,1,1,0,0.1053466796875,0.6005859375,0.10552978515625,3,nan,nan
낲,U+B0B2,0,0,0,0,0,0.09765625,0.54736328125,0.10650634765625,4,nan,nan
낳,U+B0B3,0,0,0,0,0,0.10504150390625,0.6796875,0.1004638671875,5,nan,nan
내,U+B0B4,0,0,0,0,0,0.09033203125,0.45806884765625,0.0850830078125,1,nan,nan
낵,U+B0B5,0,0,0,0,0,0.090576171875,0.5855712890625,0.10980224609375,6,nan,nan
낶,U+B0B6,0,0,1,1,0,0.09844970703125,0.595703125,0.1221923828125,5,nan,nan
낷,U+B0B7,0,0,0,0,0,0.12017822265625,0.625,0.12420654296875,5,nan,nan
낸,U+B0B8,0,0,0,0,0,0.09686279296875,0.5625,0.1087646484375,3,nan,nan
낹,U+B0B9,0,0,1,1,0,0.10675048828125,0.5882568359375,0.12493896484375,8,nan,nan
낺,U+B0BA,0,0,1,1,0,0.1171875,0.570556640625,0.13665771484375,5,nan,nan
낻,U+B0BB,0,0,1,1,0,0.095947265625,0.5435791015625,0.12213134765625,6,nan,nan
낼,U+B0BC,0,0,0,0,0,0.101806640625,0.5703125,0.12652587890625,8,nan,nan
낽,U+B0BD,0,0,0,0,0,0.12237548828125,0.58447265625,0.14447021484375,5,nan,nan
낾,U+B0BE,0,0,0,0,0,0.12579345703125,0.6015625,0.15374755859375,6,nan,nan
낿,U+B0BF,0,0,0,0,0,0.13421630859375,0.6015625,0.15570068359375,3,nan,nan
냀,U+B0C0,0,0,0,0,0,0.12652587890625,0.6171875,0.140869140625,4,nan,nan
냁,U+B0C1,0,0,0,0,0,0.114501953125,0.5767822265625,0.1507568359375,7,nan,nan
냂,U+B0C2,0,0,1,1,0,0.1231689453125,0.6171875,0.14697265625,5,nan,nan
냃,U+B0C3,0,0,0,0,0,0.139404296875,0.609375,0.167236328125,4,nan,nan
냄,U+B0C4,0,0,0,0,0,0.102783203125,0.5625,0.12371826171875,5,nan,nan
냅,U+B0C5,0,0,0,0,1,0.10711669921875,0.578125,0.12200927734375,3,24.588643813577217,0.9553723261014168
냆,U+B0C6,0,0,0,0,0,0.12213134765625,0.58447265625,0.13348388671875,3,nan,nan
냇,U+B0C7,0,0,0,0,0,0.10467529296875,0.538330078125,0.11126708984375,3,nan,nan
냈,U+B0C8,0,0,0,0,1,0.11956787109375,0.6015625,0.12359619140625,3,23.43142896532325,0.952431623022943
냉,U+B0C9,0,0,0,0,0,0.11517333984375,0.60272216796875,0.1092529296875,3,nan,nan
냊,U+B0CA,0,0,1,1,0,0.10711669921875,0.58746337890625,0.12261962890625,4,nan,nan
냋,U+B0CB,0,0,0,0,0,0.11358642578125,0.6171875,0.1279296875,7,nan,nan
냌,U+B0CC,0,0,1,1,0,0.10992431640625,0.69818115234375,0.13323974609375,5,nan,nan
냍,U+B0CD,0,0,1,1,0,0.11444091796875,0.54931640625,0.1331787109375,4,nan,nan
냎,U+B0CE,0,0,0,0,0,0.10089111328125,0.753662109375,0.12567138671875,9,nan,nan
냏,U+B0CF,0,0,0,0,0,0.12255859375,0.5625,0.10772705078125,5,nan,nan
냐,U+B0D0,0,0,0,0,0,0.0999755859375,0.806640625,0.093994140625,4,nan,nan
냑,U+B0D1,0,0,0,0,0,0.091552734375,0.6640625,0.099853515625,4,nan,nan
냒,U+B0D2,0,0,1,1,0,0.11090087890625,0.62127685546875,0.11053466796875,4,nan,nan
냓,U+B0D3,0,0,0,0,0,0.127197265625,0.6484375,0.1146240234375,3,nan,nan
냔,U+B0D4,0,0,0,0,0,0.09747314453125,0.60498046875,0.097412109375,4,nan,nan
냕,U+B0D5,0,0,1,1,0,0.11627197265625,0.6640625,0.11322021484375,4,nan,nan
냖,U+B0D6,0,0,1,1,0,0.1063232421875,0.65625,0.1260986328125,5,nan,nan
냗,U+B0D7,0,0,1,1,0,0.114501953125,0.6357421875,0.1107177734375,3,nan,nan
냘,U+B0D8,0,0,0,0,0,0.13079833984375,0.65887451171875,0.121337890625,3,nan,nan
냙,U+B0D9,0,0,0,0,0,0.12127685546875,0.65625,0.12939453125,6,nan,nan
냚,U+B0DA,0,0,0,0,0,0.112548828125,0.625,0.1309814453125,6,nan,nan
냛,U+B0DB,0,0,0,0,0,0.11541748046875,0.71875,0.14617919921875,5,nan,nan
냜,U+B0DC,0,0,0,0,0,0.1275634765625,0.61236572265625,0.13592529296875,5,nan,nan
냝,U+B0DD,0,0,0,0,0,0.1053466796875,0.6484375,0.1339111328125,5,nan,nan
냞,U+B0DE,0,0,1,1,0,0.112060546875,0.6171875,0.13232421875,8,nan,nan
냟,U+B0DF,0,0,0,0,0,0.128173828125,0.6484375,0.1436767578125,6,nan,nan
냠,U+B0E0,0,0,0,0,0,0.0947265625,0.61297607421875,0.1090087890625,3,nan,nan
냡,U+B0E1,0,0,0,0,0,0.1124267578125,0.60272216796875,0.11090087890625,3,nan,nan
냢,U+B0E2,0,0,0,0,0,0.13323974609375,0.60809326171875,0.134521484375,4,nan,nan
냣,U+B0E3,0,0,0,0,0,0.1107177734375,0.630615234375,0.0955810546875,3,nan,nan
냤,U+B0E4,0,0,0,0,0,0.1239013671875,0.671875,0.11322021484375,4,nan,nan
냥,U+B0E5,0,0,0,0,0,0.098388671875,0.6055908203125,0.0906982421875,5,nan,nan
냦,U+B0E6,0,0,1,1,0,0.11614990234375,0.630615234375,0.1092529296875,3,nan,nan
냧,U+B0E7,0,0,0,0,0,0.11505126953125,0.630615234375,0.11376953125,4,nan,nan
냨,U+B0E8,0,0,1,1,0,0.1053466796875,0.6640625,0.112548828125,4,nan,nan
냩,U+B0E9,0,0,1,1,0,0.117919921875,0.5950927734375,0.117431640625,3,nan,nan
냪,U+B0EA,0,0,0,0,0,0.13140869140625,0.661376953125,0.13250732421875,4,nan,nan
냫,U+B0EB,0,0,0,0,0,0.10662841796875,0.71875,0.1002197265625,5,nan,nan
냬,U+B0EC,0,0,0,0,0,0.1083984375,0.50048828125,0.10162353515625,2,nan,nan
냭,U+B0ED,0,0,0,0,0,0.09735107421875,0.599853515625,0.107421875,5,nan,nan
냮,U+B0EE,0,0,1,1,0,0.1175537109375,0.59375,0.13128662109375,6,nan,nan
냯,U+B0EF,0,0,0,0,0,0.13336181640625,0.60809326171875,0.1275634765625,7,nan,nan
냰,U+B0F0,0,0,0,0,0,0.10528564453125,0.6046142578125,0.1201171875,9,nan,nan
냱,U+B0F1,0,0,1,1,0,0.11553955078125,0.6328125,0.11981201171875,6,nan,nan
냲,U+B0F2,0,0,1,1,0,0.12652587890625,0.6171875,0.13018798828125,7,nan,nan
냳,U+B0F3,0,0,1,1,0,0.10174560546875,0.62786865234375,0.13238525390625,10,nan,nan
냴,U+B0F4,0,0,0,0,0,0.1640625,0.609375,0.15130615234375,4,nan,nan
냵,U+B0F5,0,0,0,0,0,0.138671875,0.6356201171875,0.1490478515625,8,nan,nan
냶,U+B0F6,0,0,0,0,0,0.1436767578125,0.6201171875,0.15704345703125,8,nan,nan
냷,U+B0F7,0,0,0,0,0,0.12969970703125,0.6201171875,0.149169921875,9,nan,nan
냸,U+B0F8,0,0,0,0,0,0.12567138671875,0.6356201171875,0.13653564453125,8,nan,nan
냹,U+B0F9,0,0,0,0,0,0.120849609375,0.65625,0.1505126953125,11,nan,nan
냺,U+B0FA,0,0,1,1,0,0.1385498046875,0.6640625,0.1619873046875,8,nan,nan
냻,U+B0FB,0,0,0,0,0,0.1197509765625,0.640625,0.15167236328125,6,nan,nan
냼,U+B0FC,0,0,0,0,0,0.1156005859375,0.70751953125,0.13323974609375,5,nan,nan
냽,U+B0FD,0,0,0,0,0,0.11346435546875,0.6201171875,0.1275634765625,4,nan,nan
냾,U+B0FE,0,0,0,0,0,0.12847900390625,0.625,0.141357421875,6,nan,nan
냿,U+B0FF,0,0,0,0,0,0.10430908203125,0.5908203125,0.11090087890625,6,nan,nan
넀,U+B100,0,0,0,0,0,0.13134765625,0.6484375,0.13348388671875,6,nan,nan
넁,U+B101,0,0,0,0,0,0.11834716796875,0.57861328125,0.10223388671875,3,nan,nan
넂,U+B102,0,0,1,1,0,0.11700439453125,0.70953369140625,0.125244140625,6,nan,nan
넃,U+B103,0,0,0,0,0,0.13018798828125,0.7286376953125,0.14068603515625,7,nan,nan
넄,U+B104,0,0,1,1,0,0.1136474609375,0.70159912109375,0.128662109375,8,nan,nan
넅,U+B105,0,0,1,1,0,0.1136474609375,0.6229248046875,0.13360595703125,5,nan,nan
넆,U+B106,0,0,0,0,0,0.12835693359375,0.59686279296875,0.142578125,10,nan,nan
넇,U+B107,0,0,0,0,0,0.14678955078125,0.7613525390625,0.11920166015625,6,nan,nan
너,U+B108,0,0,0,0,0,0.07073974609375,0.387451171875,0.07305908203125,2,nan,nan
넉,U+B109,0,0,0,0,0,0.09295654296875,0.4989013671875,0.0947265625,3,nan,nan
넊,U+B10A,0,0,1,1,0,0.10980224609375,0.5361328125,0.10992431640625,4,nan,nan
넋,U+B10B,0,0,0,0,0,0.11358642578125,0.6201171875,0.11358642578125,5,nan,nan
넌,U+B10C,0,0,0,0,0,0.08197021484375,0.510498046875,0.09423828125,3,nan,nan
넍,U+B10D,0,0,1,1,0,0.121826171875,0.625,0.125,4,nan,nan
넎,U+B10E,0,0,1,1,0,0.10430908203125,0.53125,0.11865234375,8,nan,nan
넏,U+B10F,0,0,1,1,0,0.08465576171875,0.61297607421875,0.0987548828125,4,nan,nan
널,U+B110,0,0,0,0,0,0.122802734375,0.569091796875,0.12982177734375,4,nan,nan
넑,U+B111,0,0,0,0,0,0.1187744140625,0.59375,0.12615966796875,4,nan,nan
넒,U+B112,0,0,0,0,0,0.12017822265625,0.671875,0.16802978515625,17,nan,nan
넓,U+B113,0,0,0,0,0,0.14404296875,0.5859375,0.147705078125,5,nan,nan
넔,U+B114,0,0,0,0,0,0.13031005859375,0.60546875,0.14337158203125,7,nan,nan
넕,U+B115,0,0,0,0,0,0.1307373046875,0.6328125,0.1600341796875,11,nan,nan
넖,U+B116,0,0,1,1,0,0.132568359375,0.6015625,0.1536865234375,6,nan,nan
넗,U+B117,0,0,0,0,0,0.106689453125,0.546875,0.1402587890625,12,nan,nan
넘,U+B118,0,0,0,0,0,0.08355712890625,0.4793701171875,0.10693359375,4,nan,nan
넙,U+B119,0,0,0,0,0,0.0828857421875,0.46417236328125,0.10528564453125,4,nan,nan
넚,U+B11A,0,0,0,0,0,0.11944580078125,0.61236572265625,0.12725830078125,3,nan,nan
넛,U+B11B,0,0,0,0,0,0.113037109375,0.5084228515625,0.09661865234375,3,nan,nan
넜,U+B11C,0,0,0,0,0,0.12542724609375,0.6484375,0.1182861328125,4,nan,nan
넝,U+B11D,0,0,0,0,0,0.07952880859375,0.4498291015625,0.08062744140625,2,nan,nan
넞,U+B11E,0,0,1,1,0,0.10601806640625,0.544921875,0.11334228515625,4,nan,nan
넟,U+B11F,0,0,0,0,0,0.1224365234375,0.59686279296875,0.120849609375,4,nan,nan
넠,U+B120,0,0,1,1,0,0.0994873046875,0.507080078125,0.10174560546875,3,nan,nan
넡,U+B121,0,0,1,1,0,0.13372802734375,0.5340576171875,0.12371826171875,4,nan,nan
넢,U+B122,0,0,0,0,0,0.126708984375,0.5257568359375,0.12335205078125,3,nan,nan
넣,U+B123,0,0,0,0,0,0.1070556640625,0.46728515625,0.09613037109375,4,nan,nan
네,U+B124,0,0,0,0,0,0.08538818359375,0.42913818359375,0.08935546875,3,nan,nan
넥,U+B125,0,0,0,0,0,0.0936279296875,0.527099609375,0.11328125,5,nan,nan
넦,U+B126,0,0,1,1,0,0.0938720703125,0.67901611328125,0.11566162109375,8,nan,nan
넧,U+B127,0,0,0,0,0,0.09893798828125,0.595703125,0.11676025390625,6,nan,nan
넨,U+B128,0,0,0,0,0,0.0977783203125,0.52978515625,0.11669921875,5,nan,nan
넩,U+B129,0,0,1,1,0,0.114501953125,0.625,0.14447021484375,7,nan,nan
넪,U+B12A,0,0,1,1,0,0.1131591796875,0.578125,0.14642333984375,9,nan,nan
넫,U+B12B,0,0,1,1,0,0.1080322265625,0.51116943359375,0.1204833984375,4,nan,nan
넬,U+B12C,0,0,0,0,0,0.1221923828125,0.73114013671875,0.13763427734375,6,nan,nan
넭,U+B12D,0,0,0,0,0,0.135009765625,0.744140625,0.1619873046875,5,nan,nan
넮,U+B12E,0,0,0,0,0,0.14056396484375,0.569091796875,0.1590576171875,6,nan,nan
넯,U+B12F,0,0,0,0,0,0.13531494140625,0.5736083984375,0.16143798828125,5,nan,nan
넰,U+B130,0,0,0,0,0,0.1268310546875,0.609375,0.148193359375,5,nan,nan
넱,U+B131,0,0,0,0,0,0.12628173828125,0.5537109375,0.1558837890625,13,nan,nan
넲,U+B132,0,0,1,1,0,0.1251220703125,0.6627197265625,0.1451416015625,7,nan,nan
넳,U+B133,0,0,0,0,0,0.13848876953125,0.578125,0.1629638671875,8,nan,nan
넴,U+B134,0,0,0,0,0,0.106689453125,0.56866455078125,0.130615234375,5,nan,nan
넵,U+B135,0,0,0,0,1,0.11383056640625,0.5546875,0.12689208984375,4,24.830987216754888,0.9605600532437445
넶,U+B136,0,0,0,0,0,0.11859130859375,0.6103515625,0.1395263671875,6,nan,nan
넷,U+B137,0,0,0,0,0,0.11553955078125,0.50958251953125,0.10931396484375,4,nan,nan
넸,U+B138,0,0,0,0,0,0.11663818359375,0.59033203125,0.1251220703125,5,nan,nan
넹,U+B139,0,0,0,0,0,0.117919921875,0.5546875,0.1082763671875,5,nan,nan
넺,U+B13A,0,0,1,1,0,0.1142578125,0.569091796875,0.1180419921875,5,nan,nan
넻,U+B13B,0,0,0,0,0,0.12286376953125,0.578125,0.1348876953125,7,nan,nan
넼,U+B13C,0,0,1,1,0,0.09869384765625,0.65625,0.12359619140625,10,nan,nan
넽,U+B13D,0,0,1,1,0,0.11456298828125,0.522216796875,0.1356201171875,5,nan,nan
넾,U+B13E,0,0,0,0,0,0.141357421875,0.640625,0.157470703125,7,nan,nan
넿,U+B13F,0,0,0,0,0,0.12261962890625,0.5390625,0.1165771484375,7,nan,nan
녀,U+B140,0,0,0,0,0,0.0693359375,0.3585205078125,0.0780029296875,2,nan,nan
녁,U+B141,0,0,0,0,0,0.11114501953125,0.578125,0.10821533203125,3,nan,nan
녂,U+B142,0,0,1,1,0,0.1009521484375,0.552001953125,0.11163330078125,7,nan,nan
녃,U+B143,0,0,0,0,0,0.10772705078125,0.6229248046875,0.11907958984375,6,nan,nan
년,U+B144,0,0,0,0,0,0.0855712890625,0.55694580078125,0.0980224609375,5,nan,nan
녅,U+B145,0,0,1,1,0,0.11297607421875,0.6640625,0.1298828125,5,nan,nan
녆,U+B146,0,0,1,1,0,0.1082763671875,0.59375,0.1229248046875,6,nan,nan
녇,U+B147,0,0,1,1,0,0.09552001953125,0.5286865234375,0.11895751953125,4,nan,nan
녈,U+B148,0,0,0,0,0,0.131103515625,0.6015625,0.139404296875,4,nan,nan
녉,U+B149,0,0,0,0,0,0.1158447265625,0.7109375,0.1337890625,5,nan,nan
녊,U+B14A,0,0,0,0,0,0.132080078125,0.6201171875,0.15496826171875,3,nan,nan
녋,U+B14B,0,0,0,0,0,0.12969970703125,0.6171875,0.1480712890625,3,nan,nan
녌,U+B14C,0,0,0,0,0,0.1478271484375,0.75,0.1513671875,5,nan,nan
녍,U+B14D,0,0,0,0,0,0.127685546875,0.640625,0.15264892578125,2,nan,nan
녎,U+B14E,0,0,1,1,0,0.12542724609375,0.6328125,0.15289306640625,7,nan,nan
녏,U+B14F,0,0,0,0,0,0.1292724609375,0.6484375,0.15679931640625,7,nan,nan
념,U+B150,0,0,0,0,0,0.095947265625,0.5426025390625,0.1136474609375,4,nan,nan
녑,U+B151,0,0,0,0,0,0.09381103515625,0.4713134765625,0.1083984375,5,nan,nan
녒,U+B152,0,0,0,0,0,0.13330078125,0.65887451171875,0.1402587890625,7,nan,nan
녓,U+B153,0,0,0,0,0,0.1064453125,0.54052734375,0.100341796875,3,nan,nan
녔,U+B154,0,0,0,0,0,0.1279296875,0.6484375,0.12493896484375,4,nan,nan
녕,U+B155,0,0,0,0,0,0.129638671875,0.5703125,0.09295654296875,3,nan,nan
녖,U+B156,0,0,1,1,0,0.10858154296875,0.59686279296875,0.11883544921875,4,nan,nan
녗,U+B157,0,0,0,0,0,0.12591552734375,0.6229248046875,0.1298828125,7,nan,nan
녘,U+B158,0,0,1,1,0,0.11029052734375,0.51934814453125,0.1092529296875,3,nan,nan
녙,U+B159,0,0,1,1,0,0.118896484375,0.52734375,0.1259765625,5,nan,nan
녚,U+B15A,0,0,0,0,0,0.1212158203125,0.6075439453125,0.13006591796875,7,nan,nan
녛,U+B15B,0,0,0,0,0,0.11614990234375,0.546875,0.10906982421875,5,nan,nan
녜,U+B15C,0,0,0,0,0,0.0909423828125,0.4736328125,0.1007080078125,5,nan,nan
녝,U+B15D,0,0,0,0,0,0.10107421875,0.54803466796875,0.12042236328125,6,nan,nan
녞,U+B15E,0,0,1,1,0,0.1038818359375,0.661376953125,0.13720703125,11,nan,nan
녟,U+B15F,0,0,0,0,0,0.11572265625,0.64337158203125,0.13458251953125,5,nan,nan
녠,U+B160,0,0,0,0,0,0.11492919921875,0.59375,0.1292724609375,6,nan,nan
녡,U+B161,0,0,1,1,0,0.126708984375,0.651123046875,0.15325927734375,8,nan,nan
녢,U+B162,0,0,1,1,0,0.12310791015625,0.6015625,0.14697265625,11,nan,nan
녣,U+B163,0,0,1,1,0,0.11822509765625,0.5645751953125,0.1400146484375,7,nan,nan
녤,U+B164,0,0,0,0,0,0.1197509765625,0.7109375,0.1456298828125,9,nan,nan
녥,U+B165,0,0,0,0,0,0.12347412109375,0.7734375,0.154541015625,10,nan,nan
녦,U+B166,0,0,0,0,0,0.14324951171875,0.70751953125,0.17083740234375,6,nan,nan
녧,U+B167,0,0,0,0,0,0.14306640625,0.59375,0.1707763671875,7,nan,nan
녨,U+B168,0,0,0,0,0,0.1331787109375,0.61798095703125,0.1549072265625,7,nan,nan
녩,U+B169,0,0,0,0,0,0.12860107421875,0.60272216796875,0.1568603515625,10,nan,nan
녪,U+B16A,0,0,1,1,0,0.13446044921875,0.559326171875,0.15875244140625,8,nan,nan
녫,U+B16B,0,0,0,0,0,0.156494140625,0.6484375,0.19000244140625,10,nan,nan
녬,U+B16C,0,0,0,0,0,0.13330078125,0.7305908203125,0.14642333984375,7,nan,nan
녭,U+B16D,0,0,0,0,0,0.12176513671875,0.54052734375,0.1341552734375,5,nan,nan
녮,U+B16E,0,0,0,0,0,0.137939453125,0.6484375,0.151123046875,4,nan,nan
녯,U+B16F,0,0,0,0,0,0.1297607421875,0.6075439453125,0.13360595703125,3,nan,nan
녰,U+B170,0,0,0,0,0,0.13385009765625,0.6328125,0.14154052734375,5,nan,nan
녱,U+B171,0,0,0,0,0,0.13720703125,0.5859375,0.13287353515625,5,nan,nan
녲,U+B172,0,0,1,1,0,0.12353515625,0.58135986328125,0.1346435546875,6,nan,nan
녳,U+B173,0,0,0,0,0,0.142822265625,0.6796875,0.15594482421875,8,nan,nan
녴,U+B174,0,0,1,1,0,0.1383056640625,0.578125,0.13543701171875,3,nan,nan
녵,U+B175,0,0,1,1,0,0.12091064453125,0.54931640625,0.14898681640625,9,nan,nan
녶,U+B176,0,0,0,0,0,0.13604736328125,0.75,0.15966796875,7,nan,nan
녷,U+B177,0,0,0,0,0,0.1473388671875,0.6015625,0.14495849609375,4,nan,nan
노,U+B178,0,0,0,0,0,0.0706787109375,0.403564453125,0.064697265625,1,nan,nan
녹,U+B179,0,0,0,0,0,0.0904541015625,0.666015625,0.097412109375,3,nan,nan
녺,U+B17A,0,0,1,1,0,0.097412109375,0.66815185546875,0.10540771484375,3,nan,nan
녻,U+B17B,0,0,0,0,0,0.111083984375,0.7152099609375,0.11236572265625,4,nan,nan
논,U+B17C,0,0,0,0,0,0.0716552734375,0.55389404296875,0.08197021484375,3,nan,nan
녽,U+B17D,0,0,1,1,0,0.11090087890625,0.6553955078125,0.1165771484375,5,nan,nan
녾,U+B17E,0,0,1,1,0,0.10858154296875,0.7056884765625,0.12200927734375,6,nan,nan
녿,U+B17F,0,0,1,1,0,0.090576171875,0.542724609375,0.10247802734375,3,nan,nan
놀,U+B180,0,0,0,0,0,0.11236572265625,0.63323974609375,0.11883544921875,3,nan,nan
놁,U+B181,0,0,0,0,0,0.12847900390625,0.6767578125,0.14752197265625,4,nan,nan
놂,U+B182,0,0,0,0,0,0.1253662109375,0.6484375,0.149169921875,5,nan,nan
놃,U+B183,0,0,0,0,0,0.13507080078125,0.67138671875,0.16156005859375,3,nan,nan
놄,U+B184,0,0,0,0,0,0.1314697265625,0.8216552734375,0.14862060546875,5,nan,nan
놅,U+B185,0,0,0,0,0,0.1156005859375,0.6627197265625,0.13873291015625,6,nan,nan
놆,U+B186,0,0,1,1,0,0.12933349609375,0.67901611328125,0.14825439453125,6,nan,nan
놇,U+B187,0,0,0,0,0,0.1719970703125,0.7890625,0.168701171875,7,nan,nan
놈,U+B188,0,0,0,0,0,0.10943603515625,0.6998291015625,0.123291015625,5,nan,nan
놉,U+B189,0,0,0,0,0,0.10687255859375,0.7265625,0.1173095703125,4,nan,nan
놊,U+B18A,0,0,0,0,0,0.109130859375,0.68316650390625,0.12677001953125,5,nan,nan
놋,U+B18B,0,0,0,0,0,0.08978271484375,0.531005859375,0.0867919921875,4,nan,nan
놌,U+B18C,0,0,0,0,0,0.1243896484375,0.828125,0.122314453125,3,nan,nan
농,U+B18D,0,0,0,0,0,0.10028076171875,0.5760498046875,0.081298828125,4,nan,nan
놎,U+B18E,0,0,1,1,0,0.09344482421875,0.50958251953125,0.091064453125,3,nan,nan
놏,U+B18F,0,0,0,0,0,0.11395263671875,0.5950927734375,0.1160888671875,5,nan,nan
놐,U+B190,0,0,1,1,0,0.0947265625,0.6180419921875,0.10498046875,4,nan,nan
놑,U+B191,0,0,1,1,0,0.1112060546875,0.5374755859375,0.10986328125,4,nan,nan
높,U+B192,0,0,0,0,0,0.12939453125,0.628173828125,0.1212158203125,4,nan,nan
놓,U+B193,0,0,0,0,0,0.1285400390625,0.6383056640625,0.1099853515625,4,nan,nan
놔,U+B194,0,0,0,0,0,0.0968017578125,0.62841796875,0.09942626953125,5,nan,nan
놕,U+B195,0,0,0,0,0,0.09539794921875,0.7117919921875,0.11175537109375,5,nan,nan
놖,U+B196,0,0,1,1,0,0.1259765625,0.75823974609375,0.13348388671875,6,nan,nan
놗,U+B197,0,0,0,0,0,0.125732421875,0.749267578125,0.13348388671875,7,nan,nan
놘,U+B198,0,0,0,0,0,0.1104736328125,0.71044921875,0.1148681640625,4,nan,nan
놙,U+B199,0,0,1,1,0,0.126953125,0.68316650390625,0.1351318359375,6,nan,nan
놚,U+B19A,0,0,1,1,0,0.13519287109375,0.692138671875,0.1444091796875,4,nan,nan
놛,U+B19B,0,0,1,1,0,0.1197509765625,0.63189697265625,0.12225341796875,3,nan,nan
놜,U+B19C,0,0,0,0,0,0.14501953125,0.72088623046875,0.14453125,4,nan,nan
놝,U+B19D,0,0,0,0,0,0.15411376953125,0.671875,0.1495361328125,4,nan,nan
놞,U+B19E,0,0,0,0,0,0.1380615234375,0.6536865234375,0.15478515625,4,nan,nan
놟,U+B19F,0,0,0,0,0,0.1470947265625,0.67437744140625,0.16632080078125,4,nan,nan
놠,U+B1A0,0,0,0,0,0,0.14215087890625,0.7109375,0.15228271484375,3,nan,nan
놡,U+B1A1,0,0,0,0,0,0.1409912109375,0.666015625,0.15631103515625,4,nan,nan
놢,U+B1A2,0,0,1,1,0,0.14215087890625,0.661376953125,0.151611328125,8,nan,nan
놣,U+B1A3,0,0,0,0,0,0.1375732421875,0.6796875,0.15374755859375,8,nan,nan
놤,U+B1A4,0,0,0,0,0,0.12982177734375,0.68505859375,0.13409423828125,4,nan,nan
놥,U+B1A5,0,0,0,0,0,0.1258544921875,0.6756591796875,0.12933349609375,4,nan,nan
놦,U+B1A6,0,0,0,0,0,0.14453125,0.692138671875,0.1458740234375,4,nan,nan
놧,U+B1A7,0,0,0,0,0,0.13433837890625,0.74591064453125,0.12017822265625,4,nan,nan
놨,U+B1A8,0,0,0,0,0,0.15350341796875,0.744140625,0.13916015625,4,nan,nan
놩,U+B1A9,0,0,0,0,0,0.11029052734375,0.66900634765625,0.11212158203125,4,nan,nan
놪,U+B1AA,0,0,1,1,0,0.11309814453125,0.65728759765625,0.1195068359375,6,nan,nan
놫,U+B1AB,0,0,0,0,0,0.14105224609375,0.6953125,0.142578125,6,nan,nan
놬,U+B1AC,0,0,1,1,0,0.126220703125,0.67901611328125,0.12744140625,5,nan,nan
놭,U+B1AD,0,0,1,1,0,0.145751953125,0.67901611328125,0.1395263671875,4,nan,nan
놮,U+B1AE,0,0,0,0,0,0.131103515625,0.73638916015625,0.14453125,4,nan,nan
놯,U+B1AF,0,0,0,0,0,0.13214111328125,0.703125,0.117919921875,5,nan,nan
놰,U+B1B0,0,0,0,0,0,0.1085205078125,0.4876708984375,0.11126708984375,3,nan,nan
놱,U+B1B1,0,0,0,0,0,0.11627197265625,0.60272216796875,0.1336669921875,4,nan,nan
놲,U+B1B2,0,0,1,1,0,0.12603759765625,0.76739501953125,0.1533203125,6,nan,nan
놳,U+B1B3,0,0,0,0,0,0.12933349609375,0.64337158203125,0.142333984375,5,nan,nan
놴,U+B1B4,0,0,0,0,0,0.112548828125,0.6201171875,0.134765625,3,nan,nan
놵,U+B1B5,0,0,1,1,0,0.1275634765625,0.6767578125,0.14849853515625,6,nan,nan
놶,U+B1B6,0,0,1,1,0,0.12750244140625,0.582763671875,0.14886474609375,6,nan,nan
놷,U+B1B7,0,0,1,1,0,0.10888671875,0.579833984375,0.14385986328125,10,nan,nan
놸,U+B1B8,0,0,0,0,0,0.14727783203125,0.5751953125,0.16656494140625,4,nan,nan
놹,U+B1B9,0,0,0,0,0,0.14337158203125,0.6015625,0.16827392578125,6,nan,nan
놺,U+B1BA,0,0,0,0,0,0.141357421875,0.625,0.1697998046875,8,nan,nan
놻,U+B1BB,0,0,0,0,0,0.13726806640625,0.59375,0.16815185546875,5,nan,nan
놼,U+B1BC,0,0,0,0,0,0.13958740234375,0.6484375,0.169677734375,4,nan,nan
놽,U+B1BD,0,0,0,0,0,0.14239501953125,0.59686279296875,0.1656494140625,7,nan,nan
놾,U+B1BE,0,0,1,1,0,0.14239501953125,0.609375,0.1644287109375,6,nan,nan
놿,U+B1BF,0,0,0,0,0,0.1510009765625,0.609375,0.16357421875,5,nan,nan
뇀,U+B1C0,0,0,0,0,0,0.10302734375,0.75531005859375,0.140625,8,nan,nan
뇁,U+B1C1,0,0,0,0,0,0.11932373046875,0.57220458984375,0.13983154296875,3,nan,nan
뇂,U+B1C2,0,0,0,0,0,0.14031982421875,0.65625,0.15423583984375,6,nan,nan
뇃,U+B1C3,0,0,0,0,0,0.12054443359375,0.62310791015625,0.13323974609375,3,nan,nan
뇄,U+B1C4,0,0,0,0,0,0.1341552734375,0.6640625,0.14996337890625,3,nan,nan
뇅,U+B1C5,0,0,0,0,0,0.13446044921875,0.6229248046875,0.12884521484375,3,nan,nan
뇆,U+B1C6,0,0,1,1,0,0.11700439453125,0.7890625,0.1383056640625,8,nan,nan
뇇,U+B1C7,0,0,0,0,0,0.14154052734375,0.640625,0.1591796875,4,nan,nan
뇈,U+B1C8,0,0,1,1,0,0.1168212890625,0.556640625,0.1383056640625,5,nan,nan
뇉,U+B1C9,0,0,1,1,0,0.13519287109375,0.589111328125,0.15386962890625,7,nan,nan
뇊,U+B1CA,0,0,0,0,0,0.1329345703125,0.6328125,0.15338134765625,5,nan,nan
뇋,U+B1CB,0,0,0,0,0,0.13787841796875,0.609375,0.1326904296875,4,nan,nan
뇌,U+B1CC,0,0,0,0,0,0.0968017578125,0.421875,0.0880126953125,2,nan,nan
뇍,U+B1CD,0,0,0,0,0,0.09600830078125,0.537353515625,0.10516357421875,4,nan,nan
뇎,U+B1CE,0,0,1,1,0,0.119873046875,0.7734375,0.12835693359375,6,nan,nan
뇏,U+B1CF,0,0,0,0,0,0.12646484375,0.64849853515625,0.12835693359375,5,nan,nan
뇐,U+B1D0,0,0,0,0,0,0.107666015625,0.66064453125,0.11907958984375,3,nan,nan
뇑,U+B1D1,0,0,1,1,0,0.1219482421875,0.6666259765625,0.140380859375,3,nan,nan
뇒,U+B1D2,0,0,1,1,0,0.118896484375,0.5546875,0.14068603515625,9,nan,nan
뇓,U+B1D3,0,0,1,1,0,0.106201171875,0.544921875,0.12908935546875,10,nan,nan
뇔,U+B1D4,0,0,0,0,0,0.1356201171875,0.53302001953125,0.14166259765625,5,nan,nan
뇕,U+B1D5,0,0,0,0,0,0.13592529296875,0.71875,0.1473388671875,5,nan,nan
뇖,U+B1D6,0,0,0,0,0,0.1290283203125,0.53558349609375,0.14410400390625,5,nan,nan
뇗,U+B1D7,0,0,0,0,0,0.13214111328125,0.58135986328125,0.15478515625,5,nan,nan
뇘,U+B1D8,0,0,0,0,0,0.13287353515625,0.6229248046875,0.1495361328125,3,nan,nan
뇙,U+B1D9,0,0,0,0,0,0.12994384765625,0.6962890625,0.15338134765625,7,nan,nan
뇚,U+B1DA,0,0,1,1,0,0.14459228515625,0.64849853515625,0.16058349609375,4,nan,nan
뇛,U+B1DB,0,0,0,0,0,0.1544189453125,0.71875,0.14794921875,5,nan,nan
뇜,U+B1DC,0,0,0,0,0,0.1234130859375,0.537353515625,0.1304931640625,4,nan,nan
뇝,U+B1DD,0,0,0,0,0,0.117919921875,0.52001953125,0.122314453125,4,nan,nan
뇞,U+B1DE,0,0,0,0,0,0.12542724609375,0.671875,0.14105224609375,6,nan,nan
뇟,U+B1DF,0,0,0,0,0,0.10333251953125,0.579833984375,0.10870361328125,4,nan,nan
뇠,U+B1E0,0,0,0,0,0,0.1309814453125,0.64599609375,0.1309814453125,6,nan,nan
뇡,U+B1E1,0,0,0,0,0,0.11517333984375,0.52734375,0.10205078125,3,nan,nan
뇢,U+B1E2,0,0,1,1,0,0.12115478515625,0.6046142578125,0.123046875,4,nan,nan
뇣,U+B1E3,0,0,0,0,0,0.11944580078125,0.6103515625,0.125244140625,6,nan,nan
뇤,U+B1E4,0,0,1,1,0,0.12078857421875,0.5137939453125,0.1239013671875,3,nan,nan
뇥,U+B1E5,0,0,1,1,0,0.12353515625,0.4954833984375,0.13092041015625,4,nan,nan
뇦,U+B1E6,0,0,0,0,0,0.12249755859375,0.7109375,0.13897705078125,4,nan,nan
뇧,U+B1E7,0,0,0,0,0,0.1082763671875,0.53125,0.10919189453125,8,nan,nan
뇨,U+B1E8,0,0,0,0,0,0.08709716796875,0.428466796875,0.07611083984375,2,nan,nan
뇩,U+B1E9,0,0,0,0,0,0.0970458984375,0.613037109375,0.1002197265625,3,nan,nan
뇪,U+B1EA,0,0,1,1,0,0.1124267578125,0.7109375,0.12689208984375,3,nan,nan
뇫,U+B1EB,0,0,0,0,0,0.11517333984375,0.734375,0.1243896484375,6,nan,nan
뇬,U+B1EC,0,0,0,0,0,0.099853515625,0.7171630859375,0.10748291015625,3,nan,nan
뇭,U+B1ED,0,0,1,1,0,0.137451171875,0.7286376953125,0.1319580078125,4,nan,nan
뇮,U+B1EE,0,0,1,1,0,0.11785888671875,0.67901611328125,0.1285400390625,4,nan,nan
뇯,U+B1EF,0,0,1,1,0,0.1094970703125,0.6767578125,0.12176513671875,3,nan,nan
뇰,U+B1F0,0,0,0,0,0,0.14105224609375,0.734375,0.15350341796875,3,nan,nan
뇱,U+B1F1,0,0,0,0,0,0.13525390625,0.8046875,0.15234375,6,nan,nan
뇲,U+B1F2,0,0,0,0,0,0.1197509765625,0.6484375,0.14251708984375,4,nan,nan
뇳,U+B1F3,0,0,0,0,0,0.1317138671875,0.64337158203125,0.16314697265625,11,nan,nan
뇴,U+B1F4,0,0,0,0,0,0.12762451171875,0.6953125,0.15203857421875,5,nan,nan
뇵,U+B1F5,0,0,0,0,0,0.1082763671875,0.6640625,0.13458251953125,7,nan,nan
뇶,U+B1F6,0,0,1,1,0,0.12139892578125,0.6356201171875,0.14373779296875,5,nan,nan
뇷,U+B1F7,0,0,0,0,0,0.1212158203125,0.67437744140625,0.1607666015625,8,nan,nan
뇸,U+B1F8,0,0,0,0,0,0.12481689453125,0.7734375,0.13494873046875,2,nan,nan
뇹,U+B1F9,0,0,0,0,0,0.12542724609375,0.7056884765625,0.12322998046875,5,nan,nan
뇺,U+B1FA,0,0,0,0,0,0.12689208984375,0.6796875,0.13580322265625,5,nan,nan
뇻,U+B1FB,0,0,0,0,0,0.123291015625,0.66815185546875,0.10504150390625,3,nan,nan
뇼,U+B1FC,0,0,0,0,0,0.1456298828125,0.7734375,0.1341552734375,3,nan,nan
뇽,U+B1FD,0,0,0,0,0,0.0985107421875,0.6256103515625,0.10345458984375,4,nan,nan
뇾,U+B1FE,0,0,1,1,0,0.1063232421875,0.6229248046875,0.10748291015625,3,nan,nan
뇿,U+B1FF,0,0,0,0,0,0.11138916015625,0.6015625,0.116943359375,5,nan,nan
눀,U+B200,0,0,1,1,0,0.11492919921875,0.65887451171875,0.11962890625,5,nan,nan
눁,U+B201,0,0,1,1,0,0.11431884765625,0.5306396484375,0.1240234375,3,nan,nan
눂,U+B202,0,0,0,0,0,0.1455078125,0.67437744140625,0.14202880859375,3,nan,nan
눃,U+B203,0,0,0,0,0,0.1053466796875,0.59375,0.0992431640625,5,nan,nan
누,U+B204,0,0,0,0,0,0.0477294921875,0.421142578125,0.05419921875,4,nan,nan
눅,U+B205,0,0,0,0,0,0.07672119140625,0.679443359375,0.08380126953125,4,nan,nan
눆,U+B206,0,0,1,1,0,0.10479736328125,0.6998291015625,0.1033935546875,3,nan,nan
눇,U+B207,0,0,0,0,0,0.1195068359375,0.62774658203125,0.109619140625,3,nan,nan
눈,U+B208,0,0,0,0,0,0.08734130859375,0.56549072265625,0.08349609375,3,nan,nan
눉,U+B209,0,0,1,1,0,0.11663818359375,0.6121826171875,0.1055908203125,5,nan,nan
눊,U+B20A,0,0,1,1,0,0.103515625,0.598388671875,0.10577392578125,5,nan,nan
눋,U+B20B,0,0,1,1,0,0.10540771484375,0.60272216796875,0.10333251953125,3,nan,nan
눌,U+B20C,0,0,0,0,0,0.13360595703125,0.75531005859375,0.13763427734375,5,nan,nan
눍,U+B20D,0,0,0,0,0,0.1126708984375,0.63189697265625,0.1153564453125,4,nan,nan
눎,U+B20E,0,0,0,0,0,0.10479736328125,0.620361328125,0.12200927734375,5,nan,nan
눏,U+B20F,0,0,0,0,0,0.11016845703125,0.61297607421875,0.12774658203125,8,nan,nan
눐,U+B210,0,0,0,0,0,0.1204833984375,0.70538330078125,0.12677001953125,4,nan,nan
눑,U+B211,0,0,0,0,0,0.1182861328125,0.690673828125,0.12872314453125,8,nan,nan
눒,U+B212,0,0,1,1,0,0.111328125,0.6646728515625,0.12811279296875,4,nan,nan
눓,U+B213,0,0,0,0,0,0.102783203125,0.71636962890625,0.13238525390625,9,nan,nan
눔,U+B214,0,0,0,0,0,0.0926513671875,0.5474853515625,0.09539794921875,2,nan,nan
눕,U+B215,0,0,0,0,0,0.09759521484375,0.533447265625,0.10321044921875,3,nan,nan
눖,U+B216,0,0,0,0,0,0.1295166015625,0.6246337890625,0.11920166015625,4,nan,nan
눗,U+B217,0,0,0,0,0,0.09625244140625,0.56396484375,0.08544921875,2,nan,nan
눘,U+B218,0,0,0,0,0,0.1292724609375,0.703125,0.12060546875,2,nan,nan
눙,U+B219,0,0,0,0,0,0.086669921875,0.595703125,0.08624267578125,3,nan,nan
눚,U+B21A,0,0,1,1,0,0.09466552734375,0.53466796875,0.08575439453125,2,nan,nan
눛,U+B21B,0,0,0,0,0,0.11322021484375,0.58343505859375,0.10650634765625,4,nan,nan
눜,U+B21C,0,0,1,1,0,0.098388671875,0.54876708984375,0.09027099609375,2,nan,nan
눝,U+B21D,0,0,1,1,0,0.1190185546875,0.57220458984375,0.1162109375,5,nan,nan
눞,U+B21E,0,0,0,0,0,0.1376953125,0.7109375,0.1361083984375,3,nan,nan
눟,U+B21F,0,0,0,0,0,0.08770751953125,0.4998779296875,0.081787109375,5,nan,nan
눠,U+B220,0,0,0,0,0,0.098388671875,0.476806640625,0.09991455078125,3,nan,nan
눡,U+B221,0,0,0,0,0,0.11773681640625,0.62786865234375,0.123291015625,6,nan,nan
눢,U+B222,0,0,1,1,0,0.12481689453125,0.7657470703125,0.14910888671875,9,nan,nan
눣,U+B223,0,0,0,0,0,0.1346435546875,0.6767578125,0.1370849609375,9,nan,nan
눤,U+B224,0,0,0,0,0,0.11773681640625,0.65313720703125,0.127197265625,9,nan,nan
눥,U+B225,0,0,1,1,0,0.12451171875,0.6844482421875,0.1468505859375,7,nan,nan
눦,U+B226,0,0,1,1,0,0.13043212890625,0.8359375,0.15814208984375,4,nan,nan
눧,U+B227,0,0,1,1,0,0.1104736328125,0.6005859375,0.13714599609375,10,nan,nan
눨,U+B228,0,0,0,0,0,0.12750244140625,0.7767333984375,0.14404296875,9,nan,nan
눩,U+B229,0,0,0,0,0,0.140380859375,0.7171630859375,0.17047119140625,8,nan,nan
눪,U+B22A,0,0,0,0,0,0.1336669921875,0.6962890625,0.1668701171875,8,nan,nan
눫,U+B22B,0,0,0,0,0,0.141357421875,0.6640625,0.17474365234375,9,nan,nan
눬,U+B22C,0,0,0,0,0,0.145263671875,0.71875,0.1700439453125,7,nan,nan
눭,U+B22D,0,0,0,0,0,0.14654541015625,0.7578125,0.1710205078125,6,nan,nan
눮,U+B22E,0,0,1,1,0,0.15289306640625,0.70538330078125,0.1744384765625,6,nan,nan
눯,U+B22F,0,0,0,0,0,0.15777587890625,0.7734375,0.1658935546875,7,nan,nan
눰,U+B230,0,0,0,0,0,0.10858154296875,0.701904296875,0.13665771484375,6,nan,nan
눱,U+B231,0,0,0,0,0,0.1219482421875,0.5615234375,0.1319580078125,4,nan,nan
눲,U+B232,0,0,0,0,0,0.1292724609375,0.81634521484375,0.152099609375,6,nan,nan
눳,U+B233,0,0,0,0,0,0.10748291015625,0.630615234375,0.1253662109375,7,nan,nan
눴,U+B234,0,0,0,0,0,0.13348388671875,0.65887451171875,0.14019775390625,6,nan,nan
눵,U+B235,0,0,0,0,0,0.11834716796875,0.569091796875,0.11444091796875,3,nan,nan
눶,U+B236,0,0,1,1,0,0.11737060546875,0.6356201171875,0.1324462890625,6,nan,nan
눷,U+B237,0,0,0,0,0,0.1212158203125,0.651123046875,0.15142822265625,9,nan,nan
눸,U+B238,0,0,1,1,0,0.128173828125,0.76904296875,0.1405029296875,10,nan,nan
눹,U+B239,0,0,1,1,0,0.1212158203125,0.5921630859375,0.14892578125,8,nan,nan
눺,U+B23A,0,0,0,0,0,0.13311767578125,0.6357421875,0.1470947265625,12,nan,nan
눻,U+B23B,0,0,0,0,0,0.1329345703125,0.609375,0.1256103515625,9,nan,nan
눼,U+B23C,0,0,0,0,0,0.1187744140625,0.57427978515625,0.12689208984375,5,nan,nan
눽,U+B23D,0,0,0,0,0,0.11956787109375,0.70538330078125,0.1434326171875,4,nan,nan
눾,U+B23E,0,0,1,1,0,0.1287841796875,0.762939453125,0.1602783203125,8,nan,nan
눿,U+B23F,0,0,0,0,0,0.1484375,0.703125,0.15130615234375,8,nan,nan
뉀,U+B240,0,0,0,0,0,0.129150390625,0.6337890625,0.150634765625,6,nan,nan
뉁,U+B241,0,0,1,1,0,0.14208984375,0.6962890625,0.17242431640625,5,nan,nan
뉂,U+B242,0,0,1,1,0,0.13507080078125,0.6456298828125,0.15191650390625,8,nan,nan
뉃,U+B243,0,0,1,1,0,0.13116455078125,0.64849853515625,0.14630126953125,9,nan,nan
뉄,U+B244,0,0,0,0,0,0.15618896484375,0.6844482421875,0.17791748046875,6,nan,nan
뉅,U+B245,0,0,0,0,0,0.162841796875,0.8125,0.1778564453125,9,nan,nan
뉆,U+B246,0,0,0,0,0,0.14202880859375,0.628173828125,0.17144775390625,6,nan,nan
뉇,U+B247,0,0,0,0,0,0.1494140625,0.661376953125,0.18341064453125,7,nan,nan
뉈,U+B248,0,0,0,0,0,0.15765380859375,0.6875,0.17401123046875,9,nan,nan
뉉,U+B249,0,0,0,0,0,0.1644287109375,0.713134765625,0.189697265625,5,nan,nan
뉊,U+B24A,0,0,1,1,0,0.1588134765625,0.703125,0.196044921875,9,nan,nan
뉋,U+B24B,0,0,0,0,0,0.15924072265625,0.6337890625,0.171630859375,12,nan,nan
뉌,U+B24C,0,0,0,0,0,0.1461181640625,0.753662109375,0.17230224609375,6,nan,nan
뉍,U+B24D,0,0,0,0,0,0.13568115234375,0.62548828125,0.1600341796875,6,nan,nan
뉎,U+B24E,0,0,0,0,0,0.1590576171875,0.7265625,0.1744384765625,7,nan,nan
뉏,U+B24F,0,0,0,0,0,0.12060546875,0.65728759765625,0.13372802734375,7,nan,nan
뉐,U+B250,0,0,0,0,0,0.1597900390625,0.7109375,0.16778564453125,6,nan,nan
뉑,U+B251,0,0,0,0,0,0.1375732421875,0.7152099609375,0.141845703125,5,nan,nan
뉒,U+B252,0,0,1,1,0,0.1451416015625,0.6640625,0.15789794921875,5,nan,nan
뉓,U+B253,0,0,0,0,0,0.14263916015625,0.6875,0.1575927734375,8,nan,nan
뉔,U+B254,0,0,1,1,0,0.149169921875,0.5977783203125,0.16156005859375,3,nan,nan
뉕,U+B255,0,0,1,1,0,0.1480712890625,0.6484375,0.17431640625,8,nan,nan
뉖,U+B256,0,0,0,0,0,0.139892578125,0.661376953125,0.16265869140625,9,nan,nan
뉗,U+B257,0,0,0,0,0,0.1431884765625,0.6767578125,0.1400146484375,6,nan,nan
뉘,U+B258,0,0,0,0,0,0.0782470703125,0.43505859375,0.0810546875,3,nan,nan
뉙,U+B259,0,0,0,0,0,0.1068115234375,0.5760498046875,0.11004638671875,3,nan,nan
뉚,U+B25A,0,0,1,1,0,0.1175537109375,0.59375,0.11785888671875,4,nan,nan
뉛,U+B25B,0,0,0,0,0,0.12579345703125,0.78125,0.12005615234375,5,nan,nan
뉜,U+B25C,0,0,0,0,0,0.10467529296875,0.57244873046875,0.10150146484375,4,nan,nan
뉝,U+B25D,0,0,1,1,0,0.12554931640625,0.66375732421875,0.1219482421875,5,nan,nan
뉞,U+B25E,0,0,1,1,0,0.12615966796875,0.6484375,0.145263671875,8,nan,nan
뉟,U+B25F,0,0,1,1,0,0.1065673828125,0.6201171875,0.123291015625,6,nan,nan
뉠,U+B260,0,0,0,0,1,0.13311767578125,0.6015625,0.14117431640625,4,24.202217650441355,0.9516390300384346
뉡,U+B261,0,0,0,0,0,0.14129638671875,0.7734375,0.1549072265625,11,nan,nan
뉢,U+B262,0,0,0,0,0,0.132080078125,0.6328125,0.15728759765625,6,nan,nan
뉣,U+B263,0,0,0,0,0,0.13916015625,0.62310791015625,0.1556396484375,4,nan,nan
뉤,U+B264,0,0,0,0,0,0.13800048828125,0.713134765625,0.1485595703125,4,nan,nan
뉥,U+B265,0,0,0,0,0,0.1385498046875,0.7073974609375,0.1649169921875,5,nan,nan
뉦,U+B266,0,0,1,1,0,0.14105224609375,0.6690673828125,0.1602783203125,6,nan,nan
뉧,U+B267,0,0,0,0,0,0.13983154296875,0.65625,0.15814208984375,6,nan,nan
뉨,U+B268,0,0,0,0,0,0.1134033203125,0.7781982421875,0.1275634765625,4,nan,nan
뉩,U+B269,0,0,0,0,0,0.1182861328125,0.5767822265625,0.12384033203125,5,nan,nan
뉪,U+B26A,0,0,0,0,0,0.13104248046875,0.6866455078125,0.1380615234375,7,nan,nan
뉫,U+B26B,0,0,0,0,0,0.1046142578125,0.53912353515625,0.10296630859375,4,nan,nan
뉬,U+B26C,0,0,0,0,0,0.12298583984375,0.6536865234375,0.12188720703125,4,nan,nan
뉭,U+B26D,0,0,0,0,0,0.1324462890625,0.6229248046875,0.1190185546875,3,nan,nan
뉮,U+B26E,0,0,1,1,0,0.1265869140625,0.62786865234375,0.12249755859375,4,nan,nan
뉯,U+B26F,0,0,0,0,0,0.1141357421875,0.62786865234375,0.12701416015625,3,nan,nan
뉰,U+B270,0,0,1,1,0,0.11236572265625,0.6356201171875,0.126220703125,5,nan,nan
뉱,U+B271,0,0,1,1,0,0.121826171875,0.6015625,0.145263671875,11,nan,nan
뉲,U+B272,0,0,0,0,0,0.12158203125,0.6015625,0.12860107421875,6,nan,nan
뉳,U+B273,0,0,0,0,0,0.120361328125,0.7890625,0.1317138671875,10,nan,nan
뉴,U+B274,0,0,0,0,0,0.0909423828125,0.5859375,0.08636474609375,2,nan,nan
뉵,U+B275,0,0,0,0,0,0.11212158203125,0.6866455078125,0.10723876953125,2,nan,nan
뉶,U+B276,0,0,1,1,0,0.11639404296875,0.70159912109375,0.12152099609375,5,nan,nan
뉷,U+B277,0,0,0,0,0,0.12994384765625,0.692138671875,0.11785888671875,2,nan,nan
뉸,U+B278,0,0,0,0,0,0.11016845703125,0.6357421875,0.1046142578125,5,nan,nan
뉹,U+B279,0,0,1,1,0,0.12005615234375,0.666015625,0.11407470703125,4,nan,nan
뉺,U+B27A,0,0,1,1,0,0.10980224609375,0.6192626953125,0.11907958984375,6,nan,nan
뉻,U+B27B,0,0,1,1,0,0.11358642578125,0.718994140625,0.11907958984375,2,nan,nan
뉼,U+B27C,0,0,0,0,0,0.14666748046875,0.7767333984375,0.14898681640625,2,nan,nan
뉽,U+B27D,0,0,0,0,0,0.1318359375,0.668212890625,0.14630126953125,4,nan,nan
뉾,U+B27E,0,0,0,0,0,0.121337890625,0.6298828125,0.1412353515625,4,nan,nan
뉿,U+B27F,0,0,0,0,0,0.11895751953125,0.68316650390625,0.1444091796875,5,nan,nan
늀,U+B280,0,0,0,0,0,0.1214599609375,0.732421875,0.135009765625,5,nan,nan
늁,U+B281,0,0,0,0,0,0.11663818359375,0.6942138671875,0.14361572265625,7,nan,nan
늂,U+B282,0,0,1,1,0,0.12176513671875,0.68505859375,0.1422119140625,3,nan,nan
늃,U+B283,0,0,0,0,0,0.1075439453125,0.69818115234375,0.1431884765625,7,nan,nan
늄,U+B284,0,0,0,0,0,0.11505126953125,0.6842041015625,0.12127685546875,3,nan,nan
늅,U+B285,0,0,0,0,0,0.11981201171875,0.60498046875,0.12811279296875,3,nan,nan
늆,U+B286,0,0,0,0,0,0.1217041015625,0.670166015625,0.122802734375,3,nan,nan
늇,U+B287,0,0,0,0,0,0.11810302734375,0.6875,0.10772705078125,3,nan,nan
늈,U+B288,0,0,0,0,0,0.132080078125,0.6998291015625,0.12005615234375,3,nan,nan
늉,U+B289,0,0,0,0,0,0.11859130859375,0.67437744140625,0.0885009765625,3,nan,nan
늊,U+B28A,0,0,1,1,0,0.11138916015625,0.537353515625,0.1025390625,3,nan,nan
늋,U+B28B,0,0,0,0,0,0.1043701171875,0.5545654296875,0.10809326171875,5,nan,nan
늌,U+B28C,0,0,1,1,0,0.1202392578125,0.589599609375,0.111083984375,5,nan,nan
늍,U+B28D,0,0,1,1,0,0.14117431640625,0.62548828125,0.13775634765625,3,nan,nan
늎,U+B28E,0,0,0,0,0,0.1256103515625,0.68115234375,0.13262939453125,8,nan,nan
늏,U+B28F,0,0,0,0,0,0.151123046875,0.703125,0.1134033203125,4,nan,nan
느,U+B290,0,0,0,0,0,0.0518798828125,0.3553466796875,0.04901123046875,2,nan,nan
늑,U+B291,0,0,0,0,0,0.09332275390625,0.6640625,0.09417724609375,5,nan,nan
늒,U+B292,0,0,1,1,0,0.11492919921875,0.8258056640625,0.11663818359375,5,nan,nan
늓,U+B293,0,0,0,0,0,0.123046875,0.70159912109375,0.1165771484375,3,nan,nan
는,U+B294,0,0,0,0,0,0.09002685546875,0.71044921875,0.0963134765625,3,nan,nan
늕,U+B295,0,0,1,1,0,0.1229248046875,0.720703125,0.1207275390625,5,nan,nan
늖,U+B296,0,0,1,1,0,0.106201171875,0.57421875,0.113525390625,5,nan,nan
늗,U+B297,0,0,1,1,0,0.10980224609375,0.679443359375,0.1090087890625,5,nan,nan
늘,U+B298,0,0,0,0,0,0.13311767578125,0.703857421875,0.1256103515625,4,nan,nan
늙,U+B299,0,0,0,0,0,0.13177490234375,0.78289794921875,0.13409423828125,7,nan,nan
늚,U+B29A,0,0,0,0,0,0.12261962890625,0.6646728515625,0.1373291015625,4,nan,nan
늛,U+B29B,0,0,0,0,0,0.13153076171875,0.749267578125,0.145263671875,7,nan,nan
늜,U+B29C,0,0,0,0,0,0.13079833984375,0.765625,0.1422119140625,4,nan,nan
늝,U+B29D,0,0,0,0,0,0.1387939453125,0.7459716796875,0.15045166015625,5,nan,nan
늞,U+B29E,0,0,1,1,0,0.13720703125,0.80224609375,0.14892578125,6,nan,nan
늟,U+B29F,0,0,0,0,0,0.1356201171875,0.7222900390625,0.1517333984375,7,nan,nan
늠,U+B2A0,0,0,0,0,0,0.10772705078125,0.6986083984375,0.1134033203125,5,nan,nan
늡,U+B2A1,0,0,0,0,0,0.102783203125,0.60498046875,0.1063232421875,3,nan,nan
늢,U+B2A2,0,0,0,0,0,0.14093017578125,0.6942138671875,0.1312255859375,4,nan,nan
늣,U+B2A3,0,0,0,0,0,0.09942626953125,0.7476806640625,0.0902099609375,4,nan,nan
늤,U+B2A4,0,0,0,0,0,0.1324462890625,0.74169921875,0.114990234375,3,nan,nan
능,U+B2A5,0,0,0,0,0,0.09539794921875,0.6925048828125,0.08447265625,3,nan,nan
늦,U+B2A6,0,0,1,1,0,0.107421875,0.61297607421875,0.0955810546875,3,nan,nan
늧,U+B2A7,0,0,0,0,0,0.1092529296875,0.75823974609375,0.10498046875,5,nan,nan
늨,U+B2A8,0,0,1,1,0,0.10064697265625,0.579345703125,0.09698486328125,3,nan,nan
늩,U+B2A9,0,0,1,1,0,0.1241455078125,0.570556640625,0.1182861328125,3,nan,nan
늪,U+B2AA,0,0,0,0,0,0.1331787109375,0.775146484375,0.12762451171875,3,nan,nan
늫,U+B2AB,0,0,0,0,0,0.118896484375,0.765625,0.11077880859375,6,nan,nan
늬,U+B2AC,0,0,0,0,0,0.082275390625,0.433349609375,0.08367919921875,3,nan,nan
늭,U+B2AD,0,0,0,0,0,0.1009521484375,0.56005859375,0.10540771484375,4,nan,nan
늮,U+B2AE,0,0,1,1,0,0.11053466796875,0.578125,0.1231689453125,5,nan,nan
늯,U+B2AF,0,0,0,0,0,0.11553955078125,0.643310546875,0.115966796875,4,nan,nan
늰,U+B2B0,0,0,0,0,0,0.08740234375,0.567626953125,0.10235595703125,4,nan,nan
늱,U+B2B1,0,0,1,1,0,0.12567138671875,0.6690673828125,0.12725830078125,6,nan,nan
늲,U+B2B2,0,0,1,1,0,0.11773681640625,0.59686279296875,0.1312255859375,5,nan,nan
늳,U+B2B3,0,0,1,1,0,0.10296630859375,0.55035400390625,0.11737060546875,5,nan,nan
늴,U+B2B4,0,0,0,0,0,0.12890625,0.578125,0.12518310546875,5,nan,nan
늵,U+B2B5,0,0,0,0,0,0.1273193359375,0.749267578125,0.13507080078125,6,nan,nan
늶,U+B2B6,0,0,0,0,0,0.11578369140625,0.514892578125,0.14117431640625,5,nan,nan
늷,U+B2B7,0,0,0,0,0,0.1307373046875,0.62786865234375,0.15228271484375,4,nan,nan
늸,U+B2B8,0,0,0,0,0,0.128173828125,0.6256103515625,0.14373779296875,4,nan,nan
늹,U+B2B9,0,0,0,0,0,0.1318359375,0.8125,0.1484375,8,nan,nan
늺,U+B2BA,0,0,1,1,0,0.12445068359375,0.6484375,0.1502685546875,7,nan,nan
늻,U+B2BB,0,0,0,0,0,0.12896728515625,0.578125,0.14794921875,9,nan,nan
늼,U+B2BC,0,0,0,0,0,0.107421875,0.54803466796875,0.12091064453125,6,nan,nan
늽,U+B2BD,0,0,0,0,0,0.10552978515625,0.537353515625,0.1187744140625,3,nan,nan
늾,U+B2BE,0,0,0,0,0,0.12994384765625,0.65625,0.1317138671875,5,nan,nan
늿,U+B2BF,0,0,0,0,0,0.0946044921875,0.54052734375,0.098388671875,4,nan,nan
닀,U+B2C0,0,0,0,0,0,0.12689208984375,0.65625,0.1282958984375,4,nan,nan
닁,U+B2C1,0,0,0,0,0,0.1002197265625,0.552001953125,0.09442138671875,3,nan,nan
닂,U+B2C2,0,0,1,1,0,0.11590576171875,0.6075439453125,0.1170654296875,4,nan,nan
닃,U+B2C3,0,0,0,0,0,0.12884521484375,0.6229248046875,0.1265869140625,4,nan,nan
닄,U+B2C4,0,0,1,1,0,0.11431884765625,0.55035400390625,0.11865234375,4,nan,nan
닅,U+B2C5,0,0,1,1,0,0.129150390625,0.515625,0.1246337890625,3,nan,nan
닆,U+B2C6,0,0,0,0,0,0.12799072265625,0.640625,0.13873291015625,5,nan,nan
닇,U+B2C7,0,0,0,0,0,0.11602783203125,0.5234375,0.104736328125,8,nan,nan
니,U+B2C8,0,0,0,0,0,0.05657958984375,0.36395263671875,0.05224609375,2,nan,nan
닉,U+B2C9,0,0,0,0,0,0.072021484375,0.46142578125,0.0772705078125,4,nan,nan
닊,U+B2CA,0,0,1,1,0,0.08978271484375,0.5137939453125,0.098876953125,3,nan,nan
닋,U+B2CB,0,0,0,0,0,0.0997314453125,0.6075439453125,0.103271484375,4,nan,nan
닌,U+B2CC,0,0,0,0,0,0.067138671875,0.50537109375,0.079833984375,3,nan,nan
닍,U+B2CD,0,0,1,1,0,0.09686279296875,0.60546875,0.09942626953125,6,nan,nan
닎,U+B2CE,0,0,1,1,0,0.093505859375,0.58447265625,0.1015625,5,nan,nan
닏,U+B2CF,0,0,1,1,0,0.0731201171875,0.4141845703125,0.08966064453125,4,nan,nan
닐,U+B2D0,0,0,0,0,0,0.0987548828125,0.475341796875,0.1046142578125,4,nan,nan
닑,U+B2D1,0,0,0,0,0,0.113037109375,0.67138671875,0.12176513671875,6,nan,nan
닒,U+B2D2,0,0,0,0,1,0.13525390625,0.6536865234375,0.169189453125,12,8.514508743671847,0.49820361844552363
닓,U+B2D3,0,0,0,0,0,0.126708984375,0.589111328125,0.1351318359375,3,nan,nan
닔,U+B2D4,0,0,0,0,0,0.1201171875,0.59375,0.11602783203125,3,nan,nan
닕,U+B2D5,0,0,0,0,0,0.11065673828125,0.6640625,0.13531494140625,9,nan,nan
닖,U+B2D6,0,0,1,1,0,0.09979248046875,0.68988037109375,0.12548828125,11,nan,nan
닗,U+B2D7,0,0,0,0,0,0.11712646484375,0.5736083984375,0.14166259765625,7,nan,nan
님,U+B2D8,0,0,0,0,0,0.07830810546875,0.4249267578125,0.09210205078125,3,nan,nan
닙,U+B2D9,0,0,0,0,0,0.08013916015625,0.44677734375,0.09454345703125,3,nan,nan
닚,U+B2DA,0,0,0,0,0,0.1004638671875,0.5645751953125,0.10821533203125,6,nan,nan
닛,U+B2DB,0,0,0,0,0,0.080322265625,0.46142578125,0.07513427734375,3,nan,nan
닜,U+B2DC,0,0,0,0,0,0.1031494140625,0.609375,0.1024169921875,4,nan,nan
닝,U+B2DD,0,0,0,0,0,0.09454345703125,0.43896484375,0.07208251953125,3,nan,nan
닞,U+B2DE,0,0,1,1,0,0.0931396484375,0.5460205078125,0.09454345703125,3,nan,nan
닟,U+B2DF,0,0,0,0,0,0.0888671875,0.5460205078125,0.10345458984375,4,nan,nan
닠,U+B2E0,0,0,1,1,0,0.08612060546875,0.457763671875,0.0889892578125,4,nan,nan
닡,U+B2E1,0,0,1,1,0,0.08502197265625,0.43572998046875,0.09967041015625,4,nan,nan
닢,U+B2E2,0,0,0,0,0,0.09808349609375,0.504150390625,0.10498046875,3,nan,nan
닣,U+B2E3,0,0,0,0,0,0.0950927734375,0.4691162109375,0.08758544921875,4,nan,nan
다,U+B2E4,0,0,0,0,0,0.07843017578125,0.6083984375,0.085205078125,4,nan,nan
닥,U+B2E5,0,0,0,0,0,0.0853271484375,0.5555419921875,0.095703125,3,nan,nan
닦,U+B2E6,0,0,1,1,0,0.08734130859375,0.6055908203125,0.1048583984375,4,nan,nan
닧,U+B2E7,0,0,0,0,0,0.09637451171875,0.5977783203125,0.114990234375,8,nan,nan
단,U+B2E8,0,0,0,0,0,0.0745849609375,0.5419921875,0.092041015625,4,nan,nan
닩,U+B2E9,0,0,1,1,0,0.09393310546875,0.6351318359375,0.1129150390625,5,nan,nan
닪,U+B2EA,0,0,1,1,0,0.111328125,0.6121826171875,0.12066650390625,4,nan,nan
닫,U+B2EB,0,0,1,1,0,0.08831787109375,0.5855712890625,0.10870361328125,4,nan,nan
달,U+B2EC,0,0,0,0,0,0.11590576171875,0.715087890625,0.119873046875,6,nan,nan
닭,U+B2ED,0,0,0,0,0,0.1148681640625,0.62310791015625,0.13372802734375,8,nan,nan
닮,U+B2EE,0,0,0,0,0,0.11029052734375,0.6156005859375,0.1241455078125,4,nan,nan
닯,U+B2EF,0,0,0,0,0,0.11810302734375,0.651123046875,0.13726806640625,5,nan,nan
닰,U+B2F0,0,0,0,0,0,0.1236572265625,0.671875,0.12274169921875,4,nan,nan
닱,U+B2F1,0,0,0,0,0,0.10369873046875,0.630615234375,0.1259765625,9,nan,nan
닲,U+B2F2,0,0,1,1,0,0.10662841796875,0.59326171875,0.12371826171875,3,nan,nan
닳,U+B2F3,0,0,0,0,0,0.11932373046875,0.59686279296875,0.13494873046875,4,nan,nan
담,U+B2F4,0,0,0,0,0,0.083740234375,0.52899169921875,0.0994873046875,3,nan,nan
답,U+B2F5,0,0,0,0,0,0.08929443359375,0.52392578125,0.0963134765625,4,nan,nan
닶,U+B2F6,0,0,0,0,0,0.0999755859375,0.51953125,0.11456298828125,4,nan,nan
닷,U+B2F7,0,0,0,0,0,0.1075439453125,0.61297607421875,0.10101318359375,4,nan,nan
닸,U+B2F8,0,0,0,0,0,0.1192626953125,0.6383056640625,0.11163330078125,4,nan,nan
당,U+B2F9,0,0,0,0,1,0.0938720703125,0.640625,0.0855712890625,3,26.58051953290183,0.9585624412741242
닺,U+B2FA,0,0,1,1,0,0.084716796875,0.5882568359375,0.09869384765625,4,nan,nan
닻,U+B2FB,0,0,0,0,0,0.1112060546875,0.610107421875,0.11138916015625,4,nan,nan
닼,U+B2FC,0,0,1,1,0,0.1192626953125,0.55865478515625,0.1153564453125,4,nan,nan
닽,U+B2FD,0,0,1,1,0,0.10430908203125,0.546875,0.1126708984375,6,nan,nan
닾,U+B2FE,0,0,0,0,0,0.09765625,0.5357666015625,0.11334228515625,2,nan,nan
닿,U+B2FF,0,0,0,0,0,0.10870361328125,0.6180419921875,0.10223388671875,4,nan,nan
대,U+B300,0,0,0,0,0,0.09954833984375,0.52691650390625,0.1068115234375,1,nan,nan
댁,U+B301,0,0,0,0,0,0.1082763671875,0.60546875,0.11798095703125,3,nan,nan
댂,U+B302,0,0,1,1,0,0.10821533203125,0.5712890625,0.12689208984375,6,nan,nan
댃,U+B303,0,0,0,0,0,0.126220703125,0.61297607421875,0.12786865234375,4,nan,nan
댄,U+B304,0,0,0,0,0,0.10223388671875,0.61236572265625,0.11651611328125,3,nan,nan
댅,U+B305,0,0,1,1,0,0.12725830078125,0.6456298828125,0.1441650390625,12,nan,nan
댆,U+B306,0,0,1,1,0,0.13580322265625,0.57806396484375,0.1483154296875,6,nan,nan
댇,U+B307,0,0,1,1,0,0.104248046875,0.542724609375,0.12139892578125,5,nan,nan
댈,U+B308,0,0,0,0,0,0.1292724609375,0.5855712890625,0.14410400390625,5,nan,nan
댉,U+B309,0,0,0,0,0,0.1341552734375,0.61236572265625,0.14599609375,8,nan,nan
댊,U+B30A,0,0,0,0,0,0.15423583984375,0.7459716796875,0.16156005859375,7,nan,nan
댋,U+B30B,0,0,0,0,0,0.14422607421875,0.6171875,0.1712646484375,4,nan,nan
댌,U+B30C,0,0,0,0,0,0.14715576171875,0.6536865234375,0.152587890625,4,nan,nan
댍,U+B30D,0,0,0,0,0,0.12359619140625,0.630615234375,0.14715576171875,14,nan,nan
댎,U+B30E,0,0,1,1,0,0.1458740234375,0.6031494140625,0.16571044921875,7,nan,nan
댏,U+B30F,0,0,0,0,0,0.14886474609375,0.6357421875,0.16259765625,7,nan,nan
댐,U+B310,0,0,0,0,0,0.11004638671875,0.59375,0.13275146484375,5,nan,nan
댑,U+B311,0,0,0,0,0,0.11932373046875,0.580810546875,0.12774658203125,4,nan,nan
댒,U+B312,0,0,0,0,0,0.1224365234375,0.671875,0.1395263671875,5,nan,nan
댓,U+B313,0,0,0,0,0,0.11334228515625,0.582763671875,0.11767578125,4,nan,nan
댔,U+B314,0,0,0,0,0,0.132568359375,0.661376953125,0.1395263671875,4,nan,nan
댕,U+B315,0,0,0,0,0,0.119384765625,0.545166015625,0.105224609375,5,nan,nan
댖,U+B316,0,0,1,1,0,0.12689208984375,0.60272216796875,0.1368408203125,4,nan,nan
댗,U+B317,0,0,0,0,0,0.13482666015625,0.615234375,0.1431884765625,7,nan,nan
댘,U+B318,0,0,1,1,0,0.1201171875,0.69580078125,0.1341552734375,7,nan,nan
댙,U+B319,0,0,1,1,0,0.12066650390625,0.5435791015625,0.1353759765625,4,nan,nan
댚,U+B31A,0,0,0,0,0,0.14031982421875,0.625,0.151611328125,3,nan,nan
댛,U+B31B,0,0,0,0,0,0.14422607421875,0.6015625,0.1324462890625,5,nan,nan
댜,U+B31C,0,0,0,0,0,0.0948486328125,0.59814453125,0.09075927734375,2,nan,nan
댝,U+B31D,0,0,0,0,0,0.09130859375,0.65277099609375,0.10260009765625,3,nan,nan
댞,U+B31E,0,0,1,1,0,0.1102294921875,0.7286376953125,0.11688232421875,7,nan,nan
댟,U+B31F,0,0,0,0,0,0.11669921875,0.63812255859375,0.11871337890625,3,nan,nan
댠,U+B320,0,0,0,0,0,0.1143798828125,0.68115234375,0.10882568359375,3,nan,nan
댡,U+B321,0,0,1,1,0,0.124755859375,0.6756591796875,0.129638671875,4,nan,nan
댢,U+B322,0,0,1,1,0,0.11761474609375,0.671875,0.1357421875,4,nan,nan
댣,U+B323,0,0,1,1,0,0.10308837890625,0.65728759765625,0.1143798828125,3,nan,nan
댤,U+B324,0,0,0,0,0,0.135986328125,0.64337158203125,0.1334228515625,4,nan,nan
댥,U+B325,0,0,0,0,0,0.130615234375,0.6484375,0.1356201171875,4,nan,nan
댦,U+B326,0,0,0,0,0,0.12078857421875,0.6356201171875,0.140625,5,nan,nan
댧,U+B327,0,0,0,0,0,0.1270751953125,0.65625,0.1492919921875,5,nan,nan
댨,U+B328,0,0,0,0,0,0.14007568359375,0.65625,0.14117431640625,3,nan,nan
댩,U+B329,0,0,0,0,0,0.120361328125,0.6328125,0.148193359375,6,nan,nan
댪,U+B32A,0,0,1,1,0,0.10479736328125,0.63323974609375,0.12774658203125,7,nan,nan
댫,U+B32B,0,0,0,0,0,0.1060791015625,0.64337158203125,0.126953125,6,nan,nan
댬,U+B32C,0,0,0,0,0,0.104248046875,0.66650390625,0.12030029296875,4,nan,nan
댭,U+B32D,0,0,0,0,0,0.10675048828125,0.6357421875,0.12249755859375,3,nan,nan
댮,U+B32E,0,0,0,0,0,0.11016845703125,0.595703125,0.12884521484375,5,nan,nan
댯,U+B32F,0,0,0,0,0,0.11798095703125,0.67138671875,0.11199951171875,3,nan,nan
댰,U+B330,0,0,0,0,0,0.1324462890625,0.74005126953125,0.13104248046875,4,nan,nan
댱,U+B331,0,0,0,0,0,0.1082763671875,0.59820556640625,0.09735107421875,3,nan,nan
댲,U+B332,0,0,1,1,0,0.12347412109375,0.643310546875,0.12725830078125,3,nan,nan
댳,U+B333,0,0,0,0,0,0.12542724609375,0.67138671875,0.1224365234375,3,nan,nan
댴,U+B334,0,0,1,1,0,0.1240234375,0.703125,0.12530517578125,3,nan,nan
댵,U+B335,0,0,1,1,0,0.10528564453125,0.60284423828125,0.11865234375,3,nan,nan
댶,U+B336,0,0,0,0,0,0.130859375,0.7265625,0.13739013671875,5,nan,nan
댷,U+B337,0,0,0,0,0,0.12139892578125,0.6875,0.11273193359375,5,nan,nan
댸,U+B338,0,0,0,0,0,0.11163330078125,0.507568359375,0.1109619140625,2,nan,nan
댹,U+B339,0,0,0,0,0,0.11920166015625,0.6357421875,0.1204833984375,3,nan,nan
댺,U+B33A,0,0,1,1,0,0.107421875,0.5570068359375,0.12493896484375,7,nan,nan
댻,U+B33B,0,0,0,0,0,0.1326904296875,0.6329345703125,0.13641357421875,4,nan,nan
댼,U+B33C,0,0,0,0,0,0.1171875,0.753662109375,0.13116455078125,7,nan,nan
댽,U+B33D,0,0,1,1,0,0.1536865234375,0.7578125,0.16070556640625,7,nan,nan
댾,U+B33E,0,0,1,1,0,0.151611328125,0.72088623046875,0.16497802734375,9,nan,nan
댿,U+B33F,0,0,1,1,0,0.13629150390625,0.5810546875,0.1368408203125,7,nan,nan
덀,U+B340,0,0,0,0,0,0.14605712890625,0.6484375,0.15826416015625,5,nan,nan
덁,U+B341,0,0,0,0,0,0.14459228515625,0.76739501953125,0.160400390625,10,nan,nan
덂,U+B342,0,0,0,0,0,0.14532470703125,0.775146484375,0.1636962890625,7,nan,nan
덃,U+B343,0,0,0,0,0,0.14117431640625,0.609375,0.15301513671875,6,nan,nan
덄,U+B344,0,0,0,0,0,0.1585693359375,0.6329345703125,0.15252685546875,6,nan,nan
덅,U+B345,0,0,0,0,0,0.14398193359375,0.6328125,0.170654296875,12,nan,nan
덆,U+B346,0,0,1,1,0,0.1524658203125,0.703125,0.171875,6,nan,nan
덇,U+B347,0,0,0,0,0,0.136474609375,0.779541015625,0.1561279296875,12,nan,nan
덈,U+B348,0,0,0,0,0,0.1300048828125,0.72021484375,0.146484375,4,nan,nan
덉,U+B349,0,0,0,0,0,0.12188720703125,0.56591796875,0.12847900390625,3,nan,nan
덊,U+B34A,0,0,0,0,0,0.11944580078125,0.651123046875,0.13671875,6,nan,nan
덋,U+B34B,0,0,0,0,0,0.12322998046875,0.5733642578125,0.12860107421875,3,nan,nan
덌,U+B34C,0,0,0,0,0,0.13018798828125,0.63812255859375,0.13323974609375,5,nan,nan
덍,U+B34D,0,0,0,0,0,0.12872314453125,0.55450439453125,0.1099853515625,3,nan,nan
덎,U+B34E,0,0,1,1,0,0.13751220703125,0.775146484375,0.15435791015625,6,nan,nan
덏,U+B34F,0,0,0,0,0,0.14031982421875,0.630615234375,0.1522216796875,4,nan,nan
덐,U+B350,0,0,1,1,0,0.132080078125,0.625,0.133544921875,9,nan,nan
덑,U+B351,0,0,1,1,0,0.1343994140625,0.63873291015625,0.14459228515625,7,nan,nan
덒,U+B352,0,0,0,0,0,0.13299560546875,0.6357421875,0.1514892578125,5,nan,nan
덓,U+B353,0,0,0,0,0,0.1456298828125,0.74169921875,0.12872314453125,5,nan,nan
더,U+B354,0,0,0,0,1,0.07098388671875,0.4073486328125,0.07696533203125,2,10.667722377523972,0.7003613651213956
덕,U+B355,0,0,0,0,0,0.094482421875,0.55810546875,0.10235595703125,3,nan,nan
덖,U+B356,0,0,1,1,0,0.0943603515625,0.56005859375,0.11566162109375,6,nan,nan
덗,U+B357,0,0,0,0,0,0.10504150390625,0.6328125,0.1204833984375,4,nan,nan
던,U+B358,0,0,0,0,0,0.09588623046875,0.5584716796875,0.099853515625,3,nan,nan
덙,U+B359,0,0,1,1,0,0.1063232421875,0.630615234375,0.11944580078125,4,nan,nan
덚,U+B35A,0,0,1,1,0,0.11370849609375,0.5546875,0.135009765625,7,nan,nan
덛,U+B35B,0,0,1,1,0,0.08746337890625,0.44989013671875,0.10418701171875,3,nan,nan
덜,U+B35C,0,0,0,0,0,0.1358642578125,0.53125,0.1357421875,5,nan,nan
덝,U+B35D,0,0,0,0,0,0.11798095703125,0.58135986328125,0.1431884765625,8,nan,nan
덞,U+B35E,0,0,0,0,0,0.13043212890625,0.599853515625,0.15716552734375,8,nan,nan
덟,U+B35F,0,0,0,0,0,0.1402587890625,0.6015625,0.16546630859375,7,nan,nan
덠,U+B360,0,0,0,0,0,0.1343994140625,0.65625,0.1434326171875,4,nan,nan
덡,U+B361,0,0,0,0,0,0.1173095703125,0.58447265625,0.1531982421875,7,nan,nan
덢,U+B362,0,0,1,1,0,0.115966796875,0.6046142578125,0.14520263671875,3,nan,nan
덣,U+B363,0,0,0,0,0,0.12823486328125,0.625,0.15631103515625,8,nan,nan
덤,U+B364,0,0,0,0,0,0.1136474609375,0.544921875,0.1217041015625,4,nan,nan
덥,U+B365,0,0,0,0,0,0.104248046875,0.510498046875,0.11895751953125,5,nan,nan
덦,U+B366,0,0,0,0,0,0.11767578125,0.640625,0.134033203125,4,nan,nan
덧,U+B367,0,0,0,0,0,0.12030029296875,0.54931640625,0.11016845703125,4,nan,nan
덨,U+B368,0,0,0,0,0,0.1077880859375,0.61798095703125,0.12237548828125,4,nan,nan
덩,U+B369,0,0,0,0,0,0.12628173828125,0.552490234375,0.0982666015625,4,nan,nan
덪,U+B36A,0,0,1,1,0,0.131103515625,0.5859375,0.1270751953125,5,nan,nan
덫,U+B36B,0,0,0,0,0,0.128173828125,0.5703125,0.137451171875,5,nan,nan
덬,U+B36C,0,0,1,1,0,0.10455322265625,0.50958251953125,0.11639404296875,3,nan,nan
덭,U+B36D,0,0,1,1,0,0.12847900390625,0.4989013671875,0.12933349609375,3,nan,nan
덮,U+B36E,0,0,0,0,1,0.12152099609375,0.6075439453125,0.13507080078125,3,8.737824848112673,0.5748065003180598
덯,U+B36F,0,0,0,0,0,0.1181640625,0.5234375,0.109375,7,nan,nan
데,U+B370,0,0,0,0,0,0.0675048828125,0.4019775390625,0.096435546875,6,nan,nan
덱,U+B371,0,0,0,0,0,0.11676025390625,0.630615234375,0.12750244140625,7,nan,nan
덲,U+B372,0,0,1,1,0,0.14215087890625,0.640869140625,0.13818359375,4,nan,nan
덳,U+B373,0,0,0,0,0,0.13201904296875,0.640625,0.14190673828125,7,nan,nan
덴,U+B374,0,0,0,0,0,0.1070556640625,0.6229248046875,0.1270751953125,8,nan,nan
덵,U+B375,0,0,1,1,0,0.1451416015625,0.63812255859375,0.14154052734375,9,nan,nan
덶,U+B376,0,0,1,1,0,0.14178466796875,0.630615234375,0.15399169921875,8,nan,nan
덷,U+B377,0,0,1,1,0,0.10943603515625,0.66064453125,0.13360595703125,11,nan,nan
델,U+B378,0,0,0,0,0,0.1279296875,0.582763671875,0.14349365234375,7,nan,nan
덹,U+B379,0,0,0,0,0,0.1527099609375,0.5921630859375,0.159423828125,10,nan,nan
덺,U+B37A,0,0,0,0,0,0.15277099609375,0.6976318359375,0.15985107421875,9,nan,nan
덻,U+B37B,0,0,0,0,0,0.1387939453125,0.7596435546875,0.15814208984375,10,nan,nan
덼,U+B37C,0,0,0,0,0,0.1339111328125,0.651123046875,0.1561279296875,6,nan,nan
덽,U+B37D,0,0,0,0,0,0.1402587890625,0.76904296875,0.16497802734375,13,nan,nan
덾,U+B37E,0,0,1,1,0,0.15106201171875,0.58343505859375,0.16436767578125,5,nan,nan
덿,U+B37F,0,0,0,0,0,0.142822265625,0.75823974609375,0.16754150390625,10,nan,nan
뎀,U+B380,0,0,0,0,0,0.11962890625,0.72509765625,0.1358642578125,5,nan,nan
뎁,U+B381,0,0,0,0,0,0.11480712890625,0.57220458984375,0.135986328125,7,nan,nan
뎂,U+B382,0,0,0,0,0,0.14520263671875,0.6075439453125,0.14666748046875,6,nan,nan
뎃,U+B383,0,0,0,0,0,0.1185302734375,0.599853515625,0.1278076171875,5,nan,nan
뎄,U+B384,0,0,0,0,0,0.15972900390625,0.7109375,0.15191650390625,4,nan,nan
뎅,U+B385,0,0,0,0,0,0.1220703125,0.56585693359375,0.113037109375,4,nan,nan
뎆,U+B386,0,0,1,1,0,0.1396484375,0.6229248046875,0.13555908203125,4,nan,nan
뎇,U+B387,0,0,0,0,0,0.15008544921875,0.73828125,0.1473388671875,8,nan,nan
뎈,U+B388,0,0,1,1,0,0.125732421875,0.57843017578125,0.1339111328125,8,nan,nan
뎉,U+B389,0,0,1,1,0,0.1397705078125,0.71044921875,0.15484619140625,8,nan,nan
뎊,U+B38A,0,0,0,0,0,0.1334228515625,0.7613525390625,0.1558837890625,12,nan,nan
뎋,U+B38B,0,0,0,0,0,0.12921142578125,0.5703125,0.12884521484375,6,nan,nan
뎌,U+B38C,0,0,0,0,0,0.07513427734375,0.4019775390625,0.07794189453125,4,nan,nan
뎍,U+B38D,0,0,0,0,0,0.115478515625,0.59375,0.1162109375,3,nan,nan
뎎,U+B38E,0,0,1,1,0,0.1182861328125,0.7421875,0.12701416015625,5,nan,nan
뎏,U+B38F,0,0,0,0,0,0.11724853515625,0.6328125,0.1270751953125,7,nan,nan
뎐,U+B390,0,0,0,0,0,0.11090087890625,0.75,0.120361328125,6,nan,nan
뎑,U+B391,0,0,1,1,0,0.1131591796875,0.6484375,0.130126953125,8,nan,nan
뎒,U+B392,0,0,1,1,0,0.1282958984375,0.75,0.15008544921875,12,nan,nan
뎓,U+B393,0,0,1,1,0,0.10748291015625,0.54052734375,0.11846923828125,5,nan,nan
뎔,U+B394,0,0,0,0,0,0.1341552734375,0.578125,0.14697265625,4,nan,nan
뎕,U+B395,0,0,0,0,0,0.1414794921875,0.75,0.1607666015625,8,nan,nan
뎖,U+B396,0,0,0,0,0,0.151123046875,0.570556640625,0.16448974609375,4,nan,nan
뎗,U+B397,0,0,0,0,0,0.13494873046875,0.703125,0.15997314453125,7,nan,nan
뎘,U+B398,0,0,0,0,0,0.13226318359375,0.6356201171875,0.152587890625,9,nan,nan
뎙,U+B399,0,0,0,0,0,0.13446044921875,0.71875,0.15960693359375,13,nan,nan
뎚,U+B39A,0,0,1,1,0,0.1474609375,0.6328125,0.16973876953125,8,nan,nan
뎛,U+B39B,0,0,0,0,0,0.14678955078125,0.59375,0.1650390625,10,nan,nan
뎜,U+B39C,0,0,0,0,0,0.1131591796875,0.59375,0.12957763671875,4,nan,nan
뎝,U+B39D,0,0,0,0,0,0.12158203125,0.5435791015625,0.12078857421875,6,nan,nan
뎞,U+B39E,0,0,0,0,0,0.13330078125,0.610595703125,0.14337158203125,7,nan,nan
뎟,U+B39F,0,0,0,0,0,0.11297607421875,0.58746337890625,0.119873046875,5,nan,nan
뎠,U+B3A0,0,0,0,0,0,0.1385498046875,0.6484375,0.1336669921875,5,nan,nan
뎡,U+B3A1,0,0,0,0,0,0.1453857421875,0.7734375,0.103759765625,5,nan,nan
뎢,U+B3A2,0,0,1,1,0,0.13665771484375,0.615234375,0.1357421875,4,nan,nan
뎣,U+B3A3,0,0,0,0,0,0.143310546875,0.6171875,0.14959716796875,5,nan,nan
뎤,U+B3A4,0,0,1,1,0,0.11822509765625,0.5859375,0.1236572265625,7,nan,nan
뎥,U+B3A5,0,0,1,1,0,0.124267578125,0.5460205078125,0.14105224609375,6,nan,nan
뎦,U+B3A6,0,0,0,0,0,0.11639404296875,0.74005126953125,0.1436767578125,8,nan,nan
뎧,U+B3A7,0,0,0,0,0,0.1405029296875,0.5703125,0.1241455078125,5,nan,nan
뎨,U+B3A8,0,0,0,0,0,0.08831787109375,0.4339599609375,0.10723876953125,6,nan,nan
뎩,U+B3A9,0,0,0,0,0,0.12164306640625,0.55450439453125,0.13311767578125,4,nan,nan
뎪,U+B3AA,0,0,1,1,0,0.113525390625,0.5859375,0.1351318359375,5,nan,nan
뎫,U+B3AB,0,0,0,0,0,0.12908935546875,0.6640625,0.1361083984375,7,nan,nan
뎬,U+B3AC,0,0,0,0,0,0.12725830078125,0.7890625,0.15350341796875,8,nan,nan
뎭,U+B3AD,0,0,1,1,0,0.13519287109375,0.6666259765625,0.1517333984375,12,nan,nan
뎮,U+B3AE,0,0,1,1,0,0.15216064453125,0.640625,0.1614990234375,10,nan,nan
뎯,U+B3AF,0,0,1,1,0,0.108642578125,0.5584716796875,0.127197265625,6,nan,nan
뎰,U+B3B0,0,0,0,0,0,0.13226318359375,0.57806396484375,0.15435791015625,4,nan,nan
뎱,U+B3B1,0,0,0,0,0,0.1361083984375,0.78125,0.16937255859375,10,nan,nan
뎲,U+B3B2,0,0,0,0,0,0.1524658203125,0.640625,0.171875,5,nan,nan
뎳,U+B3B3,0,0,0,0,0,0.1419677734375,0.6171875,0.17254638671875,9,nan,nan
뎴,U+B3B4,0,0,0,0,0,0.15924072265625,0.6484375,0.173583984375,8,nan,nan
뎵,U+B3B5,0,0,0,0,0,0.14520263671875,0.62786865234375,0.1705322265625,9,nan,nan
뎶,U+B3B6,0,0,1,1,0,0.14764404296875,0.609375,0.1688232421875,6,nan,nan
뎷,U+B3B7,0,0,0,0,0,0.150146484375,0.7890625,0.174072265625,7,nan,nan
뎸,U+B3B8,0,0,0,0,0,0.11248779296875,0.5882568359375,0.13946533203125,4,nan,nan
뎹,U+B3B9,0,0,0,0,0,0.127197265625,0.68316650390625,0.14251708984375,9,nan,nan
뎺,U+B3BA,0,0,0,0,0,0.14599609375,0.6666259765625,0.16192626953125,4,nan,nan
뎻,U+B3BB,0,0,0,0,0,0.1256103515625,0.58746337890625,0.13104248046875,5,nan,nan
뎼,U+B3BC,0,0,0,0,0,0.1470947265625,0.65625,0.1483154296875,9,nan,nan
뎽,U+B3BD,0,0,0,0,0,0.13299560546875,0.5921630859375,0.12353515625,3,nan,nan
뎾,U+B3BE,0,0,1,1,0,0.12744140625,0.77056884765625,0.14453125,7,nan,nan
뎿,U+B3BF,0,0,0,0,0,0.15045166015625,0.6875,0.15936279296875,9,nan,nan
돀,U+B3C0,0,0,1,1,0,0.11309814453125,0.570556640625,0.1343994140625,8,nan,nan
돁,U+B3C1,0,0,1,1,0,0.131103515625,0.57220458984375,0.1474609375,8,nan,nan
돂,U+B3C2,0,0,0,0,0,0.12103271484375,0.59307861328125,0.14117431640625,8,nan,nan
돃,U+B3C3,0,0,0,0,0,0.12664794921875,0.5859375,0.1341552734375,9,nan,nan
도,U+B3C4,0,0,0,0,0,0.07275390625,0.421142578125,0.07244873046875,2,nan,nan
독,U+B3C5,0,0,0,0,0,0.11041259765625,0.75,0.11553955078125,3,nan,nan
돆,U+B3C6,0,0,1,1,0,0.11627197265625,0.8046875,0.13275146484375,6,nan,nan
돇,U+B3C7,0,0,0,0,0,0.12139892578125,0.762939453125,0.126708984375,5,nan,nan
돈,U+B3C8,0,0,0,0,0,0.1046142578125,0.713134765625,0.10418701171875,3,nan,nan
돉,U+B3C9,0,0,1,1,0,0.138916015625,0.8203125,0.14776611328125,5,nan,nan
돊,U+B3CA,0,0,1,1,0,0.146728515625,0.8125,0.14410400390625,9,nan,nan
돋,U+B3CB,0,0,1,1,0,0.114990234375,0.671875,0.11334228515625,3,nan,nan
돌,U+B3CC,0,0,0,0,0,0.13653564453125,0.765625,0.14654541015625,9,nan,nan
돍,U+B3CD,0,0,0,0,0,0.13250732421875,0.7421875,0.15069580078125,7,nan,nan
돎,U+B3CE,0,0,0,0,0,0.16943359375,0.8203125,0.1785888671875,5,nan,nan
돏,U+B3CF,0,0,0,0,0,0.1533203125,0.7421875,0.16961669921875,5,nan,nan
돐,U+B3D0,0,0,0,0,0,0.14532470703125,0.78125,0.16156005859375,4,nan,nan
돑,U+B3D1,0,0,0,0,0,0.1614990234375,0.7578125,0.1746826171875,7,nan,nan
돒,U+B3D2,0,0,1,1,0,0.15838623046875,0.7734375,0.17010498046875,3,nan,nan
돓,U+B3D3,0,0,0,0,0,0.1778564453125,0.8392333984375,0.1678466796875,5,nan,nan
돔,U+B3D4,0,0,0,0,0,0.10955810546875,0.859375,0.1282958984375,5,nan,nan
돕,U+B3D5,0,0,0,0,0,0.12445068359375,0.7890625,0.128173828125,4,nan,nan
돖,U+B3D6,0,0,0,0,0,0.14483642578125,0.734130859375,0.14166259765625,4,nan,nan
돗,U+B3D7,0,0,0,0,1,0.11322021484375,0.7171630859375,0.11480712890625,4,11.138955526459604,0.727656547600227
돘,U+B3D8,0,0,0,0,0,0.138427734375,0.78125,0.13720703125,3,nan,nan
동,U+B3D9,0,0,0,0,0,0.10906982421875,0.60272216796875,0.09002685546875,5,nan,nan
돚,U+B3DA,0,0,1,1,0,0.1163330078125,0.72088623046875,0.1187744140625,6,nan,nan
돛,U+B3DB,0,0,0,0,0,0.12530517578125,0.7109375,0.12945556640625,5,nan,nan
돜,U+B3DC,0,0,1,1,0,0.13720703125,0.8046875,0.13629150390625,6,nan,nan
돝,U+B3DD,0,0,1,1,0,0.1224365234375,0.7578125,0.11883544921875,7,nan,nan
돞,U+B3DE,0,0,0,0,0,0.13671875,0.78289794921875,0.1461181640625,4,nan,nan
돟,U+B3DF,0,0,0,0,0,0.1419677734375,0.7890625,0.13018798828125,9,nan,nan
돠,U+B3E0,0,0,0,0,0,0.10614013671875,0.6405029296875,0.11016845703125,2,nan,nan
돡,U+B3E1,0,0,0,0,0,0.1209716796875,0.70697021484375,0.125244140625,4,nan,nan
돢,U+B3E2,0,0,1,1,0,0.11090087890625,0.634521484375,0.1346435546875,5,nan,nan
돣,U+B3E3,0,0,0,0,0,0.13055419921875,0.765625,0.14630126953125,5,nan,nan
돤,U+B3E4,0,0,0,0,0,0.12030029296875,0.7476806640625,0.12738037109375,5,nan,nan
돥,U+B3E5,0,0,1,1,0,0.114990234375,0.6998291015625,0.14056396484375,5,nan,nan
돦,U+B3E6,0,0,1,1,0,0.11871337890625,0.6986083984375,0.1402587890625,7,nan,nan
돧,U+B3E7,0,0,1,1,0,0.11199951171875,0.6759033203125,0.12945556640625,3,nan,nan
돨,U+B3E8,0,0,0,0,0,0.146240234375,0.71875,0.151123046875,4,nan,nan
돩,U+B3E9,0,0,0,0,0,0.15863037109375,0.6953125,0.1641845703125,4,nan,nan
돪,U+B3EA,0,0,0,0,0,0.14166259765625,0.6357421875,0.16363525390625,5,nan,nan
돫,U+B3EB,0,0,0,0,0,0.13165283203125,0.7421875,0.1578369140625,7,nan,nan
돬,U+B3EC,0,0,0,0,0,0.1485595703125,0.703125,0.153564453125,4,nan,nan
돭,U+B3ED,0,0,0,0,0,0.1395263671875,0.7286376953125,0.166259765625,5,nan,nan
돮,U+B3EE,0,0,1,1,0,0.13763427734375,0.656982421875,0.161865234375,6,nan,nan
돯,U+B3EF,0,0,0,0,0,0.1572265625,0.6640625,0.170166015625,6,nan,nan
돰,U+B3F0,0,0,0,0,0,0.136474609375,0.69140625,0.14208984375,3,nan,nan
돱,U+B3F1,0,0,0,0,0,0.1265869140625,0.718994140625,0.13873291015625,4,nan,nan
돲,U+B3F2,0,0,0,0,0,0.1126708984375,0.63555908203125,0.1397705078125,6,nan,nan
돳,U+B3F3,0,0,0,0,0,0.1241455078125,0.7073974609375,0.12567138671875,3,nan,nan
돴,U+B3F4,0,0,0,0,0,0.14892578125,0.765625,0.14447021484375,3,nan,nan
돵,U+B3F5,0,0,0,0,0,0.12994384765625,0.7177734375,0.117431640625,5,nan,nan
돶,U+B3F6,0,0,1,1,0,0.1297607421875,0.73828125,0.132568359375,3,nan,nan
돷,U+B3F7,0,0,0,0,0,0.15826416015625,0.6953125,0.14892578125,4,nan,nan
돸,U+B3F8,0,0,1,1,0,0.12322998046875,0.6591796875,0.13018798828125,5,nan,nan
돹,U+B3F9,0,0,1,1,0,0.1260986328125,0.579345703125,0.14263916015625,2,nan,nan
돺,U+B3FA,0,0,0,0,0,0.12774658203125,0.65185546875,0.13885498046875,3,nan,nan
돻,U+B3FB,0,0,0,0,0,0.13775634765625,0.734375,0.12762451171875,5,nan,nan
돼,U+B3FC,0,0,0,0,0,0.10491943359375,0.46728515625,0.1199951171875,3,nan,nan
돽,U+B3FD,0,0,0,0,0,0.1287841796875,0.68212890625,0.14398193359375,6,nan,nan
돾,U+B3FE,0,0,1,1,0,0.1318359375,0.640869140625,0.15155029296875,5,nan,nan
돿,U+B3FF,0,0,0,0,0,0.13897705078125,0.703125,0.15313720703125,3,nan,nan
됀,U+B400,0,0,0,0,0,0.12579345703125,0.62310791015625,0.146484375,3,nan,nan
됁,U+B401,0,0,1,1,0,0.12701416015625,0.62060546875,0.1512451171875,5,nan,nan
됂,U+B402,0,0,1,1,0,0.14501953125,0.6796875,0.173583984375,7,nan,nan
됃,U+B403,0,0,1,1,0,0.11944580078125,0.57861328125,0.1424560546875,3,nan,nan
됄,U+B404,0,0,0,0,0,0.13946533203125,0.58447265625,0.16925048828125,3,nan,nan
됅,U+B405,0,0,0,0,0,0.154296875,0.64337158203125,0.17578125,5,nan,nan
됆,U+B406,0,0,0,0,0,0.14898681640625,0.640625,0.1766357421875,6,nan,nan
됇,U+B407,0,0,0,0,0,0.1612548828125,0.6484375,0.19049072265625,6,nan,nan
됈,U+B408,0,0,0,0,0,0.16680908203125,0.6484375,0.1846923828125,5,nan,nan
됉,U+B409,0,0,0,0,0,0.15087890625,0.640625,0.185302734375,7,nan,nan
됊,U+B40A,0,0,1,1,0,0.15509033203125,0.67437744140625,0.191162109375,6,nan,nan
됋,U+B40B,0,0,0,0,0,0.17626953125,0.6484375,0.18994140625,5,nan,nan
됌,U+B40C,0,0,0,0,0,0.13238525390625,0.60809326171875,0.1602783203125,4,nan,nan
됍,U+B40D,0,0,0,0,0,0.12774658203125,0.8216552734375,0.16204833984375,4,nan,nan
됎,U+B40E,0,0,0,0,0,0.13323974609375,0.610595703125,0.15509033203125,4,nan,nan
됏,U+B40F,0,0,0,0,0,0.12384033203125,0.59326171875,0.13580322265625,4,nan,nan
됐,U+B410,0,0,0,0,1,0.15350341796875,0.6796875,0.160400390625,5,23.35488195506533,0.9446682461529631
됑,U+B411,0,0,0,0,0,0.15191650390625,0.6666259765625,0.13824462890625,3,nan,nan
됒,U+B412,0,0,1,1,0,0.13763427734375,0.6383056640625,0.149658203125,3,nan,nan
됓,U+B413,0,0,0,0,0,0.1600341796875,0.78125,0.17254638671875,3,nan,nan
됔,U+B414,0,0,1,1,0,0.12799072265625,0.6031494140625,0.14935302734375,5,nan,nan
됕,U+B415,0,0,1,1,0,0.1337890625,0.582763671875,0.17181396484375,6,nan,nan
됖,U+B416,0,0,0,0,0,0.1361083984375,0.615234375,0.15985107421875,9,nan,nan
됗,U+B417,0,0,0,0,0,0.14495849609375,0.640625,0.13946533203125,5,nan,nan
되,U+B418,0,0,0,0,0,0.10455322265625,0.422119140625,0.09796142578125,3,nan,nan
됙,U+B419,0,0,0,0,0,0.09149169921875,0.50537109375,0.10955810546875,6,nan,nan
됚,U+B41A,0,0,1,1,0,0.10284423828125,0.734375,0.12432861328125,9,nan,nan
됛,U+B41B,0,0,0,0,0,0.129150390625,0.671875,0.13787841796875,5,nan,nan
된,U+B41C,0,0,0,0,0,0.10980224609375,0.5733642578125,0.1175537109375,4,nan,nan
됝,U+B41D,0,0,1,1,0,0.14129638671875,0.6690673828125,0.14984130859375,3,nan,nan
됞,U+B41E,0,0,1,1,0,0.104736328125,0.580810546875,0.1304931640625,5,nan,nan
됟,U+B41F,0,0,1,1,0,0.11834716796875,0.52294921875,0.1307373046875,3,nan,nan
될,U+B420,0,0,0,0,0,0.13385009765625,0.55035400390625,0.146484375,3,nan,nan
됡,U+B421,0,0,0,0,0,0.14080810546875,0.6328125,0.15771484375,4,nan,nan
됢,U+B422,0,0,0,0,0,0.12762451171875,0.703125,0.1561279296875,9,nan,nan
됣,U+B423,0,0,0,0,0,0.12353515625,0.6015625,0.1494140625,5,nan,nan
됤,U+B424,0,0,0,0,0,0.12750244140625,0.6666259765625,0.14886474609375,4,nan,nan
됥,U+B425,0,0,0,0,0,0.140869140625,0.796875,0.16351318359375,6,nan,nan
됦,U+B426,0,0,1,1,0,0.13079833984375,0.615234375,0.1531982421875,7,nan,nan
됧,U+B427,0,0,0,0,0,0.1380615234375,0.6484375,0.15533447265625,6,nan,nan
됨,U+B428,0,0,0,0,0,0.1165771484375,0.52435302734375,0.13702392578125,3,nan,nan
됩,U+B429,0,0,0,0,0,0.1103515625,0.765625,0.12847900390625,6,nan,nan
됪,U+B42A,0,0,0,0,0,0.12841796875,0.6328125,0.1409912109375,2,nan,nan
됫,U+B42B,0,0,0,0,0,0.1143798828125,0.53912353515625,0.11895751953125,3,nan,nan
됬,U+B42C,0,0,0,0,0,0.13482666015625,0.6383056640625,0.137939453125,5,nan,nan
됭,U+B42D,0,0,0,0,0,0.12481689453125,0.5555419921875,0.1107177734375,7,nan,nan
됮,U+B42E,0,0,1,1,0,0.1162109375,0.58746337890625,0.13800048828125,8,nan,nan
됯,U+B42F,0,0,0,0,0,0.128662109375,0.615234375,0.1439208984375,6,nan,nan
됰,U+B430,0,0,1,1,0,0.10955810546875,0.521240234375,0.12890625,3,nan,nan
됱,U+B431,0,0,1,1,0,0.11865234375,0.47210693359375,0.13616943359375,5,nan,nan
됲,U+B432,0,0,0,0,0,0.11749267578125,0.582763671875,0.13848876953125,5,nan,nan
됳,U+B433,0,0,0,0,0,0.13177490234375,0.552490234375,0.1204833984375,5,nan,nan
됴,U+B434,0,0,0,0,0,0.1009521484375,0.4144287109375,0.089599609375,2,nan,nan
됵,U+B435,0,0,0,0,0,0.09515380859375,0.688720703125,0.1185302734375,10,nan,nan
됶,U+B436,0,0,1,1,0,0.10009765625,0.7222900390625,0.12725830078125,8,nan,nan
됷,U+B437,0,0,0,0,0,0.11614990234375,0.734375,0.135009765625,5,nan,nan
됸,U+B438,0,0,0,0,0,0.10797119140625,0.7265625,0.1207275390625,5,nan,nan
됹,U+B439,0,0,1,1,0,0.12286376953125,0.7890625,0.140380859375,8,nan,nan
됺,U+B43A,0,0,1,1,0,0.13775634765625,0.78125,0.14459228515625,9,nan,nan
됻,U+B43B,0,0,1,1,0,0.11981201171875,0.7596435546875,0.14105224609375,4,nan,nan
됼,U+B43C,0,0,0,0,0,0.1456298828125,0.84375,0.16241455078125,5,nan,nan
됽,U+B43D,0,0,0,0,0,0.13800048828125,0.7578125,0.15753173828125,9,nan,nan
됾,U+B43E,0,0,0,0,0,0.128662109375,0.6329345703125,0.15216064453125,5,nan,nan
됿,U+B43F,0,0,0,0,0,0.14007568359375,0.7767333984375,0.16033935546875,10,nan,nan
둀,U+B440,0,0,0,0,0,0.1373291015625,0.7596435546875,0.15093994140625,6,nan,nan
둁,U+B441,0,0,0,0,0,0.15716552734375,0.828125,0.16680908203125,6,nan,nan
둂,U+B442,0,0,1,1,0,0.1373291015625,0.7906494140625,0.1593017578125,9,nan,nan
둃,U+B443,0,0,0,0,0,0.157470703125,0.8046875,0.16021728515625,6,nan,nan
둄,U+B444,0,0,0,0,0,0.12774658203125,0.8046875,0.15185546875,6,nan,nan
둅,U+B445,0,0,0,0,0,0.121337890625,0.703125,0.13458251953125,3,nan,nan
둆,U+B446,0,0,0,0,0,0.1064453125,0.66815185546875,0.13714599609375,6,nan,nan
둇,U+B447,0,0,0,0,0,0.15814208984375,0.8216552734375,0.155517578125,11,nan,nan
둈,U+B448,0,0,0,0,0,0.1356201171875,0.75531005859375,0.1414794921875,6,nan,nan
둉,U+B449,0,0,0,0,0,0.1075439453125,0.5584716796875,0.09942626953125,2,nan,nan
둊,U+B44A,0,0,1,1,0,0.1121826171875,0.72088623046875,0.12213134765625,9,nan,nan
둋,U+B44B,0,0,0,0,0,0.13043212890625,0.661376953125,0.142578125,5,nan,nan
둌,U+B44C,0,0,1,1,0,0.10516357421875,0.79168701171875,0.12518310546875,12,nan,nan
둍,U+B44D,0,0,1,1,0,0.12762451171875,0.732421875,0.1309814453125,6,nan,nan
둎,U+B44E,0,0,0,0,0,0.1463623046875,0.7890625,0.1575927734375,5,nan,nan
둏,U+B44F,0,0,0,0,0,0.1060791015625,0.71142578125,0.108154296875,5,nan,nan
두,U+B450,0,0,0,0,0,0.07080078125,0.55755615234375,0.0775146484375,5,nan,nan
둑,U+B451,0,0,0,0,0,0.11358642578125,0.75531005859375,0.1304931640625,6,nan,nan
둒,U+B452,0,0,1,1,0,0.10040283203125,0.701904296875,0.1129150390625,6,nan,nan
둓,U+B453,0,0,0,0,0,0.13079833984375,0.734130859375,0.12640380859375,6,nan,nan
둔,U+B454,0,0,0,0,0,0.1220703125,0.69818115234375,0.1220703125,3,nan,nan
둕,U+B455,0,0,1,1,0,0.122314453125,0.71319580078125,0.13446044921875,6,nan,nan
둖,U+B456,0,0,1,1,0,0.10693359375,0.749267578125,0.12689208984375,12,nan,nan
둗,U+B457,0,0,1,1,0,0.12445068359375,0.6776123046875,0.12518310546875,4,nan,nan
둘,U+B458,0,0,0,0,0,0.14825439453125,0.78125,0.15301513671875,8,nan,nan
둙,U+B459,0,0,0,0,0,0.14117431640625,0.6942138671875,0.15570068359375,5,nan,nan
둚,U+B45A,0,0,0,0,0,0.12786865234375,0.64990234375,0.1346435546875,5,nan,nan
둛,U+B45B,0,0,0,0,0,0.12738037109375,0.7222900390625,0.1502685546875,9,nan,nan
둜,U+B45C,0,0,0,0,0,0.12762451171875,0.718994140625,0.1513671875,6,nan,nan
둝,U+B45D,0,0,0,0,0,0.13787841796875,0.64849853515625,0.156005859375,7,nan,nan
둞,U+B45E,0,0,1,1,0,0.14556884765625,0.718994140625,0.15673828125,5,nan,nan
둟,U+B45F,0,0,0,0,0,0.15301513671875,0.750732421875,0.172119140625,5,nan,nan
둠,U+B460,0,0,0,0,0,0.11724853515625,0.70751953125,0.12060546875,2,nan,nan
둡,U+B461,0,0,0,0,0,0.10784912109375,0.718994140625,0.123046875,6,nan,nan
둢,U+B462,0,0,0,0,0,0.114501953125,0.56854248046875,0.12042236328125,7,nan,nan
둣,U+B463,0,0,0,0,0,0.11663818359375,0.66650390625,0.10601806640625,3,nan,nan
둤,U+B464,0,0,0,0,0,0.15509033203125,0.75531005859375,0.1446533203125,4,nan,nan
둥,U+B465,0,0,0,0,0,0.12664794921875,0.6925048828125,0.1044921875,5,nan,nan
둦,U+B466,0,0,1,1,0,0.1259765625,0.6925048828125,0.11712646484375,2,nan,nan
둧,U+B467,0,0,0,0,0,0.12677001953125,0.582763671875,0.11968994140625,2,nan,nan
둨,U+B468,0,0,1,1,0,0.12017822265625,0.658447265625,0.11968994140625,5,nan,nan
둩,U+B469,0,0,1,1,0,0.12078857421875,0.61798095703125,0.134033203125,6,nan,nan
둪,U+B46A,0,0,0,0,0,0.14398193359375,0.775146484375,0.15130615234375,6,nan,nan
둫,U+B46B,0,0,0,0,0,0.1336669921875,0.6356201171875,0.103515625,4,nan,nan
둬,U+B46C,0,0,0,0,0,0.1097412109375,0.4669189453125,0.1092529296875,3,nan,nan
둭,U+B46D,0,0,0,0,0,0.13275146484375,0.6456298828125,0.13702392578125,5,nan,nan
둮,U+B46E,0,0,1,1,0,0.1298828125,0.7744140625,0.1480712890625,7,nan,nan
둯,U+B46F,0,0,0,0,0,0.1527099609375,0.703125,0.16094970703125,5,nan,nan
둰,U+B470,0,0,0,0,0,0.12152099609375,0.630615234375,0.13751220703125,6,nan,nan
둱,U+B471,0,0,1,1,0,0.14105224609375,0.753662109375,0.15692138671875,6,nan,nan
둲,U+B472,0,0,1,1,0,0.149169921875,0.6536865234375,0.1661376953125,7,nan,nan
둳,U+B473,0,0,1,1,0,0.14398193359375,0.643310546875,0.14959716796875,4,nan,nan
둴,U+B474,0,0,0,0,0,0.14288330078125,0.65625,0.16094970703125,5,nan,nan
둵,U+B475,0,0,0,0,0,0.1793212890625,0.6536865234375,0.183349609375,3,nan,nan
둶,U+B476,0,0,0,0,0,0.16436767578125,0.75189208984375,0.18817138671875,9,nan,nan
둷,U+B477,0,0,0,0,0,0.154541015625,0.6866455078125,0.183349609375,11,nan,nan
둸,U+B478,0,0,0,0,0,0.16436767578125,0.7109375,0.17706298828125,5,nan,nan
둹,U+B479,0,0,0,0,0,0.17919921875,0.8382568359375,0.201904296875,5,nan,nan
둺,U+B47A,0,0,1,1,0,0.180419921875,0.70751953125,0.1973876953125,3,nan,nan
둻,U+B47B,0,0,0,0,0,0.1585693359375,0.7265625,0.1859130859375,9,nan,nan
둼,U+B47C,0,0,0,0,0,0.136474609375,0.615234375,0.14117431640625,6,nan,nan
둽,U+B47D,0,0,0,0,0,0.1217041015625,0.61236572265625,0.145263671875,5,nan,nan
둾,U+B47E,0,0,0,0,0,0.16851806640625,0.65313720703125,0.1669921875,6,nan,nan
둿,U+B47F,0,0,0,0,0,0.137939453125,0.610107421875,0.13250732421875,4,nan,nan
뒀,U+B480,0,0,0,0,0,0.15728759765625,0.765625,0.1600341796875,4,nan,nan
뒁,U+B481,0,0,0,0,0,0.1416015625,0.55218505859375,0.1256103515625,5,nan,nan
뒂,U+B482,0,0,1,1,0,0.13580322265625,0.6690673828125,0.14556884765625,5,nan,nan
뒃,U+B483,0,0,0,0,0,0.13946533203125,0.661376953125,0.158447265625,7,nan,nan
뒄,U+B484,0,0,1,1,0,0.128173828125,0.6031494140625,0.1435546875,4,nan,nan
뒅,U+B485,0,0,1,1,0,0.14886474609375,0.64337158203125,0.16552734375,7,nan,nan
뒆,U+B486,0,0,0,0,0,0.14019775390625,0.6690673828125,0.16058349609375,6,nan,nan
뒇,U+B487,0,0,0,0,0,0.1376953125,0.62310791015625,0.13653564453125,6,nan,nan
뒈,U+B488,0,0,0,0,0,0.12249755859375,0.510986328125,0.1322021484375,5,nan,nan
뒉,U+B489,0,0,0,0,0,0.13824462890625,0.6610107421875,0.1524658203125,5,nan,nan
뒊,U+B48A,0,0,1,1,0,0.133544921875,0.6553955078125,0.15313720703125,7,nan,nan
뒋,U+B48B,0,0,0,0,0,0.15887451171875,0.703125,0.1650390625,3,nan,nan
뒌,U+B48C,0,0,0,0,0,0.145751953125,0.64642333984375,0.153076171875,6,nan,nan
뒍,U+B48D,0,0,1,1,0,0.1650390625,0.703125,0.1800537109375,7,nan,nan
뒎,U+B48E,0,0,1,1,0,0.1534423828125,0.65887451171875,0.17816162109375,8,nan,nan
뒏,U+B48F,0,0,1,1,0,0.15802001953125,0.7171630859375,0.1715087890625,10,nan,nan
뒐,U+B490,0,0,0,0,0,0.1407470703125,0.63916015625,0.1788330078125,5,nan,nan
뒑,U+B491,0,0,0,0,0,0.15020751953125,0.79840087890625,0.18603515625,17,nan,nan
뒒,U+B492,0,0,0,0,0,0.15228271484375,0.6351318359375,0.19482421875,10,nan,nan
뒓,U+B493,0,0,0,0,0,0.1527099609375,0.7152099609375,0.1925048828125,11,nan,nan
뒔,U+B494,0,0,0,0,0,0.1767578125,0.671875,0.19989013671875,6,nan,nan
뒕,U+B495,0,0,0,0,0,0.145263671875,0.763427734375,0.19146728515625,13,nan,nan
뒖,U+B496,0,0,1,1,0,0.15655517578125,0.6875,0.197998046875,16,nan,nan
뒗,U+B497,0,0,0,0,0,0.16748046875,0.6875,0.1927490234375,10,nan,nan
뒘,U+B498,0,0,0,0,0,0.175537109375,0.6844482421875,0.18316650390625,5,nan,nan
뒙,U+B499,0,0,0,0,0,0.14862060546875,0.744140625,0.16741943359375,9,nan,nan
뒚,U+B49A,0,0,0,0,0,0.17608642578125,0.703125,0.194091796875,6,nan,nan
뒛,U+B49B,0,0,0,0,0,0.1365966796875,0.6427001953125,0.15020751953125,5,nan,nan
뒜,U+B49C,0,0,0,0,0,0.17730712890625,0.6875,0.1728515625,6,nan,nan
뒝,U+B49D,0,0,0,0,0,0.15545654296875,0.6844482421875,0.14935302734375,6,nan,nan
뒞,U+B49E,0,0,1,1,0,0.1607666015625,0.784423828125,0.16888427734375,5,nan,nan
뒟,U+B49F,0,0,0,0,0,0.15899658203125,0.73828125,0.1683349609375,7,nan,nan
뒠,U+B4A0,0,0,1,1,0,0.15625,0.64453125,0.167236328125,9,nan,nan
뒡,U+B4A1,0,0,1,1,0,0.1624755859375,0.7520751953125,0.19183349609375,9,nan,nan
뒢,U+B4A2,0,0,0,0,0,0.142578125,0.7109375,0.16802978515625,8,nan,nan
뒣,U+B4A3,0,0,0,0,0,0.14984130859375,0.671875,0.1484375,8,nan,nan
뒤,U+B4A4,0,0,0,0,0,0.08990478515625,0.4290771484375,0.091064453125,5,nan,nan
뒥,U+B4A5,0,0,0,0,0,0.12396240234375,0.6357421875,0.1229248046875,5,nan,nan
뒦,U+B4A6,0,0,1,1,0,0.1290283203125,0.64849853515625,0.132080078125,4,nan,nan
뒧,U+B4A7,0,0,0,0,0,0.13702392578125,0.76904296875,0.1322021484375,6,nan,nan
뒨,U+B4A8,0,0,0,0,0,0.11346435546875,0.628173828125,0.1220703125,5,nan,nan
뒩,U+B4A9,0,0,1,1,0,0.13897705078125,0.765625,0.1474609375,5,nan,nan
뒪,U+B4AA,0,0,1,1,0,0.14044189453125,0.6171875,0.1546630859375,6,nan,nan
뒫,U+B4AB,0,0,1,1,0,0.1253662109375,0.5855712890625,0.13427734375,6,nan,nan
뒬,U+B4AC,0,0,0,0,0,0.143310546875,0.61236572265625,0.15606689453125,8,nan,nan
뒭,U+B4AD,0,0,0,0,0,0.14202880859375,0.78289794921875,0.15167236328125,7,nan,nan
뒮,U+B4AE,0,0,0,0,0,0.14813232421875,0.60809326171875,0.16668701171875,6,nan,nan
뒯,U+B4AF,0,0,0,0,0,0.13421630859375,0.6229248046875,0.15771484375,10,nan,nan
뒰,U+B4B0,0,0,0,0,0,0.14898681640625,0.7109375,0.1546630859375,6,nan,nan
뒱,U+B4B1,0,0,0,0,0,0.15142822265625,0.7421875,0.16796875,4,nan,nan
뒲,U+B4B2,0,0,1,1,0,0.13916015625,0.56005859375,0.15093994140625,5,nan,nan
뒳,U+B4B3,0,0,0,0,0,0.1539306640625,0.68988037109375,0.168701171875,10,nan,nan
뒴,U+B4B4,0,0,0,0,0,0.1375732421875,0.64337158203125,0.137939453125,6,nan,nan
뒵,U+B4B5,0,0,0,0,0,0.13037109375,0.582763671875,0.13543701171875,3,nan,nan
뒶,U+B4B6,0,0,0,0,0,0.13629150390625,0.6953125,0.1431884765625,7,nan,nan
뒷,U+B4B7,0,0,0,0,0,0.1156005859375,0.570556640625,0.11859130859375,4,nan,nan
뒸,U+B4B8,0,0,0,0,0,0.14361572265625,0.78125,0.14544677734375,5,nan,nan
뒹,U+B4B9,0,0,0,0,0,0.12518310546875,0.5810546875,0.12127685546875,6,nan,nan
뒺,U+B4BA,0,0,1,1,0,0.1373291015625,0.6640625,0.14007568359375,4,nan,nan
뒻,U+B4BB,0,0,0,0,0,0.13006591796875,0.62786865234375,0.1322021484375,5,nan,nan
뒼,U+B4BC,0,0,1,1,0,0.1204833984375,0.61236572265625,0.12347412109375,5,nan,nan
뒽,U+B4BD,0,0,1,1,0,0.12982177734375,0.599853515625,0.14544677734375,4,nan,nan
뒾,U+B4BE,0,0,0,0,0,0.1380615234375,0.671875,0.14715576171875,7,nan,nan
뒿,U+B4BF,0,0,0,0,0,0.14453125,0.59375,0.1219482421875,5,nan,nan
듀,U+B4C0,0,0,0,0,0,0.101806640625,0.5794677734375,0.10015869140625,3,nan,nan
듁,U+B4C1,0,0,0,0,0,0.13092041015625,0.7476806640625,0.13916015625,4,nan,nan
듂,U+B4C2,0,0,1,1,0,0.14178466796875,0.779541015625,0.1468505859375,6,nan,nan
듃,U+B4C3,0,0,0,0,0,0.12664794921875,0.74322509765625,0.13177490234375,4,nan,nan
듄,U+B4C4,0,0,0,0,0,0.1322021484375,0.7109375,0.133544921875,5,nan,nan
듅,U+B4C5,0,0,1,1,0,0.13702392578125,0.749267578125,0.1448974609375,5,nan,nan
듆,U+B4C6,0,0,1,1,0,0.13128662109375,0.720703125,0.15087890625,6,nan,nan
듇,U+B4C7,0,0,1,1,0,0.12884521484375,0.7578125,0.1343994140625,4,nan,nan
듈,U+B4C8,0,0,0,0,0,0.1600341796875,0.78125,0.15899658203125,4,nan,nan
듉,U+B4C9,0,0,0,0,0,0.14276123046875,0.74169921875,0.153076171875,4,nan,nan
듊,U+B4CA,0,0,0,0,0,0.14642333984375,0.732421875,0.1822509765625,5,nan,nan
듋,U+B4CB,0,0,0,0,0,0.146240234375,0.708984375,0.16473388671875,8,nan,nan
듌,U+B4CC,0,0,0,0,0,0.143798828125,0.80108642578125,0.16943359375,8,nan,nan
듍,U+B4CD,0,0,0,0,0,0.13848876953125,0.71319580078125,0.1627197265625,10,nan,nan
듎,U+B4CE,0,0,1,1,0,0.1373291015625,0.720703125,0.156982421875,5,nan,nan
듏,U+B4CF,0,0,0,0,0,0.1650390625,0.74169921875,0.17816162109375,7,nan,nan
듐,U+B4D0,0,0,0,0,1,0.1370849609375,0.78125,0.145751953125,3,24.024738882164968,0.9539463561805231
듑,U+B4D1,0,0,0,0,0,0.1534423828125,0.71875,0.14984130859375,4,nan,nan
듒,U+B4D2,0,0,0,0,0,0.15179443359375,0.718994140625,0.1593017578125,7,nan,nan
듓,U+B4D3,0,0,0,0,0,0.13958740234375,0.729736328125,0.1265869140625,5,nan,nan
듔,U+B4D4,0,0,0,0,0,0.15557861328125,0.71319580078125,0.154541015625,5,nan,nan
듕,U+B4D5,0,0,0,0,0,0.144775390625,0.688720703125,0.1153564453125,4,nan,nan
듖,U+B4D6,0,0,1,1,0,0.13360595703125,0.6962890625,0.1309814453125,3,nan,nan
듗,U+B4D7,0,0,0,0,0,0.14276123046875,0.6962890625,0.1444091796875,4,nan,nan
듘,U+B4D8,0,0,1,1,0,0.13897705078125,0.784423828125,0.13427734375,3,nan,nan
듙,U+B4D9,0,0,1,1,0,0.13592529296875,0.744140625,0.15313720703125,4,nan,nan
듚,U+B4DA,0,0,0,0,0,0.14801025390625,0.713134765625,0.16058349609375,3,nan,nan
듛,U+B4DB,0,0,0,0,0,0.16534423828125,0.7286376953125,0.1512451171875,5,nan,nan
드,U+B4DC,0,0,0,0,0,0.05657958984375,0.3182373046875,0.061767578125,2,nan,nan
득,U+B4DD,0,0,0,0,0,0.122314453125,0.732421875,0.12237548828125,5,nan,nan
듞,U+B4DE,0,0,1,1,0,0.11151123046875,0.80224609375,0.1251220703125,6,nan,nan
듟,U+B4DF,0,0,0,0,0,0.11627197265625,0.758056640625,0.1212158203125,6,nan,nan
든,U+B4E0,0,0,0,0,0,0.09814453125,0.71636962890625,0.10986328125,7,nan,nan
듡,U+B4E1,0,0,1,1,0,0.11651611328125,0.7855224609375,0.134765625,4,nan,nan
듢,U+B4E2,0,0,1,1,0,0.11859130859375,0.7130126953125,0.13287353515625,8,nan,nan
듣,U+B4E3,0,0,1,1,0,0.10955810546875,0.63555908203125,0.11004638671875,4,nan,nan
들,U+B4E4,0,0,0,0,0,0.15631103515625,0.78125,0.15191650390625,6,nan,nan
듥,U+B4E5,0,0,0,0,0,0.1484375,0.7520751953125,0.150390625,4,nan,nan
듦,U+B4E6,0,0,0,0,0,0.153076171875,0.7657470703125,0.17431640625,6,nan,nan
듧,U+B4E7,0,0,0,0,0,0.132080078125,0.7237548828125,0.1590576171875,6,nan,nan
듨,U+B4E8,0,0,0,0,0,0.16961669921875,0.77056884765625,0.16046142578125,3,nan,nan
듩,U+B4E9,0,0,0,0,0,0.1494140625,0.750732421875,0.1627197265625,8,nan,nan
듪,U+B4EA,0,0,1,1,0,0.14794921875,0.74462890625,0.16455078125,5,nan,nan
듫,U+B4EB,0,0,0,0,0,0.1707763671875,0.7568359375,0.17144775390625,7,nan,nan
듬,U+B4EC,0,0,0,0,0,0.1229248046875,0.69000244140625,0.13653564453125,4,nan,nan
듭,U+B4ED,0,0,0,0,0,0.13232421875,0.726318359375,0.13885498046875,3,nan,nan
듮,U+B4EE,0,0,0,0,0,0.1484375,0.77545166015625,0.14471435546875,6,nan,nan
듯,U+B4EF,0,0,0,0,0,0.10565185546875,0.6646728515625,0.10064697265625,4,nan,nan
듰,U+B4F0,0,0,0,0,0,0.14898681640625,0.81634521484375,0.14178466796875,4,nan,nan
등,U+B4F1,0,0,0,0,0,0.10064697265625,0.4276123046875,0.08868408203125,3,nan,nan
듲,U+B4F2,0,0,1,1,0,0.12646484375,0.72509765625,0.1212158203125,4,nan,nan
듳,U+B4F3,0,0,0,0,0,0.13702392578125,0.72479248046875,0.1422119140625,4,nan,nan
듴,U+B4F4,0,0,1,1,0,0.10809326171875,0.6749267578125,0.12420654296875,9,nan,nan
듵,U+B4F5,0,0,1,1,0,0.115478515625,0.6712646484375,0.1414794921875,8,nan,nan
듶,U+B4F6,0,0,0,0,0,0.1505126953125,0.78826904296875,0.1488037109375,3,nan,nan
듷,U+B4F7,0,0,0,0,0,0.139892578125,0.8984375,0.14404296875,15,nan,nan
듸,U+B4F8,0,0,0,0,0,0.09783935546875,0.48065185546875,0.096923828125,2,nan,nan
듹,U+B4F9,0,0,0,0,0,0.11541748046875,0.6201171875,0.1136474609375,5,nan,nan
듺,U+B4FA,0,0,1,1,0,0.1212158203125,0.796875,0.13494873046875,6,nan,nan
듻,U+B4FB,0,0,0,0,0,0.11981201171875,0.7578125,0.13165283203125,6,nan,nan
듼,U+B4FC,0,0,0,0,0,0.10888671875,0.643310546875,0.11749267578125,5,nan,nan
듽,U+B4FD,0,0,1,1,0,0.13275146484375,0.72479248046875,0.1417236328125,3,nan,nan
듾,U+B4FE,0,0,1,1,0,0.12548828125,0.6075439453125,0.1370849609375,5,nan,nan
듿,U+B4FF,0,0,1,1,0,0.1181640625,0.57806396484375,0.12481689453125,5,nan,nan
딀,U+B500,0,0,0,0,0,0.128662109375,0.6015625,0.13848876953125,4,nan,nan
딁,U+B501,0,0,0,0,0,0.13232421875,0.6640625,0.15484619140625,5,nan,nan
딂,U+B502,0,0,0,0,0,0.1285400390625,0.71484375,0.15618896484375,6,nan,nan
딃,U+B503,0,0,0,0,0,0.1297607421875,0.6484375,0.1549072265625,4,nan,nan
딄,U+B504,0,0,0,0,0,0.14483642578125,0.703857421875,0.1505126953125,5,nan,nan
딅,U+B505,0,0,0,0,0,0.12060546875,0.625,0.15289306640625,6,nan,nan
딆,U+B506,0,0,1,1,0,0.10589599609375,0.6171875,0.124267578125,5,nan,nan
딇,U+B507,0,0,0,0,0,0.1419677734375,0.609375,0.154296875,6,nan,nan
딈,U+B508,0,0,0,0,0,0.10443115234375,0.57806396484375,0.1324462890625,4,nan,nan
딉,U+B509,0,0,0,0,0,0.11749267578125,0.56304931640625,0.13043212890625,4,nan,nan
딊,U+B50A,0,0,0,0,0,0.1312255859375,0.75,0.145751953125,6,nan,nan
딋,U+B50B,0,0,0,0,0,0.11541748046875,0.556640625,0.11346435546875,4,nan,nan
딌,U+B50C,0,0,0,0,0,0.138916015625,0.84375,0.14141845703125,6,nan,nan
딍,U+B50D,0,0,0,0,0,0.10748291015625,0.55450439453125,0.11090087890625,4,nan,nan
딎,U+B50E,0,0,1,1,0,0.11102294921875,0.6229248046875,0.12713623046875,4,nan,nan
딏,U+B50F,0,0,0,0,0,0.13812255859375,0.6484375,0.145263671875,4,nan,nan
딐,U+B510,0,0,1,1,0,0.107666015625,0.5380859375,0.1295166015625,6,nan,nan
딑,U+B511,0,0,1,1,0,0.125,0.54931640625,0.138427734375,5,nan,nan
딒,U+B512,0,0,0,0,0,0.13287353515625,0.753662109375,0.14453125,5,nan,nan
딓,U+B513,0,0,0,0,0,0.136474609375,0.5625,0.1209716796875,7,nan,nan
디,U+B514,0,0,0,0,0,0.06439208984375,0.431640625,0.0743408203125,2,nan,nan
딕,U+B515,0,0,0,0,0,0.09405517578125,0.5546875,0.09344482421875,3,nan,nan
딖,U+B516,0,0,1,1,0,0.0950927734375,0.732421875,0.099365234375,6,nan,nan
딗,U+B517,0,0,0,0,0,0.1165771484375,0.6976318359375,0.1148681640625,4,nan,nan
딘,U+B518,0,0,0,0,0,0.0838623046875,0.5859375,0.09271240234375,6,nan,nan
딙,U+B519,0,0,1,1,0,0.0908203125,0.64599609375,0.10809326171875,5,nan,nan
딚,U+B51A,0,0,1,1,0,0.0972900390625,0.51934814453125,0.11737060546875,4,nan,nan
딛,U+B51B,0,0,1,1,0,0.0853271484375,0.460205078125,0.09552001953125,3,nan,nan
딜,U+B51C,0,0,0,0,0,0.1204833984375,0.6953125,0.13397216796875,6,nan,nan
딝,U+B51D,0,0,0,0,0,0.11419677734375,0.567626953125,0.12957763671875,4,nan,nan
딞,U+B51E,0,0,0,0,0,0.125732421875,0.6201171875,0.15228271484375,6,nan,nan
딟,U+B51F,0,0,0,0,0,0.12652587890625,0.55694580078125,0.14410400390625,5,nan,nan
딠,U+B520,0,0,0,0,0,0.13580322265625,0.6796875,0.137939453125,6,nan,nan
딡,U+B521,0,0,0,0,0,0.0968017578125,0.5555419921875,0.11358642578125,8,nan,nan
딢,U+B522,0,0,1,1,0,0.10321044921875,0.578125,0.12579345703125,7,nan,nan
딣,U+B523,0,0,0,0,0,0.13739013671875,0.6171875,0.1553955078125,8,nan,nan
딤,U+B524,0,0,0,0,0,0.093505859375,0.53173828125,0.11712646484375,3,nan,nan
딥,U+B525,0,0,0,0,0,0.10760498046875,0.5340576171875,0.12457275390625,4,nan,nan
딦,U+B526,0,0,0,0,0,0.12835693359375,0.643310546875,0.13531494140625,4,nan,nan
딧,U+B527,0,0,0,0,0,0.0936279296875,0.5435791015625,0.09320068359375,3,nan,nan
딨,U+B528,0,0,0,0,0,0.1268310546875,0.671875,0.11859130859375,3,nan,nan
딩,U+B529,0,0,0,0,0,0.0989990234375,0.49072265625,0.08673095703125,4,nan,nan
딪,U+B52A,0,0,1,1,0,0.09808349609375,0.5736083984375,0.1121826171875,4,nan,nan
딫,U+B52B,0,0,0,0,0,0.12384033203125,0.6171875,0.12286376953125,4,nan,nan
딬,U+B52C,0,0,1,1,0,0.1015625,0.58135986328125,0.1099853515625,5,nan,nan
딭,U+B52D,0,0,1,1,0,0.10650634765625,0.5084228515625,0.12054443359375,7,nan,nan
딮,U+B52E,0,0,0,0,0,0.1195068359375,0.59033203125,0.1317138671875,5,nan,nan
딯,U+B52F,0,0,0,0,0,0.11962890625,0.6015625,0.10528564453125,5,nan,nan
따,U+B530,0,0,0,0,0,0.10101318359375,0.6646728515625,0.1031494140625,2,nan,nan
딱,U+B531,0,0,0,0,0,0.10650634765625,0.6275634765625,0.11468505859375,4,nan,nan
딲,U+B532,0,0,1,1,0,0.13287353515625,0.708984375,0.14019775390625,6,nan,nan
딳,U+B533,0,0,0,0,0,0.1412353515625,0.72821044921875,0.139892578125,8,nan,nan
딴,U+B534,0,0,0,0,0,0.11480712890625,0.7052001953125,0.12188720703125,2,nan,nan
딵,U+B535,0,0,1,1,0,0.1142578125,0.7371826171875,0.12786865234375,3,nan,nan
딶,U+B536,0,0,1,1,0,0.11279296875,0.8125,0.1436767578125,11,nan,nan
딷,U+B537,0,0,1,1,0,0.11187744140625,0.7357177734375,0.131103515625,5,nan,nan
딸,U+B538,0,0,0,0,0,0.1734619140625,0.7596435546875,0.16339111328125,2,nan,nan
딹,U+B539,0,0,0,0,0,0.13287353515625,0.75,0.1495361328125,5,nan,nan
딺,U+B53A,0,0,0,0,0,0.1192626953125,0.7286376953125,0.14862060546875,6,nan,nan
딻,U+B53B,0,0,0,0,0,0.147705078125,0.8359375,0.16259765625,5,nan,nan
딼,U+B53C,0,0,0,0,0,0.1346435546875,0.796875,0.15185546875,7,nan,nan
딽,U+B53D,0,0,0,0,0,0.12579345703125,0.765625,0.15313720703125,12,nan,nan
딾,U+B53E,0,0,1,1,0,0.13916015625,0.7734375,0.16802978515625,5,nan,nan
딿,U+B53F,0,0,0,0,0,0.13922119140625,0.75,0.1661376953125,8,nan,nan
땀,U+B540,0,0,0,0,0,0.1251220703125,0.7305908203125,0.13067626953125,3,nan,nan
땁,U+B541,0,0,0,0,0,0.1180419921875,0.749267578125,0.129638671875,4,nan,nan
땂,U+B542,0,0,0,0,0,0.1092529296875,0.6712646484375,0.13714599609375,8,nan,nan
땃,U+B543,0,0,0,0,0,0.1051025390625,0.72021484375,0.11676025390625,8,nan,nan
땄,U+B544,0,0,0,0,0,0.17291259765625,0.8359375,0.14434814453125,3,nan,nan
땅,U+B545,0,0,0,0,0,0.12548828125,0.72509765625,0.11737060546875,6,nan,nan
땆,U+B546,0,0,1,1,0,0.11749267578125,0.7613525390625,0.1353759765625,8,nan,nan
땇,U+B547,0,0,0,0,0,0.1556396484375,0.7596435546875,0.15032958984375,4,nan,nan
땈,U+B548,0,0,1,1,0,0.1202392578125,0.7669677734375,0.12445068359375,9,nan,nan
땉,U+B549,0,0,1,1,0,0.16131591796875,0.74005126953125,0.16119384765625,5,nan,nan
땊,U+B54A,0,0,0,0,0,0.13140869140625,0.7578125,0.154052734375,5,nan,nan
땋,U+B54B,0,0,0,0,0,0.10040283203125,0.7421875,0.1175537109375,12,nan,nan
때,U+B54C,0,0,0,0,0,0.11798095703125,0.52569580078125,0.11163330078125,3,nan,nan
땍,U+B54D,0,0,0,0,0,0.12353515625,0.67205810546875,0.1331787109375,4,nan,nan
땎,U+B54E,0,0,1,1,0,0.13104248046875,0.68212890625,0.149658203125,3,nan,nan
땏,U+B54F,0,0,0,0,0,0.14984130859375,0.720703125,0.15435791015625,8,nan,nan
땐,U+B550,0,0,0,0,0,0.1263427734375,0.63720703125,0.14227294921875,5,nan,nan
땑,U+B551,0,0,1,1,0,0.16461181640625,0.75531005859375,0.17724609375,3,nan,nan
땒,U+B552,0,0,1,1,0,0.1551513671875,0.67901611328125,0.17437744140625,7,nan,nan
땓,U+B553,0,0,1,1,0,0.1368408203125,0.65185546875,0.1507568359375,4,nan,nan
땔,U+B554,0,0,0,0,0,0.16668701171875,0.7056884765625,0.17010498046875,3,nan,nan
땕,U+B555,0,0,0,0,0,0.15667724609375,0.828125,0.17608642578125,11,nan,nan
땖,U+B556,0,0,0,0,0,0.164306640625,0.68988037109375,0.181396484375,6,nan,nan
땗,U+B557,0,0,0,0,0,0.17578125,0.7265625,0.194091796875,6,nan,nan
땘,U+B558,0,0,0,0,0,0.165771484375,0.734375,0.18682861328125,4,nan,nan
땙,U+B559,0,0,0,0,0,0.1602783203125,0.76904296875,0.18206787109375,6,nan,nan
땚,U+B55A,0,0,1,1,0,0.16168212890625,0.7109375,0.18499755859375,4,nan,nan
땛,U+B55B,0,0,0,0,0,0.162109375,0.71142578125,0.17840576171875,5,nan,nan
땜,U+B55C,0,0,0,0,0,0.13385009765625,0.6478271484375,0.15155029296875,4,nan,nan
땝,U+B55D,0,0,0,0,0,0.13836669921875,0.64990234375,0.15631103515625,4,nan,nan
땞,U+B55E,0,0,0,0,0,0.14874267578125,0.7222900390625,0.16656494140625,8,nan,nan
땟,U+B55F,0,0,0,0,0,0.15594482421875,0.6553955078125,0.14862060546875,4,nan,nan
땠,U+B560,0,0,0,0,0,0.171875,0.69488525390625,0.162109375,3,nan,nan
땡,U+B561,0,0,0,0,0,0.1536865234375,0.63720703125,0.12078857421875,4,nan,nan
땢,U+B562,0,0,1,1,0,0.14794921875,0.703857421875,0.1566162109375,5,nan,nan
땣,U+B563,0,0,0,0,0,0.14361572265625,0.6998291015625,0.16070556640625,7,nan,nan
땤,U+B564,0,0,1,1,0,0.12774658203125,0.63812255859375,0.14923095703125,7,nan,nan
땥,U+B565,0,0,1,1,0,0.14642333984375,0.68115234375,0.1689453125,4,nan,nan
땦,U+B566,0,0,0,0,0,0.15679931640625,0.630126953125,0.15789794921875,4,nan,nan
땧,U+B567,0,0,0,0,0,0.13800048828125,0.6767578125,0.1357421875,4,nan,nan
땨,U+B568,0,0,0,0,0,0.11004638671875,0.4931640625,0.095703125,2,nan,nan
땩,U+B569,0,0,0,0,0,0.1192626953125,0.729248046875,0.13116455078125,2,nan,nan
땪,U+B56A,0,0,1,1,0,0.135498046875,0.73974609375,0.13702392578125,7,nan,nan
땫,U+B56B,0,0,0,0,0,0.13470458984375,0.75439453125,0.13909912109375,6,nan,nan
땬,U+B56C,0,0,0,0,0,0.1204833984375,0.7318115234375,0.12994384765625,3,nan,nan
땭,U+B56D,0,0,1,1,0,0.1551513671875,0.79840087890625,0.14764404296875,7,nan,nan
땮,U+B56E,0,0,1,1,0,0.14697265625,0.815185546875,0.16192626953125,8,nan,nan
땯,U+B56F,0,0,1,1,0,0.11285400390625,0.73553466796875,0.13214111328125,4,nan,nan
땰,U+B570,0,0,0,0,0,0.15850830078125,0.8074951171875,0.1627197265625,3,nan,nan
땱,U+B571,0,0,0,0,0,0.17413330078125,0.8203125,0.18505859375,5,nan,nan
땲,U+B572,0,0,0,0,0,0.14385986328125,0.7109375,0.1632080078125,10,nan,nan
땳,U+B573,0,0,0,0,0,0.17340087890625,0.8125,0.17926025390625,6,nan,nan
땴,U+B574,0,0,0,0,0,0.16015625,0.84375,0.16278076171875,7,nan,nan
땵,U+B575,0,0,0,0,0,0.1229248046875,0.6953125,0.1448974609375,5,nan,nan
땶,U+B576,0,0,1,1,0,0.1383056640625,0.78125,0.1546630859375,6,nan,nan
땷,U+B577,0,0,0,0,0,0.16400146484375,0.8671875,0.175048828125,6,nan,nan
땸,U+B578,0,0,0,0,0,0.12713623046875,0.69659423828125,0.1439208984375,3,nan,nan
땹,U+B579,0,0,0,0,0,0.12860107421875,0.71038818359375,0.14178466796875,4,nan,nan
땺,U+B57A,0,0,0,0,0,0.1463623046875,0.83453369140625,0.1597900390625,4,nan,nan
땻,U+B57B,0,0,0,0,0,0.14642333984375,0.7957763671875,0.1385498046875,4,nan,nan
땼,U+B57C,0,0,0,0,0,0.1395263671875,0.79266357421875,0.13812255859375,4,nan,nan
땽,U+B57D,0,0,0,0,0,0.15960693359375,0.8046875,0.12493896484375,4,nan,nan
땾,U+B57E,0,0,1,1,0,0.1612548828125,0.82763671875,0.15106201171875,3,nan,nan
땿,U+B57F,0,0,0,0,0,0.13873291015625,0.77197265625,0.13897705078125,4,nan,nan
떀,U+B580,0,0,1,1,0,0.1298828125,0.6904296875,0.13824462890625,5,nan,nan
떁,U+B581,0,0,1,1,0,0.1427001953125,0.6337890625,0.144775390625,3,nan,nan
떂,U+B582,0,0,0,0,0,0.14801025390625,0.8258056640625,0.15570068359375,4,nan,nan
떃,U+B583,0,0,0,0,0,0.12591552734375,0.765625,0.13275146484375,6,nan,nan
떄,U+B584,0,0,0,0,0,0.11541748046875,0.48944091796875,0.1182861328125,2,nan,nan
떅,U+B585,0,0,0,0,0,0.1241455078125,0.65625,0.13726806640625,3,nan,nan
떆,U+B586,0,0,1,1,0,0.1524658203125,0.626220703125,0.14788818359375,1,nan,nan
떇,U+B587,0,0,0,0,0,0.15374755859375,0.672607421875,0.15496826171875,4,nan,nan
떈,U+B588,0,0,0,0,0,0.1309814453125,0.6378173828125,0.137939453125,5,nan,nan
떉,U+B589,0,0,1,1,0,0.169677734375,0.6942138671875,0.17626953125,4,nan,nan
떊,U+B58A,0,0,1,1,0,0.153564453125,0.679443359375,0.172119140625,6,nan,nan
떋,U+B58B,0,0,1,1,0,0.14111328125,0.6759033203125,0.14654541015625,5,nan,nan
떌,U+B58C,0,0,0,0,0,0.163330078125,0.74005126953125,0.1746826171875,3,nan,nan
떍,U+B58D,0,0,0,0,0,0.1767578125,0.69818115234375,0.18524169921875,2,nan,nan
떎,U+B58E,0,0,0,0,0,0.1666259765625,0.7109375,0.19500732421875,5,nan,nan
떏,U+B58F,0,0,0,0,0,0.169921875,0.7286376953125,0.19561767578125,8,nan,nan
떐,U+B590,0,0,0,0,0,0.15765380859375,0.68316650390625,0.17901611328125,7,nan,nan
떑,U+B591,0,0,0,0,0,0.18353271484375,0.7596435546875,0.1983642578125,5,nan,nan
떒,U+B592,0,0,1,1,0,0.17431640625,0.703125,0.19097900390625,4,nan,nan
떓,U+B593,0,0,0,0,0,0.17724609375,0.71875,0.1988525390625,7,nan,nan
떔,U+B594,0,0,0,0,0,0.14154052734375,0.750732421875,0.15234375,4,nan,nan
떕,U+B595,0,0,0,0,0,0.15167236328125,0.697265625,0.162109375,4,nan,nan
떖,U+B596,0,0,0,0,0,0.14178466796875,0.6646728515625,0.16729736328125,4,nan,nan
떗,U+B597,0,0,0,0,0,0.15869140625,0.7222900390625,0.150390625,3,nan,nan
떘,U+B598,0,0,0,0,0,0.1510009765625,0.7706298828125,0.154541015625,3,nan,nan
떙,U+B599,0,0,0,0,0,0.1500244140625,0.623046875,0.1273193359375,4,nan,nan
떚,U+B59A,0,0,1,1,0,0.16253662109375,0.71636962890625,0.158203125,3,nan,nan
떛,U+B59B,0,0,0,0,0,0.15667724609375,0.71319580078125,0.15252685546875,3,nan,nan
떜,U+B59C,0,0,1,1,0,0.1636962890625,0.7109375,0.160400390625,4,nan,nan
떝,U+B59D,0,0,1,1,0,0.1478271484375,0.71484375,0.16302490234375,4,nan,nan
떞,U+B59E,0,0,0,0,0,0.15386962890625,0.7237548828125,0.1708984375,5,nan,nan
떟,U+B59F,0,0,0,0,0,0.15338134765625,0.67138671875,0.1448974609375,4,nan,nan
떠,U+B5A0,0,0,0,0,0,0.09124755859375,0.46099853515625,0.0938720703125,3,nan,nan
떡,U+B5A1,0,0,0,0,0,0.11285400390625,0.5628662109375,0.13055419921875,3,nan,nan
떢,U+B5A2,0,0,1,1,0,0.127685546875,0.60546875,0.1322021484375,5,nan,nan
떣,U+B5A3,0,0,0,0,0,0.16046142578125,0.7265625,0.12744140625,3,nan,nan
떤,U+B5A4,0,0,0,0,0,0.11767578125,0.5369873046875,0.11712646484375,3,nan,nan
떥,U+B5A5,0,0,1,1,0,0.1556396484375,0.70953369140625,0.14892578125,9,nan,nan
떦,U+B5A6,0,0,1,1,0,0.1561279296875,0.76904296875,0.15606689453125,7,nan,nan
떧,U+B5A7,0,0,1,1,0,0.11651611328125,0.55865478515625,0.13165283203125,3,nan,nan
떨,U+B5A8,0,0,0,0,0,0.14349365234375,0.6953125,0.15386962890625,7,nan,nan
떩,U+B5A9,0,0,0,0,0,0.15789794921875,0.765625,0.1693115234375,7,nan,nan
떪,U+B5AA,0,0,0,0,0,0.16375732421875,0.60546875,0.16473388671875,6,nan,nan
떫,U+B5AB,0,0,0,0,0,0.17218017578125,0.796875,0.1837158203125,6,nan,nan
떬,U+B5AC,0,0,0,0,0,0.17352294921875,0.7998046875,0.15972900390625,6,nan,nan
떭,U+B5AD,0,0,0,0,0,0.16162109375,0.7767333984375,0.18365478515625,7,nan,nan
떮,U+B5AE,0,0,1,1,0,0.154052734375,0.828125,0.1680908203125,9,nan,nan
떯,U+B5AF,0,0,0,0,0,0.1646728515625,0.8203125,0.17266845703125,11,nan,nan
떰,U+B5B0,0,0,0,0,0,0.123291015625,0.56640625,0.1378173828125,4,nan,nan
떱,U+B5B1,0,0,0,0,0,0.13873291015625,0.628173828125,0.1429443359375,3,nan,nan
떲,U+B5B2,0,0,0,0,0,0.1376953125,0.630615234375,0.14453125,5,nan,nan
떳,U+B5B3,0,0,0,0,0,0.1455078125,0.530517578125,0.12835693359375,2,nan,nan
떴,U+B5B4,0,0,0,0,0,0.1441650390625,0.648193359375,0.1402587890625,4,nan,nan
떵,U+B5B5,0,0,0,0,0,0.11138916015625,0.5126953125,0.10626220703125,3,nan,nan
떶,U+B5B6,0,0,1,1,0,0.143798828125,0.60498046875,0.1390380859375,3,nan,nan
떷,U+B5B7,0,0,0,0,0,0.1451416015625,0.6690673828125,0.136474609375,5,nan,nan
떸,U+B5B8,0,0,1,1,0,0.1513671875,0.7056884765625,0.15216064453125,6,nan,nan
떹,U+B5B9,0,0,1,1,0,0.13177490234375,0.5908203125,0.143798828125,4,nan,nan
떺,U+B5BA,0,0,0,0,0,0.1322021484375,0.5517578125,0.14013671875,3,nan,nan
떻,U+B5BB,0,0,0,0,0,0.12652587890625,0.5950927734375,0.12310791015625,9,nan,nan
떼,U+B5BC,0,0,0,0,0,0.12744140625,0.585205078125,0.12237548828125,4,nan,nan
떽,U+B5BD,0,0,0,0,0,0.1356201171875,0.713134765625,0.1461181640625,4,nan,nan
떾,U+B5BE,0,0,1,1,0,0.14019775390625,0.59820556640625,0.146728515625,8,nan,nan
떿,U+B5BF,0,0,0,0,0,0.18365478515625,0.7596435546875,0.1751708984375,7,nan,nan
뗀,U+B5C0,0,0,0,0,0,0.13177490234375,0.6317138671875,0.14208984375,5,nan,nan
뗁,U+B5C1,0,0,1,1,0,0.18194580078125,0.76904296875,0.1937255859375,4,nan,nan
뗂,U+B5C2,0,0,1,1,0,0.19281005859375,0.6844482421875,0.182373046875,5,nan,nan
뗃,U+B5C3,0,0,1,1,0,0.135498046875,0.63812255859375,0.15631103515625,8,nan,nan
뗄,U+B5C4,0,0,0,0,0,0.1796875,0.78289794921875,0.1842041015625,4,nan,nan
뗅,U+B5C5,0,0,0,0,0,0.1741943359375,0.6767578125,0.17852783203125,5,nan,nan
뗆,U+B5C6,0,0,0,0,0,0.18768310546875,0.6976318359375,0.188720703125,4,nan,nan
뗇,U+B5C7,0,0,0,0,0,0.17572021484375,0.703125,0.197998046875,7,nan,nan
뗈,U+B5C8,0,0,0,0,0,0.2032470703125,0.666015625,0.18682861328125,2,nan,nan
뗉,U+B5C9,0,0,0,0,0,0.19659423828125,0.75189208984375,0.2005615234375,6,nan,nan
뗊,U+B5CA,0,0,1,1,0,0.17254638671875,0.68505859375,0.18634033203125,8,nan,nan
뗋,U+B5CB,0,0,0,0,0,0.18792724609375,0.734375,0.20538330078125,5,nan,nan
뗌,U+B5CC,0,0,0,0,0,0.147705078125,0.67138671875,0.1689453125,5,nan,nan
뗍,U+B5CD,0,0,0,0,0,0.13433837890625,0.6180419921875,0.154052734375,6,nan,nan
뗎,U+B5CE,0,0,0,0,0,0.16949462890625,0.688720703125,0.1793212890625,4,nan,nan
뗏,U+B5CF,0,0,0,0,0,0.18341064453125,0.7056884765625,0.15802001953125,3,nan,nan
뗐,U+B5D0,0,0,0,0,0,0.1795654296875,0.7222900390625,0.16748046875,3,nan,nan
뗑,U+B5D1,0,0,0,0,0,0.15380859375,0.62774658203125,0.12158203125,5,nan,nan
뗒,U+B5D2,0,0,1,1,0,0.17486572265625,0.722900390625,0.16900634765625,5,nan,nan
뗓,U+B5D3,0,0,0,0,0,0.1416015625,0.6536865234375,0.1470947265625,6,nan,nan
뗔,U+B5D4,0,0,1,1,0,0.16412353515625,0.703125,0.1651611328125,7,nan,nan
뗕,U+B5D5,0,0,1,1,0,0.1829833984375,0.692138671875,0.18212890625,6,nan,nan
뗖,U+B5D6,0,0,0,0,0,0.1439208984375,0.63720703125,0.1605224609375,6,nan,nan
뗗,U+B5D7,0,0,0,0,0,0.13665771484375,0.66375732421875,0.1304931640625,5,nan,nan
뗘,U+B5D8,0,0,0,0,0,0.0826416015625,0.3096923828125,0.0792236328125,3,nan,nan
뗙,U+B5D9,0,0,0,0,0,0.12982177734375,0.672607421875,0.13543701171875,3,nan,nan
뗚,U+B5DA,0,0,1,1,0,0.15008544921875,0.72216796875,0.14923095703125,5,nan,nan
뗛,U+B5DB,0,0,0,0,0,0.15423583984375,0.703857421875,0.146240234375,4,nan,nan
뗜,U+B5DC,0,0,0,0,0,0.12200927734375,0.53887939453125,0.1151123046875,5,nan,nan
뗝,U+B5DD,0,0,1,1,0,0.12762451171875,0.70452880859375,0.14105224609375,4,nan,nan
뗞,U+B5DE,0,0,1,1,0,0.1629638671875,0.68316650390625,0.1630859375,5,nan,nan
뗟,U+B5DF,0,0,1,1,0,0.12994384765625,0.57244873046875,0.13519287109375,6,nan,nan
뗠,U+B5E0,0,0,0,0,0,0.15032958984375,0.67138671875,0.17041015625,4,nan,nan
뗡,U+B5E1,0,0,0,0,0,0.16131591796875,0.76171875,0.1708984375,7,nan,nan
뗢,U+B5E2,0,0,0,0,0,0.157470703125,0.6875,0.16680908203125,6,nan,nan
뗣,U+B5E3,0,0,0,0,0,0.1768798828125,0.6976318359375,0.1710205078125,4,nan,nan
뗤,U+B5E4,0,0,0,0,0,0.1705322265625,0.718994140625,0.16259765625,3,nan,nan
뗥,U+B5E5,0,0,0,0,0,0.15826416015625,0.70538330078125,0.16961669921875,5,nan,nan
뗦,U+B5E6,0,0,1,1,0,0.16607666015625,0.6953125,0.17266845703125,5,nan,nan
뗧,U+B5E7,0,0,0,0,0,0.18402099609375,0.828125,0.18817138671875,6,nan,nan
뗨,U+B5E8,0,0,0,0,0,0.13787841796875,0.5455322265625,0.13507080078125,3,nan,nan
뗩,U+B5E9,0,0,0,0,0,0.1353759765625,0.789306640625,0.14617919921875,6,nan,nan
뗪,U+B5EA,0,0,0,0,0,0.16571044921875,0.7265625,0.15338134765625,5,nan,nan
뗫,U+B5EB,0,0,0,0,0,0.140869140625,0.569091796875,0.12835693359375,4,nan,nan
뗬,U+B5EC,0,0,0,0,0,0.16827392578125,0.703125,0.14520263671875,3,nan,nan
뗭,U+B5ED,0,0,0,0,0,0.162353515625,0.62548828125,0.1265869140625,3,nan,nan
뗮,U+B5EE,0,0,1,1,0,0.14892578125,0.6329345703125,0.14764404296875,3,nan,nan
뗯,U+B5EF,0,0,0,0,0,0.1568603515625,0.640869140625,0.16156005859375,7,nan,nan
뗰,U+B5F0,0,0,1,1,0,0.13494873046875,0.73974609375,0.1484375,9,nan,nan
뗱,U+B5F1,0,0,1,1,0,0.1414794921875,0.60791015625,0.1639404296875,4,nan,nan
뗲,U+B5F2,0,0,0,0,0,0.1551513671875,0.59326171875,0.15386962890625,4,nan,nan
뗳,U+B5F3,0,0,0,0,0,0.1549072265625,0.64337158203125,0.142822265625,5,nan,nan
뗴,U+B5F4,0,0,0,0,0,0.13037109375,0.56396484375,0.13397216796875,3,nan,nan
뗵,U+B5F5,0,0,0,0,0,0.1219482421875,0.6639404296875,0.13885498046875,5,nan,nan
뗶,U+B5F6,0,0,1,1,0,0.155029296875,0.615234375,0.1558837890625,5,nan,nan
뗷,U+B5F7,0,0,0,0,0,0.18218994140625,0.7459716796875,0.17572021484375,8,nan,nan
뗸,U+B5F8,0,0,0,0,0,0.14532470703125,0.656982421875,0.16229248046875,8,nan,nan
뗹,U+B5F9,0,0,1,1,0,0.1923828125,0.79840087890625,0.19683837890625,8,nan,nan
뗺,U+B5FA,0,0,1,1,0,0.1795654296875,0.75,0.19354248046875,9,nan,nan
뗻,U+B5FB,0,0,1,1,0,0.1241455078125,0.63812255859375,0.15289306640625,4,nan,nan
뗼,U+B5FC,0,0,0,0,0,0.17010498046875,0.734130859375,0.18701171875,7,nan,nan
뗽,U+B5FD,0,0,0,0,0,0.1912841796875,0.71875,0.20123291015625,5,nan,nan
뗾,U+B5FE,0,0,0,0,0,0.1854248046875,0.6953125,0.20111083984375,3,nan,nan
뗿,U+B5FF,0,0,0,0,0,0.2041015625,0.73638916015625,0.21307373046875,5,nan,nan
똀,U+B600,0,0,0,0,0,0.19219970703125,0.7734375,0.18646240234375,5,nan,nan
똁,U+B601,0,0,0,0,0,0.20867919921875,0.78289794921875,0.2188720703125,5,nan,nan
똂,U+B602,0,0,1,1,0,0.2109375,0.76904296875,0.21478271484375,6,nan,nan
똃,U+B603,0,0,0,0,0,0.1900634765625,0.7906494140625,0.2020263671875,6,nan,nan
똄,U+B604,0,0,0,0,0,0.157470703125,0.679443359375,0.17828369140625,3,nan,nan
똅,U+B605,0,0,0,0,0,0.17022705078125,0.6962890625,0.1754150390625,3,nan,nan
똆,U+B606,0,0,0,0,0,0.18157958984375,0.7734375,0.18060302734375,6,nan,nan
똇,U+B607,0,0,0,0,0,0.1519775390625,0.69140625,0.1512451171875,5,nan,nan
똈,U+B608,0,0,0,0,0,0.18994140625,0.74462890625,0.18035888671875,4,nan,nan
똉,U+B609,0,0,0,0,0,0.15771484375,0.67437744140625,0.12762451171875,6,nan,nan
똊,U+B60A,0,0,1,1,0,0.150390625,0.70953369140625,0.15618896484375,12,nan,nan
똋,U+B60B,0,0,0,0,0,0.14801025390625,0.68988037109375,0.15216064453125,6,nan,nan
똌,U+B60C,0,0,1,1,0,0.1531982421875,0.68682861328125,0.1705322265625,9,nan,nan
똍,U+B60D,0,0,1,1,0,0.1524658203125,0.688720703125,0.1807861328125,6,nan,nan
똎,U+B60E,0,0,0,0,0,0.16400146484375,0.68682861328125,0.16510009765625,6,nan,nan
똏,U+B60F,0,0,0,0,0,0.1614990234375,0.688720703125,0.1573486328125,6,nan,nan
또,U+B610,0,0,0,0,0,0.1287841796875,0.5767822265625,0.11553955078125,1,nan,nan
똑,U+B611,0,0,0,0,0,0.14276123046875,0.666015625,0.13800048828125,5,nan,nan
똒,U+B612,0,0,1,1,0,0.1348876953125,0.57806396484375,0.13079833984375,3,nan,nan
똓,U+B613,0,0,0,0,0,0.1312255859375,0.71319580078125,0.14532470703125,6,nan,nan
똔,U+B614,0,0,0,0,0,0.08929443359375,0.5545654296875,0.10443115234375,5,nan,nan
똕,U+B615,0,0,1,1,0,0.13983154296875,0.673828125,0.138916015625,6,nan,nan
똖,U+B616,0,0,1,1,0,0.14642333984375,0.640869140625,0.14410400390625,3,nan,nan
똗,U+B617,0,0,1,1,0,0.1285400390625,0.52435302734375,0.126220703125,3,nan,nan
똘,U+B618,0,0,0,0,0,0.16046142578125,0.75,0.17156982421875,5,nan,nan
똙,U+B619,0,0,0,0,0,0.159912109375,0.701904296875,0.1763916015625,6,nan,nan
똚,U+B61A,0,0,0,0,0,0.15423583984375,0.8359375,0.18328857421875,9,nan,nan
똛,U+B61B,0,0,0,0,0,0.14739990234375,0.640869140625,0.17022705078125,6,nan,nan
똜,U+B61C,0,0,0,0,0,0.158935546875,0.7568359375,0.1666259765625,5,nan,nan
똝,U+B61D,0,0,0,0,0,0.14208984375,0.688720703125,0.162353515625,4,nan,nan
똞,U+B61E,0,0,1,1,0,0.14996337890625,0.6925048828125,0.17486572265625,5,nan,nan
똟,U+B61F,0,0,0,0,0,0.204833984375,0.9296875,0.19903564453125,10,nan,nan
똠,U+B620,0,0,0,0,0,0.1541748046875,0.63189697265625,0.15631103515625,2,nan,nan
똡,U+B621,0,0,0,0,0,0.1263427734375,0.5435791015625,0.13397216796875,3,nan,nan
똢,U+B622,0,0,0,0,0,0.1502685546875,0.6627197265625,0.15521240234375,4,nan,nan
똣,U+B623,0,0,0,0,0,0.1444091796875,0.63720703125,0.14068603515625,2,nan,nan
똤,U+B624,0,0,0,0,0,0.143798828125,0.63812255859375,0.13983154296875,5,nan,nan
똥,U+B625,0,0,0,0,0,0.14080810546875,0.613037109375,0.12371826171875,2,nan,nan
똦,U+B626,0,0,1,1,0,0.1368408203125,0.58746337890625,0.13604736328125,3,nan,nan
똧,U+B627,0,0,0,0,0,0.1397705078125,0.578125,0.14422607421875,4,nan,nan
똨,U+B628,0,0,1,1,0,0.13653564453125,0.65625,0.1378173828125,6,nan,nan
똩,U+B629,0,0,1,1,0,0.13067626953125,0.5855712890625,0.144775390625,3,nan,nan
똪,U+B62A,0,0,0,0,0,0.1470947265625,0.65313720703125,0.1514892578125,6,nan,nan
똫,U+B62B,0,0,0,0,0,0.1416015625,0.671875,0.1514892578125,7,nan,nan
똬,U+B62C,0,0,0,0,0,0.1165771484375,0.59661865234375,0.1265869140625,4,nan,nan
똭,U+B62D,0,0,0,0,0,0.1368408203125,0.79022216796875,0.13970947265625,7,nan,nan
똮,U+B62E,0,0,1,1,0,0.13629150390625,0.6534423828125,0.14349365234375,5,nan,nan
똯,U+B62F,0,0,0,0,0,0.171875,0.77716064453125,0.17315673828125,4,nan,nan
똰,U+B630,0,0,0,0,0,0.15576171875,0.7720947265625,0.152099609375,4,nan,nan
똱,U+B631,0,0,1,1,0,0.14654541015625,0.7476806640625,0.15765380859375,6,nan,nan
똲,U+B632,0,0,1,1,0,0.1641845703125,0.74005126953125,0.18035888671875,4,nan,nan
똳,U+B633,0,0,1,1,0,0.134521484375,0.67193603515625,0.138671875,4,nan,nan
똴,U+B634,0,0,0,0,0,0.18194580078125,0.7767333984375,0.17498779296875,4,nan,nan
똵,U+B635,0,0,0,0,0,0.1756591796875,0.8046875,0.1856689453125,6,nan,nan
똶,U+B636,0,0,0,0,0,0.16790771484375,0.75189208984375,0.1864013671875,11,nan,nan
똷,U+B637,0,0,0,0,0,0.173828125,0.859375,0.20672607421875,7,nan,nan
똸,U+B638,0,0,0,0,0,0.17742919921875,0.77056884765625,0.18792724609375,9,nan,nan
똹,U+B639,0,0,0,0,0,0.17108154296875,0.78582763671875,0.19390869140625,5,nan,nan
똺,U+B63A,0,0,1,1,0,0.17999267578125,0.77056884765625,0.1876220703125,4,nan,nan
똻,U+B63B,0,0,0,0,0,0.20184326171875,0.8125,0.201171875,4,nan,nan
똼,U+B63C,0,0,0,0,0,0.1405029296875,0.784423828125,0.15643310546875,4,nan,nan
똽,U+B63D,0,0,0,0,0,0.13409423828125,0.7371826171875,0.147216796875,6,nan,nan
똾,U+B63E,0,0,0,0,0,0.16082763671875,0.8173828125,0.18121337890625,5,nan,nan
똿,U+B63F,0,0,0,0,0,0.165283203125,0.73974609375,0.15460205078125,4,nan,nan
뙀,U+B640,0,0,0,0,0,0.1787109375,0.76171875,0.1656494140625,5,nan,nan
뙁,U+B641,0,0,0,0,0,0.15386962890625,0.69580078125,0.13531494140625,4,nan,nan
뙂,U+B642,0,0,1,1,0,0.17041015625,0.84490966796875,0.16485595703125,4,nan,nan
뙃,U+B643,0,0,0,0,0,0.153564453125,0.78125,0.158935546875,4,nan,nan
뙄,U+B644,0,0,1,1,0,0.15509033203125,0.828125,0.158203125,7,nan,nan
뙅,U+B645,0,0,1,1,0,0.14697265625,0.6610107421875,0.15338134765625,4,nan,nan
뙆,U+B646,0,0,0,0,0,0.14617919921875,0.823974609375,0.15899658203125,3,nan,nan
뙇,U+B647,0,0,0,0,0,0.149169921875,0.78289794921875,0.14593505859375,6,nan,nan
뙈,U+B648,0,0,0,0,0,0.12091064453125,0.451171875,0.13287353515625,4,nan,nan
뙉,U+B649,0,0,0,0,0,0.1339111328125,0.70953369140625,0.15777587890625,6,nan,nan
뙊,U+B64A,0,0,1,1,0,0.14923095703125,0.6712646484375,0.15887451171875,6,nan,nan
뙋,U+B64B,0,0,0,0,0,0.164794921875,0.6796875,0.17742919921875,3,nan,nan
뙌,U+B64C,0,0,0,0,0,0.15020751953125,0.6591796875,0.1650390625,4,nan,nan
뙍,U+B64D,0,0,1,1,0,0.17706298828125,0.6953125,0.20245361328125,9,nan,nan
뙎,U+B64E,0,0,1,1,0,0.16778564453125,0.6690673828125,0.19317626953125,5,nan,nan
뙏,U+B64F,0,0,1,1,0,0.13751220703125,0.62841796875,0.16290283203125,7,nan,nan
뙐,U+B650,0,0,0,0,0,0.18243408203125,0.6690673828125,0.18963623046875,6,nan,nan
뙑,U+B651,0,0,0,0,0,0.1767578125,0.6640625,0.19140625,7,nan,nan
뙒,U+B652,0,0,0,0,0,0.1717529296875,0.67437744140625,0.1998291015625,3,nan,nan
뙓,U+B653,0,0,0,0,0,0.1800537109375,0.671875,0.2071533203125,4,nan,nan
뙔,U+B654,0,0,0,0,0,0.20147705078125,0.6953125,0.21142578125,3,nan,nan
뙕,U+B655,0,0,0,0,0,0.18377685546875,0.661376953125,0.205078125,6,nan,nan
뙖,U+B656,0,0,1,1,0,0.18359375,0.6875,0.209716796875,5,nan,nan
뙗,U+B657,0,0,0,0,0,0.20428466796875,0.67437744140625,0.21905517578125,8,nan,nan
뙘,U+B658,0,0,0,0,0,0.15216064453125,0.62548828125,0.180908203125,5,nan,nan
뙙,U+B659,0,0,0,0,0,0.1552734375,0.65087890625,0.17425537109375,6,nan,nan
뙚,U+B65A,0,0,0,0,0,0.16949462890625,0.7265625,0.185302734375,4,nan,nan
뙛,U+B65B,0,0,0,0,0,0.16461181640625,0.6561279296875,0.1646728515625,5,nan,nan
뙜,U+B65C,0,0,0,0,0,0.171630859375,0.68212890625,0.1800537109375,4,nan,nan
뙝,U+B65D,0,0,0,0,0,0.16754150390625,0.63720703125,0.14508056640625,3,nan,nan
뙞,U+B65E,0,0,1,1,0,0.1854248046875,0.670166015625,0.17755126953125,4,nan,nan
뙟,U+B65F,0,0,0,0,0,0.1640625,0.6357421875,0.17291259765625,2,nan,nan
뙠,U+B660,0,0,1,1,0,0.1517333984375,0.640869140625,0.16827392578125,6,nan,nan
뙡,U+B661,0,0,1,1,0,0.162841796875,0.68988037109375,0.18292236328125,6,nan,nan
뙢,U+B662,0,0,0,0,0,0.15899658203125,0.68988037109375,0.17645263671875,5,nan,nan
뙣,U+B663,0,0,0,0,0,0.1644287109375,0.65887451171875,0.1612548828125,5,nan,nan
뙤,U+B664,0,0,0,0,0,0.10302734375,0.446044921875,0.11236572265625,4,nan,nan
뙥,U+B665,0,0,0,0,0,0.119384765625,0.537109375,0.12896728515625,6,nan,nan
뙦,U+B666,0,0,1,1,0,0.12225341796875,0.466552734375,0.1226806640625,2,nan,nan
뙧,U+B667,0,0,0,0,0,0.1341552734375,0.68682861328125,0.14794921875,7,nan,nan
뙨,U+B668,0,0,0,0,0,0.1353759765625,0.590576171875,0.1322021484375,3,nan,nan
뙩,U+B669,0,0,1,1,0,0.1448974609375,0.5841064453125,0.141845703125,4,nan,nan
뙪,U+B66A,0,0,1,1,0,0.157470703125,0.6015625,0.1634521484375,4,nan,nan
뙫,U+B66B,0,0,1,1,0,0.12298583984375,0.5357666015625,0.1431884765625,4,nan,nan
뙬,U+B66C,0,0,0,0,0,0.1593017578125,0.63812255859375,0.17950439453125,5,nan,nan
뙭,U+B66D,0,0,0,0,0,0.171630859375,0.6156005859375,0.17340087890625,4,nan,nan
뙮,U+B66E,0,0,0,0,0,0.1600341796875,0.79840087890625,0.17877197265625,8,nan,nan
뙯,U+B66F,0,0,0,0,0,0.17694091796875,0.630615234375,0.18939208984375,5,nan,nan
뙰,U+B670,0,0,0,0,0,0.1849365234375,0.65313720703125,0.18096923828125,3,nan,nan
뙱,U+B671,0,0,0,0,0,0.163330078125,0.6329345703125,0.18096923828125,7,nan,nan
뙲,U+B672,0,0,1,1,0,0.18414306640625,0.658447265625,0.1763916015625,7,nan,nan
뙳,U+B673,0,0,0,0,0,0.20196533203125,0.6953125,0.2034912109375,5,nan,nan
뙴,U+B674,0,0,0,0,0,0.14208984375,0.6866455078125,0.15020751953125,7,nan,nan
뙵,U+B675,0,0,0,0,0,0.14544677734375,0.6201171875,0.155517578125,3,nan,nan
뙶,U+B676,0,0,0,0,0,0.1527099609375,0.6552734375,0.15960693359375,3,nan,nan
뙷,U+B677,0,0,0,0,0,0.1546630859375,0.58343505859375,0.1424560546875,5,nan,nan
뙸,U+B678,0,0,0,0,0,0.1634521484375,0.625,0.1607666015625,7,nan,nan
뙹,U+B679,0,0,0,0,0,0.12579345703125,0.507568359375,0.11572265625,3,nan,nan
뙺,U+B67A,0,0,1,1,0,0.15692138671875,0.630615234375,0.15704345703125,3,nan,nan
뙻,U+B67B,0,0,0,0,0,0.1617431640625,0.610595703125,0.15447998046875,4,nan,nan
뙼,U+B67C,0,0,1,1,0,0.14068603515625,0.5751953125,0.14324951171875,3,nan,nan
뙽,U+B67D,0,0,1,1,0,0.16326904296875,0.59326171875,0.16168212890625,3,nan,nan
뙾,U+B67E,0,0,0,0,0,0.12762451171875,0.57379150390625,0.13958740234375,5,nan,nan
뙿,U+B67F,0,0,0,0,0,0.1470947265625,0.5859375,0.1365966796875,4,nan,nan
뚀,U+B680,0,0,0,0,0,0.12103271484375,0.5562744140625,0.121826171875,3,nan,nan
뚁,U+B681,0,0,0,0,0,0.12841796875,0.65087890625,0.1376953125,3,nan,nan
뚂,U+B682,0,0,1,1,0,0.12078857421875,0.58831787109375,0.12518310546875,4,nan,nan
뚃,U+B683,0,0,0,0,0,0.14361572265625,0.75823974609375,0.15350341796875,4,nan,nan
뚄,U+B684,0,0,0,0,0,0.13031005859375,0.589599609375,0.1373291015625,5,nan,nan
뚅,U+B685,0,0,1,1,0,0.168212890625,0.72821044921875,0.16497802734375,4,nan,nan
뚆,U+B686,0,0,1,1,0,0.1475830078125,0.722900390625,0.16851806640625,4,nan,nan
뚇,U+B687,0,0,1,1,0,0.1339111328125,0.6005859375,0.14813232421875,3,nan,nan
뚈,U+B688,0,0,0,0,0,0.16375732421875,0.6666259765625,0.17755126953125,5,nan,nan
뚉,U+B689,0,0,0,0,0,0.150146484375,0.64849853515625,0.16558837890625,6,nan,nan
뚊,U+B68A,0,0,0,0,0,0.1552734375,0.6962890625,0.18682861328125,10,nan,nan
뚋,U+B68B,0,0,0,0,0,0.172607421875,0.670166015625,0.193603515625,3,nan,nan
뚌,U+B68C,0,0,0,0,0,0.18096923828125,0.74169921875,0.1812744140625,4,nan,nan
뚍,U+B68D,0,0,0,0,0,0.18109130859375,0.732421875,0.20159912109375,4,nan,nan
뚎,U+B68E,0,0,1,1,0,0.19049072265625,0.75531005859375,0.2022705078125,4,nan,nan
뚏,U+B68F,0,0,0,0,0,0.18096923828125,0.7371826171875,0.19781494140625,7,nan,nan
뚐,U+B690,0,0,0,0,0,0.13385009765625,0.66064453125,0.16473388671875,11,nan,nan
뚑,U+B691,0,0,0,0,0,0.1494140625,0.640380859375,0.16162109375,2,nan,nan
뚒,U+B692,0,0,0,0,0,0.14385986328125,0.6925048828125,0.17132568359375,2,nan,nan
뚓,U+B693,0,0,0,0,0,0.13507080078125,0.62548828125,0.13006591796875,4,nan,nan
뚔,U+B694,0,0,0,0,0,0.1605224609375,0.63812255859375,0.15478515625,5,nan,nan
뚕,U+B695,0,0,0,0,0,0.12060546875,0.5257568359375,0.10565185546875,3,nan,nan
뚖,U+B696,0,0,1,1,0,0.17401123046875,0.6953125,0.15570068359375,3,nan,nan
뚗,U+B697,0,0,0,0,0,0.120849609375,0.5426025390625,0.1290283203125,3,nan,nan
뚘,U+B698,0,0,1,1,0,0.1636962890625,0.6005859375,0.15374755859375,7,nan,nan
뚙,U+B699,0,0,1,1,0,0.16400146484375,0.5584716796875,0.15985107421875,3,nan,nan
뚚,U+B69A,0,0,0,0,0,0.1573486328125,0.72479248046875,0.16845703125,6,nan,nan
뚛,U+B69B,0,0,0,0,0,0.13507080078125,0.578125,0.12005615234375,4,nan,nan
뚜,U+B69C,0,0,0,0,0,0.10089111328125,0.533935546875,0.1015625,2,nan,nan
뚝,U+B69D,0,0,0,0,0,0.132568359375,0.6552734375,0.12420654296875,5,nan,nan
뚞,U+B69E,0,0,1,1,0,0.1258544921875,0.542724609375,0.118408203125,5,nan,nan
뚟,U+B69F,0,0,0,0,0,0.16204833984375,0.6591796875,0.14996337890625,5,nan,nan
뚠,U+B6A0,0,0,0,0,0,0.13629150390625,0.59271240234375,0.13397216796875,3,nan,nan
뚡,U+B6A1,0,0,1,1,0,0.17041015625,0.688720703125,0.16778564453125,4,nan,nan
뚢,U+B6A2,0,0,1,1,0,0.1724853515625,0.7265625,0.167236328125,6,nan,nan
뚣,U+B6A3,0,0,1,1,0,0.1258544921875,0.630615234375,0.13970947265625,8,nan,nan
뚤,U+B6A4,0,0,0,0,0,0.18377685546875,0.8359375,0.21282958984375,25,nan,nan
뚥,U+B6A5,0,0,0,0,0,0.173828125,0.6640625,0.16607666015625,5,nan,nan
뚦,U+B6A6,0,0,0,0,0,0.167236328125,0.63812255859375,0.182861328125,8,nan,nan
뚧,U+B6A7,0,0,0,0,0,0.1685791015625,0.86041259765625,0.18157958984375,7,nan,nan
뚨,U+B6A8,0,0,0,0,0,0.17913818359375,0.796875,0.180419921875,4,nan,nan
뚩,U+B6A9,0,0,0,0,0,0.16937255859375,0.701904296875,0.17864990234375,5,nan,nan
뚪,U+B6AA,0,0,1,1,0,0.17303466796875,0.7152099609375,0.17791748046875,3,nan,nan
뚫,U+B6AB,0,0,0,0,0,0.173095703125,0.70953369140625,0.189453125,8,nan,nan
뚬,U+B6AC,0,0,0,0,0,0.1358642578125,0.556640625,0.1317138671875,4,nan,nan
뚭,U+B6AD,0,0,0,0,0,0.13690185546875,0.60546875,0.15277099609375,5,nan,nan
뚮,U+B6AE,0,0,0,0,0,0.12408447265625,0.5665283203125,0.13250732421875,5,nan,nan
뚯,U+B6AF,0,0,0,0,0,0.154541015625,0.61297607421875,0.14093017578125,5,nan,nan
뚰,U+B6B0,0,0,0,0,0,0.16619873046875,0.63812255859375,0.1510009765625,4,nan,nan
뚱,U+B6B1,0,0,0,0,0,0.124755859375,0.597900390625,0.11907958984375,3,nan,nan
뚲,U+B6B2,0,0,1,1,0,0.1456298828125,0.5921630859375,0.134765625,4,nan,nan
뚳,U+B6B3,0,0,0,0,0,0.12689208984375,0.507568359375,0.1270751953125,3,nan,nan
뚴,U+B6B4,0,0,1,1,0,0.15289306640625,0.6875,0.1563720703125,4,nan,nan
뚵,U+B6B5,0,0,1,1,0,0.133544921875,0.54931640625,0.142822265625,5,nan,nan
뚶,U+B6B6,0,0,0,0,0,0.1707763671875,0.6962890625,0.17401123046875,3,nan,nan
뚷,U+B6B7,0,0,0,0,0,0.14422607421875,0.53125,0.12847900390625,5,nan,nan
뚸,U+B6B8,0,0,0,0,0,0.10626220703125,0.4779052734375,0.119873046875,3,nan,nan
뚹,U+B6B9,0,0,0,0,0,0.13720703125,0.56231689453125,0.1341552734375,5,nan,nan
뚺,U+B6BA,0,0,1,1,0,0.13861083984375,0.5438232421875,0.15997314453125,5,nan,nan
뚻,U+B6BB,0,0,0,0,0,0.18524169921875,0.623046875,0.18450927734375,5,nan,nan
뚼,U+B6BC,0,0,0,0,0,0.1483154296875,0.57421875,0.150146484375,6,nan,nan
뚽,U+B6BD,0,0,1,1,0,0.16802978515625,0.612060546875,0.17645263671875,6,nan,nan
뚾,U+B6BE,0,0,1,1,0,0.16485595703125,0.63812255859375,0.18035888671875,4,nan,nan
뚿,U+B6BF,0,0,1,1,0,0.149658203125,0.599853515625,0.160400390625,5,nan,nan
뛀,U+B6C0,0,0,0,0,0,0.17071533203125,0.661376953125,0.1827392578125,6,nan,nan
뛁,U+B6C1,0,0,0,0,0,0.17730712890625,0.65087890625,0.20098876953125,7,nan,nan
뛂,U+B6C2,0,0,0,0,0,0.178955078125,0.6180419921875,0.2001953125,11,nan,nan
뛃,U+B6C3,0,0,0,0,0,0.18505859375,0.703857421875,0.19305419921875,8,nan,nan
뛄,U+B6C4,0,0,0,0,0,0.18475341796875,0.69818115234375,0.18743896484375,6,nan,nan
뛅,U+B6C5,0,0,0,0,0,0.1712646484375,0.6552734375,0.18115234375,9,nan,nan
뛆,U+B6C6,0,0,1,1,0,0.16448974609375,0.732421875,0.18829345703125,6,nan,nan
뛇,U+B6C7,0,0,0,0,0,0.17718505859375,0.713134765625,0.19317626953125,7,nan,nan
뛈,U+B6C8,0,0,0,0,0,0.14178466796875,0.576171875,0.16131591796875,5,nan,nan
뛉,U+B6C9,0,0,0,0,0,0.1552734375,0.610595703125,0.183349609375,9,nan,nan
뛊,U+B6CA,0,0,0,0,0,0.1458740234375,0.56640625,0.1649169921875,6,nan,nan
뛋,U+B6CB,0,0,0,0,0,0.1409912109375,0.5635986328125,0.1529541015625,8,nan,nan
뛌,U+B6CC,0,0,0,0,0,0.16424560546875,0.765625,0.1744384765625,11,nan,nan
뛍,U+B6CD,0,0,0,0,0,0.1239013671875,0.5126953125,0.125,5,nan,nan
뛎,U+B6CE,0,0,1,1,0,0.163330078125,0.63323974609375,0.16900634765625,7,nan,nan
뛏,U+B6CF,0,0,0,0,0,0.16754150390625,0.6484375,0.18182373046875,6,nan,nan
뛐,U+B6D0,0,0,1,1,0,0.15447998046875,0.736328125,0.1654052734375,11,nan,nan
뛑,U+B6D1,0,0,1,1,0,0.163818359375,0.63323974609375,0.18035888671875,7,nan,nan
뛒,U+B6D2,0,0,0,0,0,0.14532470703125,0.60809326171875,0.16241455078125,6,nan,nan
뛓,U+B6D3,0,0,0,0,0,0.16802978515625,0.625,0.16900634765625,6,nan,nan
뛔,U+B6D4,0,0,0,0,0,0.16448974609375,0.5665283203125,0.163330078125,5,nan,nan
뛕,U+B6D5,0,0,0,0,0,0.1656494140625,0.72216796875,0.16534423828125,5,nan,nan
뛖,U+B6D6,0,0,1,1,0,0.1607666015625,0.5947265625,0.16656494140625,9,nan,nan
뛗,U+B6D7,0,0,0,0,0,0.19256591796875,0.67901611328125,0.1845703125,7,nan,nan
뛘,U+B6D8,0,0,0,0,0,0.1732177734375,0.6553955078125,0.1806640625,9,nan,nan
뛙,U+B6D9,0,0,1,1,0,0.19293212890625,0.8392333984375,0.2159423828125,9,nan,nan
뛚,U+B6DA,0,0,1,1,0,0.181640625,0.75531005859375,0.1982421875,8,nan,nan
뛛,U+B6DB,0,0,1,1,0,0.1754150390625,0.648193359375,0.190673828125,7,nan,nan
뛜,U+B6DC,0,0,0,0,0,0.193115234375,0.7305908203125,0.20477294921875,6,nan,nan
뛝,U+B6DD,0,0,0,0,0,0.20086669921875,0.72088623046875,0.207763671875,10,nan,nan
뛞,U+B6DE,0,0,0,0,0,0.1951904296875,0.6976318359375,0.217041015625,7,nan,nan
뛟,U+B6DF,0,0,0,0,0,0.19781494140625,0.765625,0.21038818359375,7,nan,nan
뛠,U+B6E0,0,0,0,0,0,0.2069091796875,0.7265625,0.2037353515625,5,nan,nan
뛡,U+B6E1,0,0,0,0,0,0.20892333984375,0.7286376953125,0.2083740234375,8,nan,nan
뛢,U+B6E2,0,0,1,1,0,0.21026611328125,0.7109375,0.220458984375,6,nan,nan
뛣,U+B6E3,0,0,0,0,0,0.21539306640625,0.765625,0.22381591796875,9,nan,nan
뛤,U+B6E4,0,0,0,0,0,0.1793212890625,0.720703125,0.19049072265625,9,nan,nan
뛥,U+B6E5,0,0,0,0,0,0.175537109375,0.6942138671875,0.1917724609375,8,nan,nan
뛦,U+B6E6,0,0,0,0,0,0.18963623046875,0.70953369140625,0.1943359375,4,nan,nan
뛧,U+B6E7,0,0,0,0,0,0.197021484375,0.6591796875,0.1776123046875,6,nan,nan
뛨,U+B6E8,0,0,0,0,0,0.17205810546875,0.65728759765625,0.18121337890625,9,nan,nan
뛩,U+B6E9,0,0,0,0,0,0.17657470703125,0.6875,0.16015625,5,nan,nan
뛪,U+B6EA,0,0,1,1,0,0.205322265625,0.70751953125,0.1954345703125,5,nan,nan
뛫,U+B6EB,0,0,0,0,0,0.171875,0.732421875,0.17755126953125,8,nan,nan
뛬,U+B6EC,0,0,1,1,0,0.17730712890625,0.6925048828125,0.18157958984375,7,nan,nan
뛭,U+B6ED,0,0,1,1,0,0.1817626953125,0.7265625,0.19793701171875,8,nan,nan
뛮,U+B6EE,0,0,0,0,0,0.1890869140625,0.690673828125,0.1868896484375,10,nan,nan
뛯,U+B6EF,0,0,0,0,0,0.1827392578125,0.70538330078125,0.16961669921875,6,nan,nan
뛰,U+B6F0,0,0,0,0,0,0.1019287109375,0.5323486328125,0.11199951171875,3,nan,nan
뛱,U+B6F1,0,0,0,0,0,0.1456298828125,0.6329345703125,0.142578125,4,nan,nan
뛲,U+B6F2,0,0,1,1,0,0.125732421875,0.560546875,0.13165283203125,3,nan,nan
뛳,U+B6F3,0,0,0,0,0,0.14886474609375,0.6666259765625,0.1458740234375,7,nan,nan
뛴,U+B6F4,0,0,0,0,0,0.15753173828125,0.625,0.162353515625,5,nan,nan
뛵,U+B6F5,0,0,1,1,0,0.15570068359375,0.8216552734375,0.1632080078125,5,nan,nan
뛶,U+B6F6,0,0,1,1,0,0.1424560546875,0.6383056640625,0.16656494140625,9,nan,nan
뛷,U+B6F7,0,0,1,1,0,0.13409423828125,0.630615234375,0.15191650390625,5,nan,nan
뛸,U+B6F8,0,0,0,0,0,0.16363525390625,0.671875,0.17169189453125,6,nan,nan
뛹,U+B6F9,0,0,0,0,0,0.168212890625,0.6536865234375,0.18450927734375,6,nan,nan
뛺,U+B6FA,0,0,0,0,0,0.17669677734375,0.6640625,0.1875,8,nan,nan
뛻,U+B6FB,0,0,0,0,0,0.17108154296875,0.6640625,0.18475341796875,6,nan,nan
뛼,U+B6FC,0,0,0,0,0,0.19219970703125,0.749267578125,0.183349609375,10,nan,nan
뛽,U+B6FD,0,0,0,0,0,0.17156982421875,0.7286376953125,0.189697265625,8,nan,nan
뛾,U+B6FE,0,0,1,1,0,0.1646728515625,0.72088623046875,0.17889404296875,7,nan,nan
뛿,U+B6FF,0,0,0,0,0,0.1778564453125,0.713134765625,0.197265625,7,nan,nan
뜀,U+B700,0,0,0,0,0,0.16552734375,0.6561279296875,0.1641845703125,5,nan,nan
뜁,U+B701,0,0,0,0,0,0.13543701171875,0.6976318359375,0.152587890625,7,nan,nan
뜂,U+B702,0,0,0,0,0,0.14947509765625,0.6875,0.16387939453125,7,nan,nan
뜃,U+B703,0,0,0,0,0,0.15203857421875,0.651123046875,0.153076171875,4,nan,nan
뜄,U+B704,0,0,0,0,0,0.15240478515625,0.692138671875,0.16668701171875,4,nan,nan
뜅,U+B705,0,0,0,0,0,0.15069580078125,0.630615234375,0.1376953125,3,nan,nan
뜆,U+B706,0,0,1,1,0,0.1468505859375,0.63323974609375,0.15692138671875,6,nan,nan
뜇,U+B707,0,0,0,0,0,0.156494140625,0.651123046875,0.15966796875,6,nan,nan
뜈,U+B708,0,0,1,1,0,0.142333984375,0.77056884765625,0.1610107421875,9,nan,nan
뜉,U+B709,0,0,1,1,0,0.1513671875,0.6356201171875,0.160888671875,5,nan,nan
뜊,U+B70A,0,0,0,0,0,0.15155029296875,0.71875,0.17535400390625,6,nan,nan
뜋,U+B70B,0,0,0,0,0,0.15618896484375,0.61236572265625,0.14434814453125,5,nan,nan
뜌,U+B70C,0,0,0,0,0,0.12066650390625,0.52764892578125,0.1158447265625,4,nan,nan
뜍,U+B70D,0,0,0,0,0,0.13177490234375,0.6036376953125,0.13275146484375,5,nan,nan
뜎,U+B70E,0,0,1,1,0,0.129638671875,0.530517578125,0.135986328125,4,nan,nan
뜏,U+B70F,0,0,0,0,0,0.13177490234375,0.62127685546875,0.1395263671875,6,nan,nan
뜐,U+B710,0,0,0,0,0,0.15545654296875,0.61383056640625,0.14007568359375,3,nan,nan
뜑,U+B711,0,0,1,1,0,0.172119140625,0.68115234375,0.17510986328125,5,nan,nan
뜒,U+B712,0,0,1,1,0,0.159423828125,0.66650390625,0.16455078125,4,nan,nan
뜓,U+B713,0,0,1,1,0,0.13580322265625,0.68682861328125,0.151611328125,6,nan,nan
뜔,U+B714,0,0,0,0,0,0.19427490234375,0.8828125,0.2059326171875,10,nan,nan
뜕,U+B715,0,0,0,0,0,0.1541748046875,0.620361328125,0.1649169921875,5,nan,nan
뜖,U+B716,0,0,0,0,0,0.169921875,0.62310791015625,0.1826171875,5,nan,nan
뜗,U+B717,0,0,0,0,0,0.1727294921875,0.62548828125,0.177734375,4,nan,nan
뜘,U+B718,0,0,0,0,0,0.181640625,0.7568359375,0.18572998046875,5,nan,nan
뜙,U+B719,0,0,0,0,0,0.15069580078125,0.6925048828125,0.1715087890625,6,nan,nan
뜚,U+B71A,0,0,1,1,0,0.18084716796875,0.718994140625,0.194091796875,7,nan,nan
뜛,U+B71B,0,0,0,0,0,0.1829833984375,0.63812255859375,0.185791015625,4,nan,nan
뜜,U+B71C,0,0,0,0,0,0.169677734375,0.7073974609375,0.16192626953125,5,nan,nan
뜝,U+B71D,0,0,0,0,0,0.1368408203125,0.570556640625,0.1492919921875,5,nan,nan
뜞,U+B71E,0,0,0,0,0,0.18145751953125,0.6329345703125,0.169189453125,4,nan,nan
뜟,U+B71F,0,0,0,0,0,0.16326904296875,0.62774658203125,0.1436767578125,4,nan,nan
뜠,U+B720,0,0,0,0,0,0.16204833984375,0.68505859375,0.149169921875,4,nan,nan
뜡,U+B721,0,0,0,0,0,0.125,0.46728515625,0.11029052734375,3,nan,nan
뜢,U+B722,0,0,1,1,0,0.165283203125,0.6627197265625,0.1639404296875,5,nan,nan
뜣,U+B723,0,0,0,0,0,0.14471435546875,0.5078125,0.133544921875,6,nan,nan
뜤,U+B724,0,0,1,1,0,0.149658203125,0.542724609375,0.14398193359375,6,nan,nan
뜥,U+B725,0,0,1,1,0,0.14825439453125,0.518798828125,0.14697265625,4,nan,nan
뜦,U+B726,0,0,0,0,0,0.16497802734375,0.6962890625,0.1697998046875,6,nan,nan
뜧,U+B727,0,0,0,0,0,0.1710205078125,0.4921875,0.12860107421875,4,nan,nan
뜨,U+B728,0,0,0,0,0,0.09222412109375,0.67266845703125,0.09796142578125,4,nan,nan
뜩,U+B729,0,0,0,0,0,0.14031982421875,0.72088623046875,0.147216796875,5,nan,nan
뜪,U+B72A,0,0,1,1,0,0.14691162109375,0.8125,0.149658203125,9,nan,nan
뜫,U+B72B,0,0,0,0,0,0.15423583984375,0.71044921875,0.152587890625,4,nan,nan
뜬,U+B72C,0,0,0,0,0,0.12347412109375,0.6368408203125,0.13134765625,3,nan,nan
뜭,U+B72D,0,0,1,1,0,0.1435546875,0.7646484375,0.15167236328125,6,nan,nan
뜮,U+B72E,0,0,1,1,0,0.169189453125,0.73828125,0.167724609375,5,nan,nan
뜯,U+B72F,0,0,1,1,0,0.156982421875,0.809814453125,0.1566162109375,4,nan,nan
뜰,U+B730,0,0,0,0,1,0.19000244140625,0.75,0.1917724609375,4,22.053823899383787,0.9358131259174323
뜱,U+B731,0,0,0,0,0,0.18194580078125,0.734375,0.17578125,4,nan,nan
뜲,U+B732,0,0,0,0,0,0.182861328125,0.718994140625,0.190673828125,4,nan,nan
뜳,U+B733,0,0,0,0,0,0.16558837890625,0.80615234375,0.17633056640625,11,nan,nan
뜴,U+B734,0,0,0,0,0,0.17755126953125,0.7890625,0.1904296875,12,nan,nan
뜵,U+B735,0,0,0,0,0,0.184814453125,0.6925048828125,0.19134521484375,6,nan,nan
뜶,U+B736,0,0,1,1,0,0.18817138671875,0.7476806640625,0.1964111328125,5,nan,nan
뜷,U+B737,0,0,0,0,0,0.19232177734375,0.78289794921875,0.18292236328125,8,nan,nan
뜸,U+B738,0,0,0,0,0,0.1622314453125,0.70159912109375,0.166259765625,4,nan,nan
뜹,U+B739,0,0,0,0,0,0.1656494140625,0.69818115234375,0.16522216796875,3,nan,nan
뜺,U+B73A,0,0,0,0,0,0.1661376953125,0.6776123046875,0.16107177734375,3,nan,nan
뜻,U+B73B,0,0,0,0,0,0.1407470703125,0.7584228515625,0.13897705078125,5,nan,nan
뜼,U+B73C,0,0,0,0,0,0.17022705078125,0.6776123046875,0.143310546875,4,nan,nan
뜽,U+B73D,0,0,0,0,0,0.14276123046875,0.6246337890625,0.1318359375,4,nan,nan
뜾,U+B73E,0,0,1,1,0,0.15692138671875,0.6561279296875,0.15313720703125,4,nan,nan
뜿,U+B73F,0,0,0,0,0,0.15753173828125,0.6640625,0.1650390625,4,nan,nan
띀,U+B740,0,0,1,1,0,0.1669921875,0.703125,0.16015625,3,nan,nan
띁,U+B741,0,0,1,1,0,0.1748046875,0.6875,0.17706298828125,3,nan,nan
띂,U+B742,0,0,0,0,0,0.16796875,0.6942138671875,0.1654052734375,5,nan,nan
띃,U+B743,0,0,0,0,0,0.16192626953125,0.7109375,0.161865234375,7,nan,nan
띄,U+B744,0,0,0,0,0,0.08575439453125,0.42913818359375,0.09539794921875,4,nan,nan
띅,U+B745,0,0,0,0,0,0.12481689453125,0.65887451171875,0.12982177734375,5,nan,nan
띆,U+B746,0,0,1,1,0,0.13897705078125,0.56549072265625,0.13134765625,4,nan,nan
띇,U+B747,0,0,0,0,0,0.14947509765625,0.71636962890625,0.1522216796875,5,nan,nan
띈,U+B748,0,0,0,0,0,0.12371826171875,0.5882568359375,0.1319580078125,5,nan,nan
띉,U+B749,0,0,1,1,0,0.14398193359375,0.703857421875,0.16070556640625,6,nan,nan
띊,U+B74A,0,0,1,1,0,0.168212890625,0.6796875,0.1641845703125,4,nan,nan
띋,U+B74B,0,0,1,1,0,0.1207275390625,0.57806396484375,0.1341552734375,6,nan,nan
띌,U+B74C,0,0,0,0,0,0.15948486328125,0.6484375,0.16943359375,4,nan,nan
띍,U+B74D,0,0,0,0,0,0.171630859375,0.6484375,0.17144775390625,6,nan,nan
띎,U+B74E,0,0,0,0,0,0.165283203125,0.6328125,0.17681884765625,5,nan,nan
띏,U+B74F,0,0,0,0,0,0.17340087890625,0.8046875,0.1910400390625,6,nan,nan
띐,U+B750,0,0,0,0,0,0.16168212890625,0.6796875,0.16302490234375,5,nan,nan
띑,U+B751,0,0,0,0,0,0.14794921875,0.6925048828125,0.1680908203125,11,nan,nan
띒,U+B752,0,0,1,1,0,0.15179443359375,0.71875,0.15673828125,8,nan,nan
띓,U+B753,0,0,0,0,0,0.16961669921875,0.67437744140625,0.17498779296875,6,nan,nan
띔,U+B754,0,0,0,0,0,0.16265869140625,0.7286376953125,0.17474365234375,5,nan,nan
띕,U+B755,0,0,0,0,0,0.13055419921875,0.6953125,0.1636962890625,9,nan,nan
띖,U+B756,0,0,0,0,0,0.15673828125,0.64251708984375,0.1605224609375,5,nan,nan
띗,U+B757,0,0,0,0,0,0.1435546875,0.64337158203125,0.14715576171875,4,nan,nan
띘,U+B758,0,0,0,0,0,0.1568603515625,0.671875,0.1605224609375,4,nan,nan
띙,U+B759,0,0,0,0,0,0.13262939453125,0.57379150390625,0.11212158203125,4,nan,nan
띚,U+B75A,0,0,1,1,0,0.1448974609375,0.6103515625,0.15155029296875,4,nan,nan
띛,U+B75B,0,0,0,0,0,0.16796875,0.6536865234375,0.16485595703125,6,nan,nan
띜,U+B75C,0,0,1,1,0,0.156494140625,0.62548828125,0.142822265625,5,nan,nan
띝,U+B75D,0,0,1,1,0,0.15008544921875,0.6328125,0.1575927734375,5,nan,nan
띞,U+B75E,0,0,0,0,0,0.115478515625,0.640625,0.1431884765625,5,nan,nan
띟,U+B75F,0,0,0,0,0,0.14202880859375,0.567626953125,0.13909912109375,6,nan,nan
띠,U+B760,0,0,0,0,0,0.075927734375,0.4141845703125,0.0780029296875,3,nan,nan
띡,U+B761,0,0,0,0,0,0.10888671875,0.5955810546875,0.1146240234375,3,nan,nan
띢,U+B762,0,0,1,1,0,0.1220703125,0.517578125,0.113037109375,4,nan,nan
띣,U+B763,0,0,0,0,0,0.1361083984375,0.703857421875,0.12518310546875,4,nan,nan
띤,U+B764,0,0,0,0,0,0.0859375,0.51416015625,0.09814453125,4,nan,nan
띥,U+B765,0,0,1,1,0,0.1336669921875,0.67547607421875,0.12353515625,6,nan,nan
띦,U+B766,0,0,1,1,0,0.127685546875,0.6229248046875,0.1341552734375,5,nan,nan
띧,U+B767,0,0,1,1,0,0.091552734375,0.54986572265625,0.1151123046875,6,nan,nan
띨,U+B768,0,0,0,0,0,0.14056396484375,0.658447265625,0.15252685546875,3,nan,nan
띩,U+B769,0,0,0,0,0,0.11138916015625,0.56414794921875,0.13116455078125,9,nan,nan
띪,U+B76A,0,0,0,0,0,0.134521484375,0.68316650390625,0.16339111328125,8,nan,nan
띫,U+B76B,0,0,0,0,0,0.132080078125,0.79345703125,0.1661376953125,10,nan,nan
띬,U+B76C,0,0,0,0,0,0.15545654296875,0.69818115234375,0.161865234375,5,nan,nan
띭,U+B76D,0,0,0,0,0,0.13397216796875,0.6478271484375,0.15435791015625,3,nan,nan
띮,U+B76E,0,0,1,1,0,0.1373291015625,0.68316650390625,0.1453857421875,5,nan,nan
띯,U+B76F,0,0,0,0,0,0.1480712890625,0.6484375,0.161376953125,8,nan,nan
띰,U+B770,0,0,0,0,0,0.1192626953125,0.5855712890625,0.13720703125,4,nan,nan
띱,U+B771,0,0,0,0,0,0.11724853515625,0.59326171875,0.128173828125,4,nan,nan
띲,U+B772,0,0,0,0,0,0.105224609375,0.6357421875,0.13232421875,8,nan,nan
띳,U+B773,0,0,0,0,0,0.1343994140625,0.5755615234375,0.12322998046875,2,nan,nan
띴,U+B774,0,0,0,0,0,0.12713623046875,0.645751953125,0.1302490234375,7,nan,nan
띵,U+B775,0,0,0,0,0,0.13055419921875,0.5760498046875,0.10345458984375,4,nan,nan
띶,U+B776,0,0,1,1,0,0.132568359375,0.64849853515625,0.13385009765625,6,nan,nan
띷,U+B777,0,0,0,0,0,0.130126953125,0.651123046875,0.12420654296875,4,nan,nan
띸,U+B778,0,0,1,1,0,0.1285400390625,0.7734375,0.1368408203125,9,nan,nan
띹,U+B779,0,0,1,1,0,0.1256103515625,0.5810546875,0.13885498046875,5,nan,nan
띺,U+B77A,0,0,0,0,0,0.13519287109375,0.68505859375,0.138671875,4,nan,nan
띻,U+B77B,0,0,0,0,0,0.11737060546875,0.609375,0.11968994140625,4,nan,nan
라,U+B77C,0,0,0,0,0,0.0933837890625,0.57208251953125,0.0906982421875,2,nan,nan
락,U+B77D,0,0,0,0,0,0.10382080078125,0.677001953125,0.1162109375,2,nan,nan
띾,U+B77E,0,0,1,1,0,0.1307373046875,0.7130126953125,0.127197265625,4,nan,nan
띿,U+B77F,0,0,0,0,0,0.14019775390625,0.6756591796875,0.1331787109375,3,nan,nan
란,U+B780,0,0,0,0,0,0.1064453125,0.681884765625,0.11334228515625,3,nan,nan
랁,U+B781,0,0,1,1,0,0.12451171875,0.5914306640625,0.12237548828125,5,nan,nan
랂,U+B782,0,0,1,1,0,0.13623046875,0.6962890625,0.1439208984375,5,nan,nan
랃,U+B783,0,0,1,1,0,0.1041259765625,0.58447265625,0.11334228515625,4,nan,nan
랄,U+B784,0,0,0,0,0,0.13714599609375,0.6666259765625,0.13873291015625,5,nan,nan
랅,U+B785,0,0,0,0,0,0.15155029296875,0.71319580078125,0.1510009765625,5,nan,nan
랆,U+B786,0,0,0,0,0,0.16363525390625,0.6796875,0.15533447265625,6,nan,nan
랇,U+B787,0,0,0,0,0,0.15972900390625,0.744140625,0.1683349609375,5,nan,nan
랈,U+B788,0,0,0,0,0,0.14697265625,0.7265625,0.1522216796875,5,nan,nan
랉,U+B789,0,0,0,0,0,0.14422607421875,0.6953125,0.1505126953125,5,nan,nan
랊,U+B78A,0,0,1,1,0,0.16229248046875,0.6796875,0.16943359375,3,nan,nan
랋,U+B78B,0,0,0,0,0,0.16448974609375,0.7109375,0.1702880859375,5,nan,nan
람,U+B78C,0,0,0,0,0,0.10601806640625,0.6036376953125,0.11114501953125,6,nan,nan
랍,U+B78D,0,0,0,0,0,0.10980224609375,0.623046875,0.11199951171875,4,nan,nan
랎,U+B78E,0,0,0,0,0,0.12408447265625,0.65313720703125,0.13470458984375,6,nan,nan
랏,U+B78F,0,0,0,0,0,0.1337890625,0.7767333984375,0.12274169921875,4,nan,nan
랐,U+B790,0,0,0,0,0,0.1507568359375,0.73638916015625,0.138427734375,4,nan,nan
랑,U+B791,0,0,0,0,0,0.11749267578125,0.6337890625,0.1011962890625,4,nan,nan
랒,U+B792,0,0,1,1,0,0.14111328125,0.70751953125,0.13482666015625,5,nan,nan
랓,U+B793,0,0,0,0,0,0.15618896484375,0.6953125,0.14862060546875,5,nan,nan
랔,U+B794,0,0,1,1,0,0.1304931640625,0.699951171875,0.132568359375,4,nan,nan
랕,U+B795,0,0,1,1,0,0.13018798828125,0.65087890625,0.131591796875,4,nan,nan
랖,U+B796,0,0,0,0,0,0.16278076171875,0.658447265625,0.15545654296875,5,nan,nan
랗,U+B797,0,0,0,0,0,0.12774658203125,0.75,0.12603759765625,5,nan,nan
래,U+B798,0,0,0,0,0,0.10406494140625,0.5220947265625,0.116943359375,2,nan,nan
랙,U+B799,0,0,0,0,0,0.13006591796875,0.71875,0.14288330078125,4,nan,nan
랚,U+B79A,0,0,1,1,0,0.1383056640625,0.65625,0.14959716796875,6,nan,nan
랛,U+B79B,0,0,0,0,0,0.13702392578125,0.628173828125,0.1414794921875,4,nan,nan
랜,U+B79C,0,0,0,0,0,0.12310791015625,0.6796875,0.14996337890625,4,nan,nan
랝,U+B79D,0,0,1,1,0,0.139404296875,0.65087890625,0.153564453125,9,nan,nan
랞,U+B79E,0,0,1,1,0,0.13958740234375,0.6265869140625,0.1484375,6,nan,nan
랟,U+B79F,0,0,1,1,0,0.1357421875,0.59307861328125,0.13671875,4,nan,nan
랠,U+B7A0,0,0,0,0,0,0.1436767578125,0.609375,0.16497802734375,7,nan,nan
랡,U+B7A1,0,0,0,0,0,0.15521240234375,0.65625,0.171630859375,6,nan,nan
랢,U+B7A2,0,0,0,0,0,0.17010498046875,0.62786865234375,0.18206787109375,5,nan,nan
랣,U+B7A3,0,0,0,0,0,0.14501953125,0.7906494140625,0.17425537109375,5,nan,nan
랤,U+B7A4,0,0,0,0,0,0.16925048828125,0.703125,0.175537109375,4,nan,nan
랥,U+B7A5,0,0,0,0,0,0.153564453125,0.6666259765625,0.17559814453125,5,nan,nan
랦,U+B7A6,0,0,1,1,0,0.17254638671875,0.671875,0.168212890625,6,nan,nan
랧,U+B7A7,0,0,0,0,0,0.15155029296875,0.68988037109375,0.17578125,6,nan,nan
램,U+B7A8,0,0,0,0,0,0.1221923828125,0.64849853515625,0.1456298828125,5,nan,nan
랩,U+B7A9,0,0,0,0,0,0.13232421875,0.576171875,0.1383056640625,4,nan,nan
랪,U+B7AA,0,0,0,0,0,0.1357421875,0.6256103515625,0.1409912109375,5,nan,nan
랫,U+B7AB,0,0,0,0,0,0.13116455078125,0.61737060546875,0.136474609375,6,nan,nan
랬,U+B7AC,0,0,0,0,0,0.15185546875,0.6844482421875,0.146484375,5,nan,nan
랭,U+B7AD,0,0,0,0,0,0.1397705078125,0.64337158203125,0.11859130859375,8,nan,nan
랮,U+B7AE,0,0,1,1,0,0.14227294921875,0.6383056640625,0.14068603515625,4,nan,nan
랯,U+B7AF,0,0,0,0,0,0.152099609375,0.6484375,0.16253662109375,6,nan,nan
랰,U+B7B0,0,0,1,1,0,0.14288330078125,0.640625,0.1533203125,8,nan,nan
랱,U+B7B1,0,0,1,1,0,0.14764404296875,0.609375,0.1619873046875,5,nan,nan
랲,U+B7B2,0,0,0,0,0,0.13726806640625,0.6976318359375,0.14935302734375,5,nan,nan
랳,U+B7B3,0,0,0,0,0,0.14093017578125,0.640625,0.13720703125,7,nan,nan
랴,U+B7B4,0,0,0,0,0,0.1070556640625,0.539306640625,0.10089111328125,2,nan,nan
략,U+B7B5,0,0,0,0,0,0.12005615234375,0.7171630859375,0.12322998046875,3,nan,nan
랶,U+B7B6,0,0,1,1,0,0.1588134765625,0.75,0.154052734375,3,nan,nan
랷,U+B7B7,0,0,0,0,0,0.151123046875,0.6962890625,0.14337158203125,6,nan,nan
랸,U+B7B8,0,0,0,0,0,0.1326904296875,0.7357177734375,0.1268310546875,3,nan,nan
랹,U+B7B9,0,0,1,1,0,0.1478271484375,0.7109375,0.1402587890625,6,nan,nan
랺,U+B7BA,0,0,1,1,0,0.142578125,0.66650390625,0.14434814453125,7,nan,nan
랻,U+B7BB,0,0,1,1,0,0.1409912109375,0.7222900390625,0.13909912109375,4,nan,nan
랼,U+B7BC,0,0,0,0,0,0.1513671875,0.703125,0.14666748046875,5,nan,nan
랽,U+B7BD,0,0,0,0,0,0.17010498046875,0.6796875,0.163330078125,7,nan,nan
랾,U+B7BE,0,0,0,0,0,0.16387939453125,0.651123046875,0.17822265625,4,nan,nan
랿,U+B7BF,0,0,0,0,0,0.1712646484375,0.6796875,0.162841796875,4,nan,nan
럀,U+B7C0,0,0,0,0,0,0.15631103515625,0.66815185546875,0.16192626953125,4,nan,nan
럁,U+B7C1,0,0,0,0,0,0.16302490234375,0.671875,0.17364501953125,5,nan,nan
럂,U+B7C2,0,0,1,1,0,0.17218017578125,0.65887451171875,0.17608642578125,5,nan,nan
럃,U+B7C3,0,0,0,0,0,0.16748046875,0.6690673828125,0.180908203125,7,nan,nan
럄,U+B7C4,0,0,0,0,0,0.15093994140625,0.64990234375,0.13916015625,4,nan,nan
럅,U+B7C5,0,0,0,0,0,0.14337158203125,0.6844482421875,0.14337158203125,3,nan,nan
럆,U+B7C6,0,0,0,0,0,0.17266845703125,0.703125,0.15313720703125,5,nan,nan
럇,U+B7C7,0,0,0,0,1,0.14605712890625,0.84375,0.1387939453125,3,23.989238975531958,0.9552041188512457
럈,U+B7C8,0,0,0,0,0,0.162353515625,0.7421875,0.14849853515625,4,nan,nan
량,U+B7C9,0,0,0,0,0,0.14654541015625,0.69580078125,0.125,6,nan,nan
럊,U+B7CA,0,0,1,1,0,0.144775390625,0.73828125,0.13818359375,3,nan,nan
럋,U+B7CB,0,0,0,0,0,0.15155029296875,0.68212890625,0.14892578125,7,nan,nan
럌,U+B7CC,0,0,1,1,0,0.1319580078125,0.71875,0.1387939453125,4,nan,nan
럍,U+B7CD,0,0,1,1,0,0.15155029296875,0.6690673828125,0.14447021484375,4,nan,nan
럎,U+B7CE,0,0,0,0,0,0.17779541015625,0.7421875,0.15740966796875,7,nan,nan
럏,U+B7CF,0,0,0,0,0,0.1353759765625,0.68212890625,0.130126953125,7,nan,nan
럐,U+B7D0,0,0,0,0,0,0.10626220703125,0.477294921875,0.12762451171875,2,nan,nan
럑,U+B7D1,0,0,0,0,0,0.13897705078125,0.66412353515625,0.1422119140625,3,nan,nan
럒,U+B7D2,0,0,1,1,0,0.1400146484375,0.6796875,0.1597900390625,9,nan,nan
럓,U+B7D3,0,0,0,0,0,0.1591796875,0.6875,0.15966796875,4,nan,nan
럔,U+B7D4,0,0,0,0,0,0.1431884765625,0.765625,0.1492919921875,6,nan,nan
럕,U+B7D5,0,0,1,1,0,0.157958984375,0.744140625,0.1697998046875,6,nan,nan
럖,U+B7D6,0,0,1,1,0,0.156005859375,0.7286376953125,0.171630859375,8,nan,nan
럗,U+B7D7,0,0,1,1,0,0.1356201171875,0.589599609375,0.1455078125,6,nan,nan
럘,U+B7D8,0,0,0,0,0,0.1346435546875,0.6561279296875,0.163330078125,7,nan,nan
럙,U+B7D9,0,0,0,0,0,0.15875244140625,0.68212890625,0.1824951171875,6,nan,nan
럚,U+B7DA,0,0,0,0,0,0.163818359375,0.6640625,0.18853759765625,6,nan,nan
럛,U+B7DB,0,0,0,0,0,0.1361083984375,0.64337158203125,0.17352294921875,13,nan,nan
럜,U+B7DC,0,0,0,0,0,0.1522216796875,0.6953125,0.17498779296875,16,nan,nan
럝,U+B7DD,0,0,0,0,0,0.170654296875,0.75,0.18768310546875,7,nan,nan
럞,U+B7DE,0,0,1,1,0,0.15478515625,0.713134765625,0.1815185546875,8,nan,nan
럟,U+B7DF,0,0,0,0,0,0.177490234375,0.7421875,0.197998046875,8,nan,nan
럠,U+B7E0,0,0,0,0,0,0.14385986328125,0.688720703125,0.15606689453125,4,nan,nan
럡,U+B7E1,0,0,0,0,0,0.14111328125,0.6180419921875,0.15972900390625,3,nan,nan
럢,U+B7E2,0,0,0,0,0,0.17462158203125,0.6875,0.16436767578125,6,nan,nan
럣,U+B7E3,0,0,0,0,0,0.1317138671875,0.7763671875,0.14239501953125,4,nan,nan
럤,U+B7E4,0,0,0,0,0,0.1536865234375,0.69000244140625,0.15325927734375,4,nan,nan
럥,U+B7E5,0,0,0,0,0,0.1605224609375,0.6666259765625,0.13995361328125,8,nan,nan
럦,U+B7E6,0,0,1,1,0,0.15374755859375,0.6383056640625,0.158203125,4,nan,nan
럧,U+B7E7,0,0,0,0,0,0.15374755859375,0.671875,0.1640625,5,nan,nan
럨,U+B7E8,0,0,1,1,0,0.134765625,0.661376953125,0.150634765625,7,nan,nan
럩,U+B7E9,0,0,1,1,0,0.1422119140625,0.6005859375,0.15875244140625,4,nan,nan
럪,U+B7EA,0,0,0,0,0,0.14801025390625,0.6998291015625,0.1707763671875,4,nan,nan
럫,U+B7EB,0,0,0,0,0,0.1566162109375,0.6328125,0.1429443359375,4,nan,nan
러,U+B7EC,0,0,0,0,0,0.10101318359375,0.47467041015625,0.09893798828125,2,nan,nan
럭,U+B7ED,0,0,0,0,0,0.11273193359375,0.59375,0.1143798828125,4,nan,nan
럮,U+B7EE,0,0,1,1,0,0.1378173828125,0.68212890625,0.14215087890625,6,nan,nan
럯,U+B7EF,0,0,0,0,0,0.121826171875,0.6456298828125,0.12762451171875,5,nan,nan
런,U+B7F0,0,0,0,0,0,0.0877685546875,0.57861328125,0.103759765625,5,nan,nan
럱,U+B7F1,0,0,1,1,0,0.12152099609375,0.66064453125,0.1314697265625,5,nan,nan
럲,U+B7F2,0,0,1,1,0,0.1307373046875,0.5751953125,0.13275146484375,6,nan,nan
럳,U+B7F3,0,0,1,1,0,0.0975341796875,0.5374755859375,0.1207275390625,2,nan,nan
럴,U+B7F4,0,0,0,0,0,0.13134765625,0.5645751953125,0.1337890625,7,nan,nan
럵,U+B7F5,0,0,0,0,0,0.12994384765625,0.57806396484375,0.1494140625,7,nan,nan
럶,U+B7F6,0,0,0,0,0,0.13836669921875,0.5665283203125,0.1651611328125,8,nan,nan
럷,U+B7F7,0,0,0,0,0,0.1265869140625,0.5855712890625,0.146484375,10,nan,nan
럸,U+B7F8,0,0,0,0,0,0.13958740234375,0.643310546875,0.155029296875,7,nan,nan
럹,U+B7F9,0,0,0,0,0,0.14068603515625,0.62548828125,0.15380859375,6,nan,nan
럺,U+B7FA,0,0,1,1,0,0.1409912109375,0.6357421875,0.1597900390625,7,nan,nan
럻,U+B7FB,0,0,0,0,0,0.15179443359375,0.640380859375,0.173095703125,7,nan,nan
럼,U+B7FC,0,0,0,0,0,0.12884521484375,0.59307861328125,0.13323974609375,6,nan,nan
럽,U+B7FD,0,0,0,0,0,0.1258544921875,0.580810546875,0.1300048828125,5,nan,nan
럾,U+B7FE,0,0,0,0,0,0.12969970703125,0.68988037109375,0.14630126953125,7,nan,nan
럿,U+B7FF,0,0,0,0,0,0.135498046875,0.5379638671875,0.12200927734375,2,nan,nan
렀,U+B800,0,0,0,0,0,0.13623046875,0.63323974609375,0.1322021484375,3,nan,nan
렁,U+B801,0,0,0,0,0,0.13311767578125,0.6103515625,0.1043701171875,4,nan,nan
렂,U+B802,0,0,1,1,0,0.13507080078125,0.58746337890625,0.1336669921875,3,nan,nan
렃,U+B803,0,0,0,0,0,0.128662109375,0.6383056640625,0.13812255859375,5,nan,nan
렄,U+B804,0,0,1,1,0,0.12225341796875,0.720703125,0.1400146484375,11,nan,nan
렅,U+B805,0,0,1,1,0,0.1263427734375,0.52130126953125,0.135986328125,4,nan,nan
렆,U+B806,0,0,0,0,0,0.1363525390625,0.64990234375,0.1485595703125,4,nan,nan
렇,U+B807,0,0,0,0,1,0.1295166015625,0.589111328125,0.118896484375,4,24.436336743643224,0.9558473276200233
레,U+B808,0,0,0,0,0,0.137451171875,0.604248046875,0.13189697265625,3,nan,nan
렉,U+B809,0,0,0,0,0,0.12506103515625,0.625,0.13519287109375,4,nan,nan
렊,U+B80A,0,0,1,1,0,0.14923095703125,0.828125,0.15777587890625,9,nan,nan
렋,U+B80B,0,0,0,0,0,0.16400146484375,0.703125,0.14971923828125,3,nan,nan
렌,U+B80C,0,0,0,0,0,0.12213134765625,0.651123046875,0.12640380859375,5,nan,nan
렍,U+B80D,0,0,1,1,0,0.17401123046875,0.6953125,0.1728515625,4,nan,nan
렎,U+B80E,0,0,1,1,0,0.17779541015625,0.65625,0.18023681640625,4,nan,nan
렏,U+B80F,0,0,1,1,0,0.132568359375,0.60272216796875,0.13671875,3,nan,nan
렐,U+B810,0,0,0,0,0,0.15325927734375,0.640625,0.15594482421875,4,nan,nan
렑,U+B811,0,0,0,0,0,0.17437744140625,0.640380859375,0.1759033203125,5,nan,nan
렒,U+B812,0,0,0,0,0,0.14898681640625,0.715087890625,0.16357421875,8,nan,nan
렓,U+B813,0,0,0,0,0,0.1585693359375,0.6640625,0.17279052734375,5,nan,nan
렔,U+B814,0,0,0,0,0,0.1632080078125,0.713134765625,0.17071533203125,5,nan,nan
렕,U+B815,0,0,0,0,0,0.18768310546875,0.671875,0.182861328125,7,nan,nan
렖,U+B816,0,0,1,1,0,0.17913818359375,0.6640625,0.17529296875,6,nan,nan
렗,U+B817,0,0,0,0,0,0.142578125,0.671875,0.17193603515625,11,nan,nan
렘,U+B818,0,0,0,0,0,0.148681640625,0.6328125,0.14556884765625,5,nan,nan
렙,U+B819,0,0,0,0,0,0.13299560546875,0.609375,0.14105224609375,6,nan,nan
렚,U+B81A,0,0,0,0,0,0.17974853515625,0.6875,0.16644287109375,6,nan,nan
렛,U+B81B,0,0,0,0,0,0.15277099609375,0.6513671875,0.13909912109375,5,nan,nan
렜,U+B81C,0,0,0,0,0,0.1646728515625,0.72088623046875,0.158935546875,4,nan,nan
렝,U+B81D,0,0,0,0,0,0.16851806640625,0.6875,0.134521484375,4,nan,nan
렞,U+B81E,0,0,1,1,0,0.17034912109375,0.65625,0.15472412109375,5,nan,nan
렟,U+B81F,0,0,0,0,0,0.16986083984375,0.6640625,0.1700439453125,3,nan,nan
렠,U+B820,0,0,1,1,0,0.14971923828125,0.6866455078125,0.1552734375,6,nan,nan
렡,U+B821,0,0,1,1,0,0.16656494140625,0.64337158203125,0.16497802734375,5,nan,nan
렢,U+B822,0,0,0,0,0,0.16656494140625,0.6640625,0.16259765625,4,nan,nan
렣,U+B823,0,0,0,0,0,0.142822265625,0.6171875,0.13922119140625,8,nan,nan
려,U+B824,0,0,0,0,0,0.1124267578125,0.48876953125,0.10711669921875,3,nan,nan
력,U+B825,0,0,0,0,0,0.1246337890625,0.6484375,0.13232421875,5,nan,nan
렦,U+B826,0,0,1,1,0,0.15008544921875,0.7734375,0.1470947265625,8,nan,nan
렧,U+B827,0,0,0,0,0,0.143310546875,0.63812255859375,0.14471435546875,5,nan,nan
련,U+B828,0,0,0,0,0,0.13433837890625,0.6484375,0.12628173828125,3,nan,nan
렩,U+B829,0,0,1,1,0,0.16448974609375,0.7578125,0.1636962890625,7,nan,nan
렪,U+B82A,0,0,1,1,0,0.14935302734375,0.7371826171875,0.15692138671875,8,nan,nan
렫,U+B82B,0,0,1,1,0,0.1265869140625,0.6005859375,0.13958740234375,2,nan,nan
렬,U+B82C,0,0,0,0,0,0.1488037109375,0.76904296875,0.15374755859375,6,nan,nan
렭,U+B82D,0,0,0,0,0,0.14788818359375,0.65625,0.17205810546875,7,nan,nan
렮,U+B82E,0,0,0,0,0,0.16204833984375,0.7459716796875,0.1754150390625,6,nan,nan
렯,U+B82F,0,0,0,0,0,0.1329345703125,0.76904296875,0.16107177734375,10,nan,nan
렰,U+B830,0,0,0,0,0,0.1510009765625,0.68682861328125,0.17498779296875,3,nan,nan
렱,U+B831,0,0,0,0,0,0.14996337890625,0.73638916015625,0.1788330078125,11,nan,nan
렲,U+B832,0,0,1,1,0,0.15850830078125,0.7109375,0.18365478515625,8,nan,nan
렳,U+B833,0,0,0,0,0,0.1463623046875,0.6357421875,0.17022705078125,7,nan,nan
렴,U+B834,0,0,0,0,0,0.144287109375,0.7657470703125,0.144287109375,5,nan,nan
렵,U+B835,0,0,0,0,0,0.12432861328125,0.5882568359375,0.1318359375,6,nan,nan
렶,U+B836,0,0,0,0,0,0.14251708984375,0.640869140625,0.152099609375,14,nan,nan
렷,U+B837,0,0,0,0,0,0.148681640625,0.61798095703125,0.13214111328125,3,nan,nan
렸,U+B838,0,0,0,0,0,0.15625,0.7265625,0.147705078125,2,nan,nan
령,U+B839,0,0,0,0,0,0.14935302734375,0.6031494140625,0.11370849609375,4,nan,nan
렺,U+B83A,0,0,1,1,0,0.13812255859375,0.65625,0.13958740234375,6,nan,nan
렻,U+B83B,0,0,0,0,0,0.1304931640625,0.625,0.14202880859375,6,nan,nan
렼,U+B83C,0,0,1,1,0,0.12554931640625,0.6383056640625,0.14312744140625,8,nan,nan
렽,U+B83D,0,0,1,1,0,0.126220703125,0.6075439453125,0.1513671875,6,nan,nan
렾,U+B83E,0,0,0,0,0,0.155029296875,0.65625,0.1572265625,8,nan,nan
렿,U+B83F,0,0,0,0,0,0.1409912109375,0.615234375,0.13934326171875,9,nan,nan
례,U+B840,0,0,0,0,0,0.132080078125,0.556640625,0.139404296875,7,nan,nan
롁,U+B841,0,0,0,0,0,0.12139892578125,0.634521484375,0.13104248046875,6,nan,nan
롂,U+B842,0,0,1,1,0,0.16607666015625,0.79840087890625,0.17138671875,7,nan,nan
롃,U+B843,0,0,0,0,0,0.16552734375,0.7421875,0.16925048828125,5,nan,nan
롄,U+B844,0,0,0,0,0,0.158447265625,0.8046875,0.15753173828125,5,nan,nan
롅,U+B845,0,0,1,1,0,0.18048095703125,0.75,0.181640625,8,nan,nan
롆,U+B846,0,0,1,1,0,0.1549072265625,0.7109375,0.17120361328125,10,nan,nan
롇,U+B847,0,0,1,1,0,0.1318359375,0.60546875,0.1541748046875,5,nan,nan
롈,U+B848,0,0,0,0,0,0.17987060546875,0.65625,0.17340087890625,5,nan,nan
롉,U+B849,0,0,0,0,0,0.16668701171875,0.6875,0.1854248046875,5,nan,nan
롊,U+B84A,0,0,0,0,0,0.1649169921875,0.70751953125,0.20477294921875,15,nan,nan
롋,U+B84B,0,0,0,0,0,0.1700439453125,0.6484375,0.19708251953125,7,nan,nan
롌,U+B84C,0,0,0,0,0,0.19366455078125,0.76739501953125,0.20672607421875,9,nan,nan
롍,U+B84D,0,0,0,0,0,0.17779541015625,0.7265625,0.2052001953125,9,nan,nan
롎,U+B84E,0,0,1,1,0,0.1856689453125,0.7578125,0.1998291015625,9,nan,nan
롏,U+B84F,0,0,0,0,0,0.16827392578125,0.6976318359375,0.1925048828125,11,nan,nan
롐,U+B850,0,0,0,0,0,0.15228271484375,0.670166015625,0.15869140625,5,nan,nan
롑,U+B851,0,0,0,0,0,0.13897705078125,0.620361328125,0.1553955078125,8,nan,nan
롒,U+B852,0,0,0,0,0,0.1746826171875,0.7109375,0.17547607421875,7,nan,nan
롓,U+B853,0,0,0,0,0,0.1580810546875,0.6776123046875,0.15692138671875,4,nan,nan
롔,U+B854,0,0,0,0,0,0.18731689453125,0.7265625,0.1673583984375,4,nan,nan
롕,U+B855,0,0,0,0,0,0.16131591796875,0.6875,0.14141845703125,8,nan,nan
롖,U+B856,0,0,1,1,0,0.1676025390625,0.692138671875,0.17059326171875,3,nan,nan
롗,U+B857,0,0,0,0,0,0.17095947265625,0.6875,0.16943359375,7,nan,nan
롘,U+B858,0,0,1,1,0,0.15069580078125,0.6536865234375,0.15887451171875,6,nan,nan
롙,U+B859,0,0,1,1,0,0.1748046875,0.58343505859375,0.16973876953125,1,nan,nan
롚,U+B85A,0,0,0,0,0,0.1717529296875,0.6875,0.177490234375,7,nan,nan
롛,U+B85B,0,0,0,0,0,0.15838623046875,0.619384765625,0.15826416015625,10,nan,nan
로,U+B85C,0,0,0,0,1,0.094970703125,0.442626953125,0.08843994140625,2,8.860169635248681,0.5841417550502378
록,U+B85D,0,0,0,0,0,0.12042236328125,0.59375,0.1201171875,3,nan,nan
롞,U+B85E,0,0,1,1,0,0.11822509765625,0.74169921875,0.13812255859375,6,nan,nan
롟,U+B85F,0,0,0,0,0,0.15386962890625,0.75,0.151123046875,7,nan,nan
론,U+B860,0,0,0,0,0,0.13470458984375,0.7459716796875,0.1256103515625,2,nan,nan
롡,U+B861,0,0,1,1,0,0.15863037109375,0.749267578125,0.1549072265625,4,nan,nan
롢,U+B862,0,0,1,1,0,0.1693115234375,0.8046875,0.16705322265625,5,nan,nan
롣,U+B863,0,0,1,1,0,0.13287353515625,0.6640625,0.12335205078125,2,nan,nan
롤,U+B864,0,0,0,0,0,0.14337158203125,0.7265625,0.14141845703125,4,nan,nan
롥,U+B865,0,0,0,0,0,0.158935546875,0.75,0.16412353515625,9,nan,nan
롦,U+B866,0,0,0,0,0,0.15118408203125,0.86279296875,0.18414306640625,15,nan,nan
롧,U+B867,0,0,0,0,0,0.17694091796875,0.734375,0.182373046875,6,nan,nan
롨,U+B868,0,0,0,0,0,0.16961669921875,0.8203125,0.18194580078125,4,nan,nan
롩,U+B869,0,0,0,0,0,0.164794921875,0.7734375,0.1734619140625,5,nan,nan
롪,U+B86A,0,0,1,1,0,0.1884765625,0.8359375,0.1883544921875,6,nan,nan
롫,U+B86B,0,0,0,0,0,0.1536865234375,0.9140625,0.1680908203125,13,nan,nan
롬,U+B86C,0,0,0,0,0,0.13262939453125,0.7734375,0.138671875,4,nan,nan
롭,U+B86D,0,0,0,0,0,0.1551513671875,0.765625,0.14141845703125,2,nan,nan
롮,U+B86E,0,0,0,0,0,0.16595458984375,0.74005126953125,0.160400390625,3,nan,nan
롯,U+B86F,0,0,0,0,0,0.13824462890625,0.734375,0.1214599609375,4,nan,nan
롰,U+B870,0,0,0,0,0,0.19366455078125,0.78125,0.15069580078125,3,nan,nan
롱,U+B871,0,0,0,0,0,0.10394287109375,0.51416015625,0.09918212890625,3,nan,nan
롲,U+B872,0,0,1,1,0,0.15631103515625,0.8046875,0.13848876953125,6,nan,nan
롳,U+B873,0,0,0,0,0,0.1240234375,0.7734375,0.124755859375,5,nan,nan
롴,U+B874,0,0,1,1,0,0.13128662109375,0.7734375,0.12884521484375,7,nan,nan
롵,U+B875,0,0,1,1,0,0.13134765625,0.6666259765625,0.1357421875,5,nan,nan
롶,U+B876,0,0,0,0,0,0.16510009765625,0.8216552734375,0.166015625,4,nan,nan
롷,U+B877,0,0,0,0,0,0.091064453125,0.68988037109375,0.11016845703125,8,nan,nan
롸,U+B878,0,0,0,0,0,0.1199951171875,0.6275634765625,0.1141357421875,2,nan,nan
롹,U+B879,0,0,0,0,0,0.11981201171875,0.616455078125,0.12677001953125,4,nan,nan
롺,U+B87A,0,0,1,1,0,0.14892578125,0.7265625,0.153076171875,5,nan,nan
롻,U+B87B,0,0,0,0,0,0.15350341796875,0.78289794921875,0.1546630859375,5,nan,nan
롼,U+B87C,0,0,0,0,0,0.15521240234375,0.8074951171875,0.1492919921875,4,nan,nan
롽,U+B87D,0,0,1,1,0,0.17333984375,0.7459716796875,0.17010498046875,3,nan,nan
롾,U+B87E,0,0,1,1,0,0.160888671875,0.6998291015625,0.15277099609375,5,nan,nan
롿,U+B87F,0,0,1,1,0,0.1683349609375,0.76739501953125,0.1563720703125,3,nan,nan
뢀,U+B880,0,0,0,0,0,0.16900634765625,0.73638916015625,0.16387939453125,3,nan,nan
뢁,U+B881,0,0,0,0,0,0.16900634765625,0.75189208984375,0.17279052734375,4,nan,nan
뢂,U+B882,0,0,0,0,0,0.173828125,0.68988037109375,0.1834716796875,4,nan,nan
뢃,U+B883,0,0,0,0,0,0.17938232421875,0.7459716796875,0.189697265625,5,nan,nan
뢄,U+B884,0,0,0,0,0,0.18310546875,0.8203125,0.1834716796875,3,nan,nan
뢅,U+B885,0,0,0,0,0,0.15155029296875,0.7109375,0.172119140625,3,nan,nan
뢆,U+B886,0,0,1,1,0,0.16680908203125,0.7109375,0.18597412109375,4,nan,nan
뢇,U+B887,0,0,0,0,0,0.1983642578125,0.72088623046875,0.1922607421875,4,nan,nan
뢈,U+B888,0,0,0,0,0,0.17999267578125,0.8074951171875,0.16259765625,3,nan,nan
뢉,U+B889,0,0,0,0,0,0.14605712890625,0.71636962890625,0.14764404296875,3,nan,nan
뢊,U+B88A,0,0,0,0,0,0.1700439453125,0.734130859375,0.1741943359375,3,nan,nan
뢋,U+B88B,0,0,0,0,0,0.16253662109375,0.7998046875,0.14605712890625,3,nan,nan
뢌,U+B88C,0,0,0,0,0,0.171875,0.79840087890625,0.160400390625,4,nan,nan
뢍,U+B88D,0,0,0,0,0,0.16326904296875,0.828125,0.12908935546875,5,nan,nan
뢎,U+B88E,0,0,1,1,0,0.16900634765625,0.7578125,0.15826416015625,3,nan,nan
뢏,U+B88F,0,0,0,0,0,0.16693115234375,0.67901611328125,0.1539306640625,4,nan,nan
뢐,U+B890,0,0,1,1,0,0.1556396484375,0.68316650390625,0.15191650390625,3,nan,nan
뢑,U+B891,0,0,1,1,0,0.15045166015625,0.7073974609375,0.1497802734375,3,nan,nan
뢒,U+B892,0,0,0,0,0,0.17730712890625,0.7734375,0.1678466796875,3,nan,nan
뢓,U+B893,0,0,0,0,0,0.13751220703125,0.6844482421875,0.13409423828125,5,nan,nan
뢔,U+B894,0,0,0,0,0,0.125732421875,0.55059814453125,0.13739013671875,3,nan,nan
뢕,U+B895,0,0,0,0,0,0.12109375,0.65728759765625,0.1405029296875,5,nan,nan
뢖,U+B896,0,0,1,1,0,0.16729736328125,0.6536865234375,0.16705322265625,6,nan,nan
뢗,U+B897,0,0,0,0,0,0.17816162109375,0.703125,0.17138671875,3,nan,nan
뢘,U+B898,0,0,0,0,0,0.15057373046875,0.6552734375,0.16259765625,4,nan,nan
뢙,U+B899,0,0,1,1,0,0.171142578125,0.6561279296875,0.18133544921875,4,nan,nan
뢚,U+B89A,0,0,1,1,0,0.166259765625,0.6015625,0.17822265625,7,nan,nan
뢛,U+B89B,0,0,1,1,0,0.15399169921875,0.62060546875,0.16912841796875,3,nan,nan
뢜,U+B89C,0,0,0,0,0,0.1566162109375,0.65887451171875,0.17767333984375,4,nan,nan
뢝,U+B89D,0,0,0,0,0,0.1690673828125,0.65887451171875,0.18115234375,5,nan,nan
뢞,U+B89E,0,0,0,0,0,0.1693115234375,0.6229248046875,0.18902587890625,4,nan,nan
뢟,U+B89F,0,0,0,0,0,0.1732177734375,0.6201171875,0.20208740234375,3,nan,nan
뢠,U+B8A0,0,0,0,0,0,0.167724609375,0.6796875,0.179931640625,8,nan,nan
뢡,U+B8A1,0,0,0,0,0,0.16607666015625,0.6201171875,0.18768310546875,7,nan,nan
뢢,U+B8A2,0,0,1,1,0,0.154541015625,0.58447265625,0.17559814453125,6,nan,nan
뢣,U+B8A3,0,0,0,0,0,0.19140625,0.6075439453125,0.1939697265625,7,nan,nan
뢤,U+B8A4,0,0,0,0,0,0.14227294921875,0.613037109375,0.15863037109375,3,nan,nan
뢥,U+B8A5,0,0,0,0,0,0.1490478515625,0.60809326171875,0.16015625,7,nan,nan
뢦,U+B8A6,0,0,0,0,0,0.17510986328125,0.640625,0.190185546875,3,nan,nan
뢧,U+B8A7,0,0,0,0,0,0.15765380859375,0.6553955078125,0.15179443359375,4,nan,nan
뢨,U+B8A8,0,0,0,0,0,0.16888427734375,0.6953125,0.1732177734375,4,nan,nan
뢩,U+B8A9,0,0,0,0,0,0.14483642578125,0.615966796875,0.13665771484375,4,nan,nan
뢪,U+B8AA,0,0,1,1,0,0.16229248046875,0.6484375,0.16778564453125,4,nan,nan
뢫,U+B8AB,0,0,0,0,0,0.17681884765625,0.6484375,0.176025390625,3,nan,nan
뢬,U+B8AC,0,0,1,1,0,0.15374755859375,0.6484375,0.1656494140625,3,nan,nan
뢭,U+B8AD,0,0,1,1,0,0.142578125,0.595703125,0.1622314453125,5,nan,nan
뢮,U+B8AE,0,0,0,0,0,0.12249755859375,0.658447265625,0.1494140625,7,nan,nan
뢯,U+B8AF,0,0,0,0,0,0.16357421875,0.65625,0.15521240234375,4,nan,nan
뢰,U+B8B0,0,0,0,0,0,0.11016845703125,0.4332275390625,0.10394287109375,2,nan,nan
뢱,U+B8B1,0,0,0,0,0,0.125244140625,0.55389404296875,0.12255859375,3,nan,nan
뢲,U+B8B2,0,0,1,1,0,0.144287109375,0.5859375,0.1419677734375,3,nan,nan
뢳,U+B8B3,0,0,0,0,0,0.1527099609375,0.6953125,0.1524658203125,4,nan,nan
뢴,U+B8B4,0,0,0,0,0,0.1356201171875,0.579833984375,0.13629150390625,3,nan,nan
뢵,U+B8B5,0,0,1,1,0,0.15911865234375,0.609375,0.14654541015625,7,nan,nan
뢶,U+B8B6,0,0,1,1,0,0.1771240234375,0.5537109375,0.15911865234375,5,nan,nan
뢷,U+B8B7,0,0,1,1,0,0.1524658203125,0.54168701171875,0.14788818359375,3,nan,nan
뢸,U+B8B8,0,0,0,0,0,0.1575927734375,0.56304931640625,0.149658203125,4,nan,nan
뢹,U+B8B9,0,0,0,0,0,0.1614990234375,0.578125,0.16119384765625,5,nan,nan
뢺,U+B8BA,0,0,0,0,0,0.1806640625,0.589111328125,0.175537109375,4,nan,nan
뢻,U+B8BB,0,0,0,0,0,0.16265869140625,0.58135986328125,0.174072265625,5,nan,nan
뢼,U+B8BC,0,0,0,0,0,0.167724609375,0.7265625,0.173828125,5,nan,nan
뢽,U+B8BD,0,0,0,0,0,0.165771484375,0.6156005859375,0.17083740234375,5,nan,nan
뢾,U+B8BE,0,0,1,1,0,0.15997314453125,0.58135986328125,0.16534423828125,5,nan,nan
뢿,U+B8BF,0,0,0,0,0,0.18731689453125,0.640625,0.18109130859375,6,nan,nan
룀,U+B8C0,0,0,0,0,0,0.15777587890625,0.55035400390625,0.1541748046875,3,nan,nan
룁,U+B8C1,0,0,0,0,0,0.1531982421875,0.52978515625,0.14813232421875,3,nan,nan
룂,U+B8C2,0,0,0,0,0,0.17449951171875,0.6015625,0.154052734375,3,nan,nan
룃,U+B8C3,0,0,0,0,0,0.15045166015625,0.582763671875,0.1375732421875,3,nan,nan
룄,U+B8C4,0,0,0,0,0,0.1654052734375,0.6875,0.15618896484375,4,nan,nan
룅,U+B8C5,0,0,0,0,0,0.1309814453125,0.54168701171875,0.113525390625,5,nan,nan
룆,U+B8C6,0,0,1,1,0,0.1614990234375,0.640625,0.15301513671875,3,nan,nan
룇,U+B8C7,0,0,0,0,0,0.16998291015625,0.625,0.15667724609375,3,nan,nan
룈,U+B8C8,0,0,1,1,0,0.15447998046875,0.5625,0.14300537109375,3,nan,nan
룉,U+B8C9,0,0,1,1,0,0.17333984375,0.5460205078125,0.15509033203125,4,nan,nan
룊,U+B8CA,0,0,0,0,0,0.17462158203125,0.6484375,0.15673828125,3,nan,nan
룋,U+B8CB,0,0,0,0,0,0.14385986328125,0.5546875,0.121826171875,7,nan,nan
료,U+B8CC,0,0,0,0,0,0.11236572265625,0.5499267578125,0.10498046875,2,nan,nan
룍,U+B8CD,0,0,0,0,0,0.1217041015625,0.6156005859375,0.12042236328125,3,nan,nan
룎,U+B8CE,0,0,1,1,0,0.1611328125,0.8125,0.15338134765625,5,nan,nan
룏,U+B8CF,0,0,0,0,0,0.15911865234375,0.69427490234375,0.15191650390625,3,nan,nan
룐,U+B8D0,0,0,0,0,0,0.15985107421875,0.8203125,0.14288330078125,4,nan,nan
룑,U+B8D1,0,0,1,1,0,0.1640625,0.72821044921875,0.1602783203125,5,nan,nan
룒,U+B8D2,0,0,1,1,0,0.18194580078125,0.8203125,0.17742919921875,5,nan,nan
룓,U+B8D3,0,0,1,1,0,0.14910888671875,0.765625,0.15069580078125,3,nan,nan
룔,U+B8D4,0,0,0,0,0,0.139404296875,0.6383056640625,0.158447265625,3,nan,nan
룕,U+B8D5,0,0,0,0,0,0.17138671875,0.765625,0.1727294921875,4,nan,nan
룖,U+B8D6,0,0,0,0,0,0.1458740234375,0.713134765625,0.17706298828125,7,nan,nan
룗,U+B8D7,0,0,0,0,0,0.18121337890625,0.75,0.18505859375,9,nan,nan
룘,U+B8D8,0,0,0,0,0,0.16571044921875,0.8203125,0.17340087890625,5,nan,nan
룙,U+B8D9,0,0,0,0,0,0.177001953125,0.8515625,0.18646240234375,7,nan,nan
룚,U+B8DA,0,0,1,1,0,0.20452880859375,0.78582763671875,0.198974609375,8,nan,nan
룛,U+B8DB,0,0,0,0,0,0.19329833984375,0.784423828125,0.189697265625,7,nan,nan
룜,U+B8DC,0,0,0,0,0,0.15618896484375,0.7578125,0.15374755859375,2,nan,nan
룝,U+B8DD,0,0,0,0,0,0.1627197265625,0.734375,0.15240478515625,2,nan,nan
룞,U+B8DE,0,0,0,0,0,0.18023681640625,0.68212890625,0.15814208984375,3,nan,nan
룟,U+B8DF,0,0,0,0,1,0.1351318359375,0.9140625,0.13836669921875,4,9.209868456549579,0.6169109784270856
룠,U+B8E0,0,0,0,0,0,0.185546875,0.78289794921875,0.1531982421875,4,nan,nan
룡,U+B8E1,0,0,0,0,0,0.13433837890625,0.62786865234375,0.1180419921875,2,nan,nan
룢,U+B8E2,0,0,1,1,0,0.16839599609375,0.7578125,0.1546630859375,4,nan,nan
룣,U+B8E3,0,0,0,0,0,0.143798828125,0.775146484375,0.1458740234375,7,nan,nan
룤,U+B8E4,0,0,1,1,0,0.1365966796875,0.69427490234375,0.13623046875,5,nan,nan
룥,U+B8E5,0,0,1,1,0,0.1568603515625,0.71875,0.1588134765625,2,nan,nan
룦,U+B8E6,0,0,0,0,0,0.20477294921875,0.765625,0.175537109375,3,nan,nan
룧,U+B8E7,0,0,0,0,0,0.11181640625,0.8203125,0.1343994140625,6,nan,nan
루,U+B8E8,0,0,0,0,0,0.0911865234375,0.48980712890625,0.0880126953125,2,nan,nan
룩,U+B8E9,0,0,0,0,0,0.10791015625,0.545166015625,0.10662841796875,3,nan,nan
룪,U+B8EA,0,0,1,1,0,0.1356201171875,0.7532958984375,0.1441650390625,8,nan,nan
룫,U+B8EB,0,0,0,0,0,0.14910888671875,0.69818115234375,0.1407470703125,3,nan,nan
룬,U+B8EC,0,0,0,0,0,0.12109375,0.613037109375,0.120849609375,3,nan,nan
룭,U+B8ED,0,0,1,1,0,0.12469482421875,0.6767578125,0.12939453125,7,nan,nan
룮,U+B8EE,0,0,1,1,0,0.1614990234375,0.713134765625,0.156494140625,4,nan,nan
룯,U+B8EF,0,0,1,1,0,0.14776611328125,0.6640625,0.12603759765625,3,nan,nan
룰,U+B8F0,0,0,0,0,0,0.1466064453125,0.765625,0.15313720703125,2,nan,nan
룱,U+B8F1,0,0,0,0,0,0.16436767578125,0.7578125,0.15460205078125,5,nan,nan
룲,U+B8F2,0,0,0,0,0,0.1827392578125,0.6875,0.18072509765625,5,nan,nan
룳,U+B8F3,0,0,0,0,0,0.1768798828125,0.796875,0.18194580078125,6,nan,nan
룴,U+B8F4,0,0,0,0,0,0.16864013671875,0.7890625,0.16461181640625,6,nan,nan
룵,U+B8F5,0,0,0,0,0,0.178466796875,0.8216552734375,0.18817138671875,7,nan,nan
룶,U+B8F6,0,0,1,1,0,0.191162109375,0.7890625,0.180419921875,4,nan,nan
룷,U+B8F7,0,0,0,0,0,0.1998291015625,0.8046875,0.182861328125,8,nan,nan
룸,U+B8F8,0,0,0,0,0,0.1229248046875,0.732421875,0.12451171875,3,nan,nan
룹,U+B8F9,0,0,0,0,0,0.1396484375,0.61798095703125,0.13165283203125,4,nan,nan
룺,U+B8FA,0,0,0,0,0,0.16375732421875,0.734375,0.1446533203125,2,nan,nan
룻,U+B8FB,0,0,0,0,0,0.13665771484375,0.64599609375,0.12774658203125,2,nan,nan
룼,U+B8FC,0,0,0,0,0,0.1783447265625,0.76904296875,0.1427001953125,6,nan,nan
룽,U+B8FD,0,0,0,0,0,0.12127685546875,0.6005859375,0.10589599609375,3,nan,nan
룾,U+B8FE,0,0,1,1,0,0.1470947265625,0.734375,0.13787841796875,3,nan,nan
룿,U+B8FF,0,0,0,0,0,0.15130615234375,0.75,0.1348876953125,5,nan,nan
뤀,U+B900,0,0,1,1,0,0.134521484375,0.7286376953125,0.13824462890625,3,nan,nan
뤁,U+B901,0,0,1,1,0,0.14532470703125,0.65625,0.13043212890625,2,nan,nan
뤂,U+B902,0,0,0,0,0,0.177734375,0.744140625,0.16461181640625,2,nan,nan
뤃,U+B903,0,0,0,0,0,0.12261962890625,0.7578125,0.131103515625,5,nan,nan
뤄,U+B904,0,0,0,0,0,0.12158203125,0.59521484375,0.12054443359375,4,nan,nan
뤅,U+B905,0,0,0,0,0,0.1322021484375,0.54486083984375,0.1304931640625,4,nan,nan
뤆,U+B906,0,0,1,1,0,0.15557861328125,0.5712890625,0.1431884765625,4,nan,nan
뤇,U+B907,0,0,0,0,0,0.1695556640625,0.6536865234375,0.14337158203125,4,nan,nan
뤈,U+B908,0,0,0,0,0,0.1448974609375,0.630126953125,0.14215087890625,4,nan,nan
뤉,U+B909,0,0,1,1,0,0.15185546875,0.72021484375,0.15283203125,6,nan,nan
뤊,U+B90A,0,0,1,1,0,0.14813232421875,0.6329345703125,0.17034912109375,8,nan,nan
뤋,U+B90B,0,0,1,1,0,0.16162109375,0.62310791015625,0.146484375,4,nan,nan
뤌,U+B90C,0,0,0,0,0,0.1649169921875,0.570556640625,0.16033935546875,4,nan,nan
뤍,U+B90D,0,0,0,0,0,0.18609619140625,0.65087890625,0.1793212890625,6,nan,nan
뤎,U+B90E,0,0,0,0,0,0.18817138671875,0.64599609375,0.1973876953125,8,nan,nan
뤏,U+B90F,0,0,0,0,0,0.17193603515625,0.67901611328125,0.17730712890625,5,nan,nan
뤐,U+B910,0,0,0,0,0,0.17620849609375,0.749267578125,0.18212890625,6,nan,nan
뤑,U+B911,0,0,0,0,0,0.19134521484375,0.6925048828125,0.1788330078125,4,nan,nan
뤒,U+B912,0,0,1,1,0,0.19085693359375,0.6591796875,0.18902587890625,5,nan,nan
뤓,U+B913,0,0,0,0,0,0.16949462890625,0.6756591796875,0.177734375,6,nan,nan
뤔,U+B914,0,0,0,0,0,0.15771484375,0.6055908203125,0.14898681640625,5,nan,nan
뤕,U+B915,0,0,0,0,0,0.1612548828125,0.625,0.15484619140625,4,nan,nan
뤖,U+B916,0,0,0,0,0,0.17413330078125,0.67547607421875,0.16998291015625,4,nan,nan
뤗,U+B917,0,0,0,0,0,0.12689208984375,0.595703125,0.1307373046875,4,nan,nan
뤘,U+B918,0,0,0,0,0,0.187744140625,0.7421875,0.16796875,4,nan,nan
뤙,U+B919,0,0,0,0,0,0.1466064453125,0.57244873046875,0.136474609375,7,nan,nan
뤚,U+B91A,0,0,1,1,0,0.14544677734375,0.643310546875,0.142822265625,6,nan,nan
뤛,U+B91B,0,0,0,0,0,0.16455078125,0.6536865234375,0.165771484375,5,nan,nan
뤜,U+B91C,0,0,1,1,0,0.1552734375,0.590576171875,0.1419677734375,4,nan,nan
뤝,U+B91D,0,0,1,1,0,0.16888427734375,0.610595703125,0.1624755859375,5,nan,nan
뤞,U+B91E,0,0,0,0,0,0.14227294921875,0.62310791015625,0.1553955078125,5,nan,nan
뤟,U+B91F,0,0,0,0,0,0.16162109375,0.6156005859375,0.1502685546875,7,nan,nan
뤠,U+B920,0,0,0,0,0,0.14031982421875,0.6474609375,0.1370849609375,4,nan,nan
뤡,U+B921,0,0,0,0,0,0.15185546875,0.6767578125,0.160888671875,5,nan,nan
뤢,U+B922,0,0,1,1,0,0.17529296875,0.6192626953125,0.15997314453125,6,nan,nan
뤣,U+B923,0,0,0,0,0,0.19140625,0.671875,0.17584228515625,5,nan,nan
뤤,U+B924,0,0,0,0,0,0.1700439453125,0.64013671875,0.173583984375,6,nan,nan
뤥,U+B925,0,0,1,1,0,0.1810302734375,0.701904296875,0.19891357421875,9,nan,nan
뤦,U+B926,0,0,1,1,0,0.18963623046875,0.62786865234375,0.18951416015625,5,nan,nan
뤧,U+B927,0,0,1,1,0,0.1806640625,0.63189697265625,0.1785888671875,5,nan,nan
뤨,U+B928,0,0,0,0,0,0.18756103515625,0.63720703125,0.17486572265625,6,nan,nan
뤩,U+B929,0,0,0,0,0,0.18267822265625,0.658447265625,0.18548583984375,8,nan,nan
뤪,U+B92A,0,0,0,0,0,0.19775390625,0.6536865234375,0.20751953125,8,nan,nan
뤫,U+B92B,0,0,0,0,0,0.173828125,0.62548828125,0.19964599609375,5,nan,nan
뤬,U+B92C,0,0,0,0,0,0.19317626953125,0.72509765625,0.203369140625,7,nan,nan
뤭,U+B92D,0,0,0,0,0,0.18438720703125,0.68316650390625,0.20330810546875,9,nan,nan
뤮,U+B92E,0,0,1,1,0,0.1944580078125,0.6875,0.20635986328125,6,nan,nan
뤯,U+B92F,0,0,0,0,0,0.20648193359375,0.67437744140625,0.20782470703125,9,nan,nan
뤰,U+B930,0,0,0,0,0,0.1781005859375,0.6561279296875,0.18475341796875,7,nan,nan
뤱,U+B931,0,0,0,0,0,0.17889404296875,0.643310546875,0.17205810546875,4,nan,nan
뤲,U+B932,0,0,0,0,0,0.17059326171875,0.6328125,0.173095703125,6,nan,nan
뤳,U+B933,0,0,0,0,0,0.1488037109375,0.6904296875,0.14739990234375,5,nan,nan
뤴,U+B934,0,0,0,0,0,0.19573974609375,0.7421875,0.18408203125,6,nan,nan
뤵,U+B935,0,0,0,0,0,0.184326171875,0.63555908203125,0.1669921875,6,nan,nan
뤶,U+B936,0,0,1,1,0,0.19879150390625,0.713134765625,0.18084716796875,6,nan,nan
뤷,U+B937,0,0,0,0,0,0.17633056640625,0.7265625,0.1805419921875,5,nan,nan
뤸,U+B938,0,0,1,1,0,0.16229248046875,0.643310546875,0.16778564453125,7,nan,nan
뤹,U+B939,0,0,1,1,0,0.1832275390625,0.62255859375,0.18212890625,7,nan,nan
뤺,U+B93A,0,0,0,0,0,0.1707763671875,0.6329345703125,0.1800537109375,6,nan,nan
뤻,U+B93B,0,0,0,0,0,0.16058349609375,0.6478271484375,0.1607666015625,5,nan,nan
뤼,U+B93C,0,0,0,0,0,0.1094970703125,0.4761962890625,0.1033935546875,3,nan,nan
뤽,U+B93D,0,0,0,0,0,0.12017822265625,0.53521728515625,0.11981201171875,4,nan,nan
뤾,U+B93E,0,0,1,1,0,0.1512451171875,0.609375,0.13720703125,5,nan,nan
뤿,U+B93F,0,0,0,0,0,0.16009521484375,0.7265625,0.14666748046875,4,nan,nan
륀,U+B940,0,0,0,0,0,0.1314697265625,0.62127685546875,0.13360595703125,4,nan,nan
륁,U+B941,0,0,1,1,0,0.1383056640625,0.6942138671875,0.1470947265625,7,nan,nan
륂,U+B942,0,0,1,1,0,0.14666748046875,0.651123046875,0.1590576171875,7,nan,nan
륃,U+B943,0,0,1,1,0,0.15374755859375,0.60791015625,0.14434814453125,4,nan,nan
륄,U+B944,0,0,0,0,0,0.165771484375,0.5908203125,0.15966796875,4,nan,nan
륅,U+B945,0,0,0,0,0,0.16949462890625,0.6484375,0.1656494140625,5,nan,nan
륆,U+B946,0,0,0,0,0,0.172607421875,0.6484375,0.1683349609375,5,nan,nan
륇,U+B947,0,0,0,0,0,0.173583984375,0.692138671875,0.18218994140625,5,nan,nan
륈,U+B948,0,0,0,0,0,0.17095947265625,0.749267578125,0.173095703125,4,nan,nan
륉,U+B949,0,0,0,0,0,0.1689453125,0.753662109375,0.18109130859375,4,nan,nan
륊,U+B94A,0,0,1,1,0,0.13897705078125,0.68316650390625,0.169921875,6,nan,nan
륋,U+B94B,0,0,0,0,0,0.150146484375,0.6046142578125,0.16375732421875,5,nan,nan
륌,U+B94C,0,0,0,0,0,0.14862060546875,0.576171875,0.145751953125,4,nan,nan
륍,U+B94D,0,0,0,0,0,0.15130615234375,0.56866455078125,0.1480712890625,4,nan,nan
륎,U+B94E,0,0,0,0,0,0.1363525390625,0.74005126953125,0.13995361328125,5,nan,nan
륏,U+B94F,0,0,0,0,0,0.12646484375,0.537109375,0.1263427734375,4,nan,nan
륐,U+B950,0,0,0,0,0,0.1563720703125,0.68212890625,0.14593505859375,5,nan,nan
륑,U+B951,0,0,0,0,0,0.14288330078125,0.56866455078125,0.12872314453125,4,nan,nan
륒,U+B952,0,0,1,1,0,0.1630859375,0.6640625,0.1484375,4,nan,nan
륓,U+B953,0,0,0,0,0,0.16607666015625,0.6484375,0.14764404296875,9,nan,nan
륔,U+B954,0,0,1,1,0,0.1593017578125,0.6046142578125,0.14715576171875,5,nan,nan
륕,U+B955,0,0,1,1,0,0.1627197265625,0.60546875,0.15234375,4,nan,nan
륖,U+B956,0,0,0,0,0,0.14227294921875,0.6690673828125,0.14544677734375,4,nan,nan
륗,U+B957,0,0,0,0,0,0.15838623046875,0.59686279296875,0.14056396484375,7,nan,nan
류,U+B958,0,0,0,0,0,0.10247802734375,0.5693359375,0.1024169921875,2,nan,nan
륙,U+B959,0,0,0,0,0,0.146240234375,0.67901611328125,0.13970947265625,4,nan,nan
륚,U+B95A,0,0,1,1,0,0.159912109375,0.73828125,0.1556396484375,4,nan,nan
륛,U+B95B,0,0,0,0,0,0.15374755859375,0.6478271484375,0.14044189453125,5,nan,nan
륜,U+B95C,0,0,0,0,0,0.13861083984375,0.7152099609375,0.13494873046875,3,nan,nan
륝,U+B95D,0,0,1,1,0,0.14752197265625,0.6591796875,0.14971923828125,4,nan,nan
륞,U+B95E,0,0,1,1,0,0.153076171875,0.701904296875,0.15655517578125,7,nan,nan
륟,U+B95F,0,0,1,1,0,0.1478271484375,0.64849853515625,0.15106201171875,3,nan,nan
률,U+B960,0,0,0,0,0,0.17950439453125,0.70538330078125,0.17633056640625,4,nan,nan
륡,U+B961,0,0,0,0,0,0.16400146484375,0.6690673828125,0.16046142578125,4,nan,nan
륢,U+B962,0,0,0,0,0,0.17645263671875,0.7421875,0.1790771484375,6,nan,nan
륣,U+B963,0,0,0,0,0,0.172119140625,0.7286376953125,0.179931640625,4,nan,nan
륤,U+B964,0,0,0,0,0,0.17034912109375,0.78125,0.18084716796875,5,nan,nan
륥,U+B965,0,0,0,0,0,0.1907958984375,0.7265625,0.19049072265625,4,nan,nan
륦,U+B966,0,0,1,1,0,0.176513671875,0.71875,0.18304443359375,6,nan,nan
륧,U+B967,0,0,0,0,0,0.1962890625,0.78125,0.19482421875,5,nan,nan
륨,U+B968,0,0,0,0,0,0.16162109375,0.70751953125,0.15118408203125,2,nan,nan
륩,U+B969,0,0,0,0,0,0.15643310546875,0.68988037109375,0.1541748046875,3,nan,nan
륪,U+B96A,0,0,0,0,0,0.16302490234375,0.69427490234375,0.15386962890625,5,nan,nan
륫,U+B96B,0,0,0,0,0,0.13824462890625,0.7890625,0.13433837890625,5,nan,nan
륬,U+B96C,0,0,0,0,0,0.146728515625,0.70953369140625,0.141357421875,6,nan,nan
륭,U+B96D,0,0,0,0,0,0.12652587890625,0.6976318359375,0.1165771484375,3,nan,nan
륮,U+B96E,0,0,1,1,0,0.15899658203125,0.6976318359375,0.145751953125,3,nan,nan
륯,U+B96F,0,0,0,0,0,0.1654052734375,0.671875,0.1478271484375,2,nan,nan
륰,U+B970,0,0,1,1,0,0.14776611328125,0.70751953125,0.15667724609375,5,nan,nan
륱,U+B971,0,0,1,1,0,0.16845703125,0.6484375,0.1552734375,3,nan,nan
륲,U+B972,0,0,0,0,0,0.18670654296875,0.67901611328125,0.18255615234375,2,nan,nan
륳,U+B973,0,0,0,0,0,0.09405517578125,0.6640625,0.10528564453125,10,nan,nan
르,U+B974,0,0,0,0,0,0.07110595703125,0.39111328125,0.07403564453125,2,nan,nan
륵,U+B975,0,0,0,0,0,0.112548828125,0.6201171875,0.10919189453125,5,nan,nan
륶,U+B976,0,0,1,1,0,0.1385498046875,0.700927734375,0.1397705078125,4,nan,nan
륷,U+B977,0,0,0,0,0,0.14263916015625,0.71142578125,0.1318359375,5,nan,nan
른,U+B978,0,0,0,0,0,0.1199951171875,0.750732421875,0.11126708984375,3,nan,nan
륹,U+B979,0,0,1,1,0,0.14056396484375,0.70751953125,0.1368408203125,4,nan,nan
륺,U+B97A,0,0,1,1,0,0.1588134765625,0.74169921875,0.16717529296875,4,nan,nan
륻,U+B97B,0,0,1,1,0,0.140869140625,0.630615234375,0.12322998046875,3,nan,nan
를,U+B97C,0,0,0,0,0,0.1429443359375,0.609375,0.1337890625,3,nan,nan
륽,U+B97D,0,0,0,0,0,0.16705322265625,0.71875,0.1549072265625,6,nan,nan
륾,U+B97E,0,0,0,0,0,0.1842041015625,0.703125,0.1719970703125,8,nan,nan
륿,U+B97F,0,0,0,0,0,0.17864990234375,0.703125,0.1783447265625,5,nan,nan
릀,U+B980,0,0,0,0,0,0.18048095703125,0.7734375,0.16558837890625,4,nan,nan
릁,U+B981,0,0,0,0,0,0.17877197265625,0.7305908203125,0.17852783203125,6,nan,nan
릂,U+B982,0,0,1,1,0,0.1956787109375,0.75189208984375,0.18060302734375,7,nan,nan
릃,U+B983,0,0,0,0,0,0.18133544921875,0.875,0.1898193359375,11,nan,nan
름,U+B984,0,0,0,0,0,0.13421630859375,0.7152099609375,0.131103515625,3,nan,nan
릅,U+B985,0,0,0,0,0,0.15655517578125,0.6796875,0.1339111328125,4,nan,nan
릆,U+B986,0,0,0,0,0,0.1629638671875,0.6767578125,0.14697265625,3,nan,nan
릇,U+B987,0,0,0,0,0,0.1163330078125,0.7371826171875,0.10638427734375,3,nan,nan
릈,U+B988,0,0,0,0,0,0.15283203125,0.7921142578125,0.13311767578125,5,nan,nan
릉,U+B989,0,0,0,0,0,0.118896484375,0.658447265625,0.11322021484375,3,nan,nan
릊,U+B98A,0,0,1,1,0,0.14453125,0.6875,0.12738037109375,4,nan,nan
릋,U+B98B,0,0,0,0,0,0.16290283203125,0.7890625,0.138916015625,4,nan,nan
릌,U+B98C,0,0,1,1,0,0.13128662109375,0.6875,0.126708984375,5,nan,nan
릍,U+B98D,0,0,1,1,0,0.14935302734375,0.5921630859375,0.13055419921875,5,nan,nan
릎,U+B98E,0,0,0,0,0,0.18292236328125,0.7578125,0.1575927734375,5,nan,nan
릏,U+B98F,0,0,0,0,0,0.13623046875,0.70538330078125,0.13671875,3,nan,nan
릐,U+B990,0,0,0,0,0,0.10125732421875,0.39007568359375,0.09814453125,2,nan,nan
릑,U+B991,0,0,0,0,0,0.1201171875,0.5419921875,0.11590576171875,4,nan,nan
릒,U+B992,0,0,1,1,0,0.1300048828125,0.537353515625,0.13232421875,3,nan,nan
릓,U+B993,0,0,0,0,0,0.1531982421875,0.6796875,0.14208984375,5,nan,nan
릔,U+B994,0,0,0,0,0,0.1392822265625,0.6180419921875,0.1324462890625,4,nan,nan
릕,U+B995,0,0,1,1,0,0.12103271484375,0.661376953125,0.1304931640625,5,nan,nan
릖,U+B996,0,0,1,1,0,0.12615966796875,0.60272216796875,0.150634765625,8,nan,nan
릗,U+B997,0,0,1,1,0,0.13800048828125,0.5645751953125,0.13018798828125,4,nan,nan
릘,U+B998,0,0,0,0,0,0.13323974609375,0.5625,0.1351318359375,7,nan,nan
릙,U+B999,0,0,0,0,0,0.14947509765625,0.5625,0.1519775390625,5,nan,nan
릚,U+B99A,0,0,0,0,0,0.17364501953125,0.61236572265625,0.1732177734375,5,nan,nan
릛,U+B99B,0,0,0,0,0,0.13275146484375,0.59375,0.14703369140625,7,nan,nan
릜,U+B99C,0,0,0,0,0,0.1519775390625,0.671875,0.15789794921875,6,nan,nan
릝,U+B99D,0,0,0,0,0,0.13494873046875,0.671875,0.14825439453125,8,nan,nan
릞,U+B99E,0,0,1,1,0,0.14483642578125,0.671875,0.16455078125,8,nan,nan
릟,U+B99F,0,0,0,0,0,0.18182373046875,0.6875,0.18328857421875,5,nan,nan
릠,U+B9A0,0,0,0,0,0,0.13177490234375,0.544921875,0.13153076171875,4,nan,nan
릡,U+B9A1,0,0,0,0,0,0.15362548828125,0.55035400390625,0.15020751953125,5,nan,nan
릢,U+B9A2,0,0,0,0,0,0.14825439453125,0.6484375,0.14251708984375,6,nan,nan
릣,U+B9A3,0,0,0,0,0,0.13299560546875,0.57861328125,0.1351318359375,4,nan,nan
릤,U+B9A4,0,0,0,0,0,0.15185546875,0.6796875,0.14361572265625,6,nan,nan
릥,U+B9A5,0,0,0,0,0,0.1422119140625,0.5537109375,0.12615966796875,6,nan,nan
릦,U+B9A6,0,0,1,1,0,0.161376953125,0.6328125,0.14520263671875,4,nan,nan
릧,U+B9A7,0,0,0,0,0,0.15765380859375,0.625,0.14984130859375,6,nan,nan
릨,U+B9A8,0,0,1,1,0,0.1549072265625,0.6171875,0.14013671875,5,nan,nan
릩,U+B9A9,0,0,1,1,0,0.13775634765625,0.5115966796875,0.13909912109375,5,nan,nan
릪,U+B9AA,0,0,0,0,0,0.10150146484375,0.6171875,0.11822509765625,8,nan,nan
릫,U+B9AB,0,0,0,0,0,0.15350341796875,0.578125,0.141357421875,6,nan,nan
리,U+B9AC,0,0,0,0,0,0.09503173828125,0.4940185546875,0.095703125,3,nan,nan
릭,U+B9AD,0,0,0,0,0,0.1129150390625,0.5625,0.11273193359375,4,nan,nan
릮,U+B9AE,0,0,1,1,0,0.123046875,0.6484375,0.11932373046875,5,nan,nan
릯,U+B9AF,0,0,0,0,0,0.11932373046875,0.65887451171875,0.12347412109375,3,nan,nan
린,U+B9B0,0,0,0,0,0,0.09429931640625,0.561767578125,0.10137939453125,4,nan,nan
릱,U+B9B1,0,0,1,1,0,0.1160888671875,0.666015625,0.11883544921875,4,nan,nan
릲,U+B9B2,0,0,1,1,0,0.1275634765625,0.578125,0.12835693359375,4,nan,nan
릳,U+B9B3,0,0,1,1,0,0.09515380859375,0.53173828125,0.11688232421875,5,nan,nan
릴,U+B9B4,0,0,0,0,0,0.1129150390625,0.527099609375,0.12994384765625,4,nan,nan
릵,U+B9B5,0,0,0,0,0,0.13177490234375,0.589111328125,0.1409912109375,4,nan,nan
릶,U+B9B6,0,0,0,0,0,0.1339111328125,0.609375,0.14276123046875,4,nan,nan
릷,U+B9B7,0,0,0,0,0,0.1256103515625,0.5859375,0.142578125,6,nan,nan
릸,U+B9B8,0,0,0,0,0,0.144775390625,0.6796875,0.15380859375,6,nan,nan
릹,U+B9B9,0,0,0,0,0,0.1260986328125,0.6484375,0.1517333984375,5,nan,nan
릺,U+B9BA,0,0,1,1,0,0.1337890625,0.65625,0.14849853515625,4,nan,nan
릻,U+B9BB,0,0,0,0,0,0.141845703125,0.67437744140625,0.1630859375,8,nan,nan
림,U+B9BC,0,0,0,0,0,0.117919921875,0.57220458984375,0.12921142578125,2,nan,nan
립,U+B9BD,0,0,0,0,0,0.11810302734375,0.5426025390625,0.1243896484375,3,nan,nan
릾,U+B9BE,0,0,0,0,0,0.129150390625,0.64599609375,0.13348388671875,6,nan,nan
릿,U+B9BF,0,0,0,0,0,0.11669921875,0.5950927734375,0.11663818359375,3,nan,nan
맀,U+B9C0,0,0,0,0,0,0.13055419921875,0.7421875,0.1265869140625,5,nan,nan
링,U+B9C1,0,0,0,0,0,0.12310791015625,0.50537109375,0.09942626953125,3,nan,nan
맂,U+B9C2,0,0,1,1,0,0.12908935546875,0.6171875,0.12579345703125,3,nan,nan
맃,U+B9C3,0,0,0,0,0,0.12139892578125,0.5703125,0.12933349609375,4,nan,nan
맄,U+B9C4,0,0,1,1,0,0.11956787109375,0.5645751953125,0.120849609375,3,nan,nan
맅,U+B9C5,0,0,1,1,0,0.12078857421875,0.522216796875,0.1337890625,3,nan,nan
맆,U+B9C6,0,0,0,0,0,0.12060546875,0.6953125,0.11993408203125,3,nan,nan
맇,U+B9C7,0,0,0,0,0,0.1168212890625,0.5340576171875,0.10113525390625,6,nan,nan
마,U+B9C8,0,0,0,0,1,0.09234619140625,0.6875,0.11004638671875,2,25.74679274902787,0.9669516767649108
막,U+B9C9,0,0,0,0,0,0.1011962890625,0.7421875,0.11346435546875,3,nan,nan
맊,U+B9CA,0,0,1,1,0,0.10223388671875,0.61236572265625,0.1209716796875,6,nan,nan
맋,U+B9CB,0,0,0,0,0,0.1031494140625,0.60809326171875,0.133544921875,6,nan,nan
만,U+B9CC,0,0,0,0,0,0.0692138671875,0.62255859375,0.08551025390625,5,nan,nan
맍,U+B9CD,0,0,1,1,0,0.106689453125,0.640625,0.13238525390625,5,nan,nan
많,U+B9CE,0,0,1,1,0,0.1014404296875,0.6356201171875,0.126953125,6,nan,nan
맏,U+B9CF,0,0,1,1,0,0.09576416015625,0.5545654296875,0.106201171875,3,nan,nan
말,U+B9D0,0,0,0,0,0,0.0875244140625,0.5908203125,0.11505126953125,7,nan,nan
맑,U+B9D1,0,0,0,0,0,0.11187744140625,0.64337158203125,0.14410400390625,7,nan,nan
맒,U+B9D2,0,0,0,0,0,0.1358642578125,0.6640625,0.16064453125,7,nan,nan
맓,U+B9D3,0,0,0,0,0,0.111328125,0.6356201171875,0.155029296875,8,nan,nan
맔,U+B9D4,0,0,0,0,0,0.12530517578125,0.6484375,0.146484375,7,nan,nan
맕,U+B9D5,0,0,0,0,0,0.09490966796875,0.60546875,0.1292724609375,12,nan,nan
맖,U+B9D6,0,0,1,1,0,0.12060546875,0.61236572265625,0.1578369140625,7,nan,nan
맗,U+B9D7,0,0,0,0,0,0.11285400390625,0.599853515625,0.1522216796875,12,nan,nan
맘,U+B9D8,0,0,0,0,0,0.10064697265625,0.57806396484375,0.12127685546875,3,nan,nan
맙,U+B9D9,0,0,0,0,0,0.10284423828125,0.542724609375,0.1048583984375,3,nan,nan
맚,U+B9DA,0,0,0,0,0,0.10687255859375,0.5712890625,0.127685546875,5,nan,nan
맛,U+B9DB,0,0,0,0,0,0.11187744140625,0.64599609375,0.11627197265625,5,nan,nan
맜,U+B9DC,0,0,0,0,0,0.125,0.651123046875,0.1297607421875,4,nan,nan
망,U+B9DD,0,0,0,0,0,0.1116943359375,0.6356201171875,0.09808349609375,6,nan,nan
맞,U+B9DE,0,0,1,1,0,0.08636474609375,0.60272216796875,0.11053466796875,7,nan,nan
맟,U+B9DF,0,0,0,0,0,0.10906982421875,0.6046142578125,0.1182861328125,5,nan,nan
맠,U+B9E0,0,0,1,1,0,0.1063232421875,0.62786865234375,0.1197509765625,4,nan,nan
맡,U+B9E1,0,0,1,1,0,0.10235595703125,0.56396484375,0.12127685546875,3,nan,nan
맢,U+B9E2,0,0,0,0,0,0.1302490234375,0.561279296875,0.13372802734375,4,nan,nan
맣,U+B9E3,0,0,0,0,0,0.115966796875,0.62060546875,0.113037109375,6,nan,nan
매,U+B9E4,0,0,0,0,0,0.1104736328125,0.54052734375,0.113525390625,2,nan,nan
맥,U+B9E5,0,0,0,0,0,0.11773681640625,0.59033203125,0.133056640625,3,nan,nan
맦,U+B9E6,0,0,1,1,0,0.12188720703125,0.72088623046875,0.13861083984375,6,nan,nan
맧,U+B9E7,0,0,0,0,0,0.128662109375,0.6536865234375,0.13787841796875,5,nan,nan
맨,U+B9E8,0,0,0,0,0,0.11370849609375,0.625,0.12744140625,3,nan,nan
맩,U+B9E9,0,0,1,1,0,0.15399169921875,0.7613525390625,0.1680908203125,7,nan,nan
맪,U+B9EA,0,0,1,1,0,0.14385986328125,0.71875,0.1494140625,6,nan,nan
맫,U+B9EB,0,0,1,1,0,0.11474609375,0.5767822265625,0.13446044921875,3,nan,nan
맬,U+B9EC,0,0,0,0,0,0.14324951171875,0.640625,0.1571044921875,3,nan,nan
맭,U+B9ED,0,0,0,0,0,0.150390625,0.765625,0.17474365234375,11,nan,nan
맮,U+B9EE,0,0,0,0,0,0.1602783203125,0.640625,0.18096923828125,2,nan,nan
맯,U+B9EF,0,0,0,0,0,0.13482666015625,0.78125,0.169189453125,13,nan,nan
맰,U+B9F0,0,0,0,0,0,0.13531494140625,0.64599609375,0.16705322265625,10,nan,nan
맱,U+B9F1,0,0,0,0,0,0.156494140625,0.7613525390625,0.18304443359375,8,nan,nan
맲,U+B9F2,0,0,1,1,0,0.15460205078125,0.7305908203125,0.177978515625,7,nan,nan
맳,U+B9F3,0,0,0,0,0,0.1402587890625,0.78125,0.17462158203125,10,nan,nan
맴,U+B9F4,0,0,0,0,0,0.11566162109375,0.615234375,0.138916015625,3,nan,nan
맵,U+B9F5,0,0,0,0,0,0.11456298828125,0.5859375,0.14154052734375,5,nan,nan
맶,U+B9F6,0,0,0,0,0,0.14111328125,0.65887451171875,0.15338134765625,6,nan,nan
맷,U+B9F7,0,0,0,0,1,0.13336181640625,0.640625,0.13629150390625,3,23.7128831448142,0.9506966089520624
맸,U+B9F8,0,0,0,0,0,0.1461181640625,0.65625,0.1422119140625,3,nan,nan
맹,U+B9F9,0,0,0,0,0,0.130615234375,0.599853515625,0.1292724609375,3,nan,nan
맺,U+B9FA,0,0,1,1,0,0.125,0.64599609375,0.146240234375,9,nan,nan
맻,U+B9FB,0,0,0,0,0,0.1275634765625,0.599853515625,0.1427001953125,5,nan,nan
맼,U+B9FC,0,0,1,1,0,0.1175537109375,0.579833984375,0.13720703125,5,nan,nan
맽,U+B9FD,0,0,1,1,0,0.13323974609375,0.6796875,0.157958984375,8,nan,nan
맾,U+B9FE,0,0,0,0,0,0.140380859375,0.6484375,0.1641845703125,5,nan,nan
맿,U+B9FF,0,0,0,0,0,0.14208984375,0.59375,0.1253662109375,7,nan,nan
먀,U+BA00,0,0,0,0,0,0.09796142578125,0.6220703125,0.10205078125,2,nan,nan
먁,U+BA01,0,0,0,0,0,0.12396240234375,0.75,0.1241455078125,5,nan,nan
먂,U+BA02,0,0,1,1,0,0.1185302734375,0.6256103515625,0.125732421875,5,nan,nan
먃,U+BA03,0,0,0,0,0,0.12908935546875,0.6796875,0.1380615234375,6,nan,nan
먄,U+BA04,0,0,0,0,0,0.12628173828125,0.666015625,0.114501953125,3,nan,nan
먅,U+BA05,0,0,1,1,0,0.15130615234375,0.66815185546875,0.1463623046875,5,nan,nan
먆,U+BA06,0,0,1,1,0,0.13836669921875,0.6875,0.1544189453125,9,nan,nan
먇,U+BA07,0,0,1,1,0,0.124755859375,0.65887451171875,0.11956787109375,3,nan,nan
먈,U+BA08,0,0,0,0,0,0.13916015625,0.6875,0.14178466796875,4,nan,nan
먉,U+BA09,0,0,0,0,0,0.13079833984375,0.7265625,0.1422119140625,10,nan,nan
먊,U+BA0A,0,0,0,0,0,0.14306640625,0.7109375,0.16278076171875,10,nan,nan
먋,U+BA0B,0,0,0,0,0,0.14019775390625,0.7109375,0.16827392578125,7,nan,nan
먌,U+BA0C,0,0,0,0,0,0.1651611328125,0.71875,0.1524658203125,5,nan,nan
먍,U+BA0D,0,0,0,0,0,0.128173828125,0.671875,0.1546630859375,8,nan,nan
먎,U+BA0E,0,0,1,1,0,0.13909912109375,0.6796875,0.160400390625,7,nan,nan
먏,U+BA0F,0,0,0,0,0,0.11456298828125,0.671875,0.12353515625,7,nan,nan
먐,U+BA10,0,0,0,0,0,0.12628173828125,0.628173828125,0.1253662109375,3,nan,nan
먑,U+BA11,0,0,0,0,0,0.1181640625,0.671875,0.12261962890625,3,nan,nan
먒,U+BA12,0,0,0,0,0,0.14068603515625,0.65087890625,0.1463623046875,5,nan,nan
먓,U+BA13,0,0,0,0,0,0.11181640625,0.7286376953125,0.12158203125,4,nan,nan
먔,U+BA14,0,0,0,0,0,0.13946533203125,0.720703125,0.14990234375,4,nan,nan
먕,U+BA15,0,0,0,0,0,0.1280517578125,0.6767578125,0.1375732421875,5,nan,nan
먖,U+BA16,0,0,1,1,0,0.141357421875,0.62060546875,0.13037109375,5,nan,nan
먗,U+BA17,0,0,0,0,0,0.12445068359375,0.6156005859375,0.1217041015625,4,nan,nan
먘,U+BA18,0,0,1,1,0,0.133056640625,0.6690673828125,0.13104248046875,3,nan,nan
먙,U+BA19,0,0,1,1,0,0.11492919921875,0.579833984375,0.1239013671875,3,nan,nan
먚,U+BA1A,0,0,0,0,0,0.13665771484375,0.6180419921875,0.13958740234375,4,nan,nan
먛,U+BA1B,0,0,0,0,0,0.119384765625,0.671875,0.116455078125,4,nan,nan
먜,U+BA1C,0,0,0,0,0,0.1185302734375,0.6351318359375,0.133056640625,2,nan,nan
먝,U+BA1D,0,0,0,0,0,0.12982177734375,0.63323974609375,0.1466064453125,4,nan,nan
먞,U+BA1E,0,0,1,1,0,0.13690185546875,0.61236572265625,0.148193359375,3,nan,nan
먟,U+BA1F,0,0,0,0,0,0.13134765625,0.6767578125,0.13916015625,5,nan,nan
먠,U+BA20,0,0,0,0,0,0.13873291015625,0.8203125,0.14788818359375,8,nan,nan
먡,U+BA21,0,0,1,1,0,0.16796875,0.7578125,0.17633056640625,5,nan,nan
먢,U+BA22,0,0,1,1,0,0.1748046875,0.658447265625,0.17291259765625,7,nan,nan
먣,U+BA23,0,0,1,1,0,0.12518310546875,0.59307861328125,0.14404296875,3,nan,nan
먤,U+BA24,0,0,0,0,0,0.156005859375,0.6357421875,0.165771484375,4,nan,nan
먥,U+BA25,0,0,0,0,0,0.15228271484375,0.75,0.162353515625,5,nan,nan
먦,U+BA26,0,0,0,0,0,0.15447998046875,0.6328125,0.18377685546875,6,nan,nan
먧,U+BA27,0,0,0,0,0,0.150146484375,0.6201171875,0.17327880859375,7,nan,nan
먨,U+BA28,0,0,0,0,0,0.171142578125,0.671875,0.16949462890625,6,nan,nan
먩,U+BA29,0,0,0,0,0,0.14788818359375,0.8203125,0.183837890625,8,nan,nan
먪,U+BA2A,0,0,1,1,0,0.13861083984375,0.71875,0.16986083984375,11,nan,nan
먫,U+BA2B,0,0,0,0,0,0.16400146484375,0.6796875,0.17626953125,13,nan,nan
먬,U+BA2C,0,0,0,0,0,0.14691162109375,0.78289794921875,0.15386962890625,4,nan,nan
먭,U+BA2D,0,0,0,0,0,0.13037109375,0.7265625,0.14556884765625,4,nan,nan
먮,U+BA2E,0,0,0,0,0,0.14068603515625,0.65625,0.157958984375,5,nan,nan
먯,U+BA2F,0,0,0,0,0,0.140380859375,0.64337158203125,0.1434326171875,5,nan,nan
먰,U+BA30,0,0,0,0,0,0.15765380859375,0.671875,0.155517578125,3,nan,nan
먱,U+BA31,0,0,0,0,0,0.15618896484375,0.6383056640625,0.13189697265625,3,nan,nan
먲,U+BA32,0,0,1,1,0,0.15460205078125,0.6640625,0.15655517578125,3,nan,nan
먳,U+BA33,0,0,0,0,0,0.144775390625,0.6484375,0.1510009765625,4,nan,nan
먴,U+BA34,0,0,1,1,0,0.1370849609375,0.58746337890625,0.1494140625,5,nan,nan
먵,U+BA35,0,0,1,1,0,0.1455078125,0.60546875,0.1519775390625,5,nan,nan
먶,U+BA36,0,0,0,0,0,0.1458740234375,0.6536865234375,0.16619873046875,6,nan,nan
먷,U+BA37,0,0,0,0,0,0.15753173828125,0.640625,0.14666748046875,8,nan,nan
머,U+BA38,0,0,0,0,0,0.09112548828125,0.51025390625,0.08856201171875,3,nan,nan
먹,U+BA39,0,0,0,0,0,0.1046142578125,0.5703125,0.11309814453125,3,nan,nan
먺,U+BA3A,0,0,1,1,0,0.1142578125,0.567626953125,0.1207275390625,6,nan,nan
먻,U+BA3B,0,0,0,0,0,0.1090087890625,0.6356201171875,0.12396240234375,3,nan,nan
먼,U+BA3C,0,0,0,0,0,0.10394287109375,0.6953125,0.1143798828125,4,nan,nan
먽,U+BA3D,0,0,1,1,0,0.13177490234375,0.65625,0.127197265625,4,nan,nan
먾,U+BA3E,0,0,1,1,0,0.154296875,0.640625,0.1534423828125,6,nan,nan
먿,U+BA3F,0,0,1,1,0,0.10455322265625,0.537353515625,0.11090087890625,2,nan,nan
멀,U+BA40,0,0,0,0,0,0.14154052734375,0.59375,0.13671875,4,nan,nan
멁,U+BA41,0,0,0,0,0,0.13677978515625,0.625,0.1512451171875,7,nan,nan
멂,U+BA42,0,0,0,0,1,0.15435791015625,0.640625,0.17376708984375,3,23.03445526335152,0.9502869363112586
멃,U+BA43,0,0,0,0,0,0.13104248046875,0.722900390625,0.1611328125,17,nan,nan
멄,U+BA44,0,0,0,0,0,0.14764404296875,0.671875,0.1513671875,6,nan,nan
멅,U+BA45,0,0,0,0,0,0.15252685546875,0.6328125,0.16705322265625,4,nan,nan
멆,U+BA46,0,0,1,1,0,0.15966796875,0.7265625,0.1749267578125,6,nan,nan
멇,U+BA47,0,0,0,0,0,0.14544677734375,0.78125,0.1566162109375,8,nan,nan
멈,U+BA48,0,0,0,0,0,0.1136474609375,0.578125,0.12738037109375,5,nan,nan
멉,U+BA49,0,0,0,0,0,0.10955810546875,0.6646728515625,0.12078857421875,4,nan,nan
멊,U+BA4A,0,0,0,0,0,0.130615234375,0.7421875,0.14892578125,11,nan,nan
멋,U+BA4B,0,0,0,0,0,0.131591796875,0.7152099609375,0.11932373046875,3,nan,nan
멌,U+BA4C,0,0,0,0,0,0.14923095703125,0.65625,0.1397705078125,4,nan,nan
멍,U+BA4D,0,0,0,0,0,0.12554931640625,0.5555419921875,0.11627197265625,2,nan,nan
멎,U+BA4E,0,0,1,1,0,0.1319580078125,0.7596435546875,0.12896728515625,5,nan,nan
멏,U+BA4F,0,0,0,0,0,0.13482666015625,0.8515625,0.1378173828125,6,nan,nan
멐,U+BA50,0,0,1,1,0,0.11285400390625,0.5555419921875,0.12066650390625,5,nan,nan
멑,U+BA51,0,0,1,1,0,0.12158203125,0.4874267578125,0.1326904296875,2,nan,nan
멒,U+BA52,0,0,0,0,0,0.1356201171875,0.6121826171875,0.15216064453125,8,nan,nan
멓,U+BA53,0,0,0,0,0,0.12628173828125,0.578125,0.12005615234375,4,nan,nan
메,U+BA54,0,0,0,0,0,0.12139892578125,0.5555419921875,0.114013671875,2,nan,nan
멕,U+BA55,0,0,0,0,0,0.1158447265625,0.556640625,0.1298828125,4,nan,nan
멖,U+BA56,0,0,1,1,0,0.12420654296875,0.60272216796875,0.13885498046875,9,nan,nan
멗,U+BA57,0,0,0,0,0,0.1356201171875,0.6484375,0.14239501953125,5,nan,nan
멘,U+BA58,0,0,0,0,0,0.13275146484375,0.59375,0.13494873046875,3,nan,nan
멙,U+BA59,0,0,1,1,0,0.1527099609375,0.6536865234375,0.1651611328125,3,nan,nan
멚,U+BA5A,0,0,1,1,0,0.15679931640625,0.640625,0.16162109375,10,nan,nan
멛,U+BA5B,0,0,1,1,0,0.11370849609375,0.5751953125,0.131103515625,4,nan,nan
멜,U+BA5C,0,0,0,0,0,0.145751953125,0.58447265625,0.16448974609375,5,nan,nan
멝,U+BA5D,0,0,0,0,0,0.138671875,0.78125,0.17034912109375,10,nan,nan
멞,U+BA5E,0,0,0,0,0,0.151123046875,0.6256103515625,0.17437744140625,4,nan,nan
멟,U+BA5F,0,0,0,0,0,0.1466064453125,0.609375,0.171630859375,6,nan,nan
멠,U+BA60,0,0,0,0,0,0.15118408203125,0.63323974609375,0.16546630859375,5,nan,nan
멡,U+BA61,0,0,0,0,0,0.13916015625,0.7274169921875,0.18048095703125,13,nan,nan
멢,U+BA62,0,0,1,1,0,0.14959716796875,0.630615234375,0.16241455078125,6,nan,nan
멣,U+BA63,0,0,0,0,0,0.150634765625,0.732421875,0.17041015625,8,nan,nan
멤,U+BA64,0,0,0,0,0,0.11834716796875,0.589111328125,0.1461181640625,4,nan,nan
멥,U+BA65,0,0,0,0,0,0.1187744140625,0.53912353515625,0.1297607421875,5,nan,nan
멦,U+BA66,0,0,0,0,0,0.138916015625,0.5977783203125,0.15325927734375,10,nan,nan
멧,U+BA67,0,0,0,0,0,0.12994384765625,0.7421875,0.13427734375,13,nan,nan
멨,U+BA68,0,0,0,0,0,0.1484375,0.6640625,0.15057373046875,6,nan,nan
멩,U+BA69,0,0,0,0,0,0.13970947265625,0.59375,0.1307373046875,4,nan,nan
멪,U+BA6A,0,0,1,1,0,0.1380615234375,0.6484375,0.15081787109375,5,nan,nan
멫,U+BA6B,0,0,0,0,0,0.1380615234375,0.78125,0.1517333984375,7,nan,nan
멬,U+BA6C,0,0,1,1,0,0.1429443359375,0.703125,0.15460205078125,6,nan,nan
멭,U+BA6D,0,0,1,1,0,0.1451416015625,0.630615234375,0.160888671875,6,nan,nan
멮,U+BA6E,0,0,0,0,0,0.1551513671875,0.784423828125,0.1605224609375,4,nan,nan
멯,U+BA6F,0,0,0,0,0,0.1334228515625,0.5625,0.12969970703125,8,nan,nan
며,U+BA70,0,0,0,0,0,0.09661865234375,0.505615234375,0.10003662109375,2,nan,nan
멱,U+BA71,0,0,0,0,0,0.10833740234375,0.59375,0.1197509765625,4,nan,nan
멲,U+BA72,0,0,1,1,0,0.126708984375,0.764404296875,0.14495849609375,8,nan,nan
멳,U+BA73,0,0,0,0,0,0.1231689453125,0.613037109375,0.1337890625,7,nan,nan
면,U+BA74,0,0,0,0,0,0.09869384765625,0.5103759765625,0.11285400390625,4,nan,nan
멵,U+BA75,0,0,1,1,0,0.14117431640625,0.775146484375,0.15240478515625,7,nan,nan
멶,U+BA76,0,0,1,1,0,0.13873291015625,0.63720703125,0.14178466796875,6,nan,nan
멷,U+BA77,0,0,1,1,0,0.121337890625,0.55810546875,0.13714599609375,2,nan,nan
멸,U+BA78,0,0,0,0,0,0.14385986328125,0.796875,0.14739990234375,4,nan,nan
멹,U+BA79,0,0,0,0,0,0.147705078125,0.74462890625,0.15704345703125,4,nan,nan
멺,U+BA7A,0,0,0,0,0,0.13739013671875,0.6328125,0.15252685546875,4,nan,nan
멻,U+BA7B,0,0,0,0,0,0.1435546875,0.57379150390625,0.16558837890625,6,nan,nan
멼,U+BA7C,0,0,0,0,0,0.1552734375,0.640625,0.15985107421875,4,nan,nan
멽,U+BA7D,0,0,0,0,0,0.13165283203125,0.5584716796875,0.1517333984375,6,nan,nan
멾,U+BA7E,0,0,1,1,0,0.1414794921875,0.692138671875,0.15423583984375,9,nan,nan
멿,U+BA7F,0,0,0,0,0,0.15789794921875,0.69427490234375,0.1644287109375,11,nan,nan
몀,U+BA80,0,0,0,0,0,0.11767578125,0.54473876953125,0.1304931640625,3,nan,nan
몁,U+BA81,0,0,0,0,0,0.12139892578125,0.6942138671875,0.12677001953125,5,nan,nan
몂,U+BA82,0,0,0,0,0,0.1280517578125,0.6640625,0.1444091796875,7,nan,nan
몃,U+BA83,0,0,0,0,0,0.13140869140625,0.734375,0.12359619140625,5,nan,nan
몄,U+BA84,0,0,0,0,0,0.13623046875,0.65625,0.138916015625,8,nan,nan
명,U+BA85,0,0,0,0,0,0.1297607421875,0.551025390625,0.1253662109375,2,nan,nan
몆,U+BA86,0,0,1,1,0,0.13702392578125,0.765625,0.13922119140625,3,nan,nan
몇,U+BA87,0,0,0,0,1,0.15106201171875,0.65625,0.15362548828125,4,23.452783035961467,0.9515474610410815
몈,U+BA88,0,0,1,1,0,0.12994384765625,0.66815185546875,0.13055419921875,4,nan,nan
몉,U+BA89,0,0,1,1,0,0.12945556640625,0.53466796875,0.14007568359375,3,nan,nan
몊,U+BA8A,0,0,0,0,0,0.1412353515625,0.703857421875,0.15728759765625,8,nan,nan
몋,U+BA8B,0,0,0,0,0,0.1158447265625,0.58831787109375,0.1251220703125,10,nan,nan
몌,U+BA8C,0,0,0,0,0,0.1243896484375,0.58258056640625,0.12860107421875,4,nan,nan
몍,U+BA8D,0,0,0,0,0,0.1297607421875,0.62786865234375,0.14556884765625,3,nan,nan
몎,U+BA8E,0,0,1,1,0,0.13983154296875,0.7459716796875,0.1524658203125,7,nan,nan
몏,U+BA8F,0,0,0,0,0,0.1441650390625,0.6484375,0.15203857421875,8,nan,nan
몐,U+BA90,0,0,0,0,0,0.1436767578125,0.6328125,0.1468505859375,6,nan,nan
몑,U+BA91,0,0,1,1,0,0.152587890625,0.6640625,0.1641845703125,5,nan,nan
몒,U+BA92,0,0,1,1,0,0.14532470703125,0.640625,0.16046142578125,6,nan,nan
몓,U+BA93,0,0,1,1,0,0.1329345703125,0.56414794921875,0.14508056640625,6,nan,nan
몔,U+BA94,0,0,0,0,0,0.15594482421875,0.613037109375,0.167724609375,6,nan,nan
몕,U+BA95,0,0,0,0,0,0.150390625,0.7734375,0.18023681640625,9,nan,nan
몖,U+BA96,0,0,0,0,0,0.16387939453125,0.7286376953125,0.1859130859375,5,nan,nan
몗,U+BA97,0,0,0,0,0,0.15521240234375,0.56866455078125,0.1861572265625,6,nan,nan
몘,U+BA98,0,0,0,0,0,0.1558837890625,0.79840087890625,0.17242431640625,5,nan,nan
몙,U+BA99,0,0,0,0,0,0.141357421875,0.613037109375,0.18365478515625,7,nan,nan
몚,U+BA9A,0,0,1,1,0,0.1571044921875,0.5401611328125,0.18304443359375,5,nan,nan
몛,U+BA9B,0,0,0,0,0,0.1649169921875,0.651123046875,0.1851806640625,7,nan,nan
몜,U+BA9C,0,0,0,0,0,0.13555908203125,0.787109375,0.154052734375,5,nan,nan
몝,U+BA9D,0,0,0,0,0,0.13677978515625,0.75,0.15673828125,6,nan,nan
몞,U+BA9E,0,0,0,0,0,0.13690185546875,0.62548828125,0.14813232421875,7,nan,nan
몟,U+BA9F,0,0,0,0,0,0.1510009765625,0.76739501953125,0.15032958984375,4,nan,nan
몠,U+BAA0,0,0,0,0,0,0.162109375,0.72125244140625,0.15625,6,nan,nan
몡,U+BAA1,0,0,0,0,0,0.15557861328125,0.609375,0.13580322265625,5,nan,nan
몢,U+BAA2,0,0,1,1,0,0.13934326171875,0.67901611328125,0.15301513671875,9,nan,nan
몣,U+BAA3,0,0,0,0,0,0.1343994140625,0.625,0.14959716796875,5,nan,nan
몤,U+BAA4,0,0,1,1,0,0.14031982421875,0.71636962890625,0.15423583984375,6,nan,nan
몥,U+BAA5,0,0,1,1,0,0.14495849609375,0.753662109375,0.16156005859375,7,nan,nan
몦,U+BAA6,0,0,0,0,0,0.159423828125,0.765625,0.1676025390625,8,nan,nan
몧,U+BAA7,0,0,0,0,0,0.1346435546875,0.609375,0.1337890625,7,nan,nan
모,U+BAA8,0,0,0,0,0,0.08740234375,0.4808349609375,0.0869140625,2,nan,nan
목,U+BAA9,0,0,0,0,0,0.1280517578125,0.6953125,0.12322998046875,4,nan,nan
몪,U+BAAA,0,0,1,1,0,0.1153564453125,0.671875,0.14068603515625,12,nan,nan
몫,U+BAAB,0,0,0,0,0,0.133056640625,0.80615234375,0.14959716796875,5,nan,nan
몬,U+BAAC,0,0,0,0,0,0.12811279296875,0.78289794921875,0.1248779296875,6,nan,nan
몭,U+BAAD,0,0,1,1,0,0.1676025390625,0.84490966796875,0.1658935546875,6,nan,nan
몮,U+BAAE,0,0,1,1,0,0.18194580078125,0.8515625,0.1767578125,4,nan,nan
몯,U+BAAF,0,0,1,1,0,0.13153076171875,0.59686279296875,0.1236572265625,3,nan,nan
몰,U+BAB0,0,0,0,0,0,0.149169921875,0.7421875,0.1507568359375,3,nan,nan
몱,U+BAB1,0,0,0,0,0,0.1622314453125,0.8359375,0.1778564453125,12,nan,nan
몲,U+BAB2,0,0,0,0,1,0.192138671875,0.8125,0.1976318359375,3,22.440545070316972,0.941155770663044
몳,U+BAB3,0,0,0,0,0,0.1800537109375,0.875,0.19378662109375,7,nan,nan
몴,U+BAB4,0,0,0,0,0,0.1673583984375,0.8074951171875,0.1766357421875,6,nan,nan
몵,U+BAB5,0,0,0,0,0,0.1983642578125,0.86041259765625,0.20062255859375,7,nan,nan
몶,U+BAB6,0,0,1,1,0,0.19171142578125,0.828125,0.19476318359375,6,nan,nan
몷,U+BAB7,0,0,0,0,0,0.15740966796875,0.78125,0.17742919921875,8,nan,nan
몸,U+BAB8,0,0,0,0,0,0.15460205078125,0.82940673828125,0.16033935546875,4,nan,nan
몹,U+BAB9,0,0,0,0,0,0.138427734375,0.78582763671875,0.14154052734375,5,nan,nan
몺,U+BABA,0,0,0,0,0,0.17279052734375,0.718994140625,0.16241455078125,3,nan,nan
못,U+BABB,0,0,0,0,0,0.1312255859375,0.701904296875,0.13336181640625,3,nan,nan
몼,U+BABC,0,0,0,0,0,0.1671142578125,0.779541015625,0.1549072265625,5,nan,nan
몽,U+BABD,0,0,0,0,0,0.11053466796875,0.48663330078125,0.09197998046875,3,nan,nan
몾,U+BABE,0,0,1,1,0,0.14825439453125,0.7152099609375,0.14068603515625,6,nan,nan
몿,U+BABF,0,0,0,0,0,0.137451171875,0.703857421875,0.14141845703125,6,nan,nan
뫀,U+BAC0,0,0,1,1,0,0.14544677734375,0.734130859375,0.14874267578125,6,nan,nan
뫁,U+BAC1,0,0,1,1,0,0.154541015625,0.828125,0.1544189453125,3,nan,nan
뫂,U+BAC2,0,0,0,0,0,0.150146484375,0.8228759765625,0.150634765625,7,nan,nan
뫃,U+BAC3,0,0,0,0,0,0.13861083984375,0.73828125,0.140869140625,5,nan,nan
뫄,U+BAC4,0,0,0,0,0,0.12255859375,0.63494873046875,0.11456298828125,3,nan,nan
뫅,U+BAC5,0,0,0,0,0,0.13897705078125,0.7520751953125,0.13763427734375,5,nan,nan
뫆,U+BAC6,0,0,1,1,0,0.15789794921875,0.7578125,0.1568603515625,7,nan,nan
뫇,U+BAC7,0,0,0,0,0,0.1646728515625,0.75189208984375,0.158935546875,5,nan,nan
뫈,U+BAC8,0,0,0,0,0,0.1280517578125,0.74810791015625,0.13531494140625,4,nan,nan
뫉,U+BAC9,0,0,1,1,0,0.1514892578125,0.6953125,0.154052734375,5,nan,nan
뫊,U+BACA,0,0,1,1,0,0.14874267578125,0.6953125,0.162353515625,4,nan,nan
뫋,U+BACB,0,0,1,1,0,0.14166259765625,0.701904296875,0.14306640625,4,nan,nan
뫌,U+BACC,0,0,0,0,0,0.17633056640625,0.7421875,0.163818359375,4,nan,nan
뫍,U+BACD,0,0,0,0,0,0.14605712890625,0.7286376953125,0.16412353515625,11,nan,nan
뫎,U+BACE,0,0,0,0,0,0.17950439453125,0.75,0.19244384765625,4,nan,nan
뫏,U+BACF,0,0,0,0,0,0.15924072265625,0.7734375,0.1761474609375,11,nan,nan
뫐,U+BAD0,0,0,0,0,0,0.1588134765625,0.7734375,0.1695556640625,9,nan,nan
뫑,U+BAD1,0,0,0,0,0,0.1666259765625,0.7109375,0.175537109375,7,nan,nan
뫒,U+BAD2,0,0,1,1,0,0.16876220703125,0.68988037109375,0.1800537109375,8,nan,nan
뫓,U+BAD3,0,0,0,0,0,0.172607421875,0.72088623046875,0.17864990234375,5,nan,nan
뫔,U+BAD4,0,0,0,0,0,0.14849853515625,0.697265625,0.1473388671875,5,nan,nan
뫕,U+BAD5,0,0,0,0,0,0.14178466796875,0.7265625,0.14617919921875,4,nan,nan
뫖,U+BAD6,0,0,0,0,0,0.16534423828125,0.7596435546875,0.1650390625,6,nan,nan
뫗,U+BAD7,0,0,0,0,0,0.14886474609375,0.7998046875,0.140625,7,nan,nan
뫘,U+BAD8,0,0,0,0,0,0.1678466796875,0.775146484375,0.1566162109375,5,nan,nan
뫙,U+BAD9,0,0,0,0,0,0.1595458984375,0.8046875,0.1409912109375,7,nan,nan
뫚,U+BADA,0,0,1,1,0,0.15679931640625,0.68115234375,0.14886474609375,6,nan,nan
뫛,U+BADB,0,0,0,0,0,0.16229248046875,0.765625,0.1539306640625,3,nan,nan
뫜,U+BADC,0,0,1,1,0,0.1431884765625,0.6998291015625,0.14794921875,6,nan,nan
뫝,U+BADD,0,0,1,1,0,0.16766357421875,0.713134765625,0.16162109375,4,nan,nan
뫞,U+BADE,0,0,0,0,0,0.17315673828125,0.75189208984375,0.16754150390625,4,nan,nan
뫟,U+BADF,0,0,0,0,0,0.1536865234375,0.7596435546875,0.1361083984375,6,nan,nan
뫠,U+BAE0,0,0,0,0,0,0.12091064453125,0.49285888671875,0.1334228515625,3,nan,nan
뫡,U+BAE1,0,0,0,0,0,0.14404296875,0.6484375,0.152587890625,4,nan,nan
뫢,U+BAE2,0,0,1,1,0,0.1591796875,0.671875,0.163330078125,7,nan,nan
뫣,U+BAE3,0,0,0,0,0,0.1497802734375,0.6953125,0.16119384765625,5,nan,nan
뫤,U+BAE4,0,0,0,0,0,0.13525390625,0.643310546875,0.1563720703125,4,nan,nan
뫥,U+BAE5,0,0,1,1,0,0.141845703125,0.61065673828125,0.171142578125,8,nan,nan
뫦,U+BAE6,0,0,1,1,0,0.16998291015625,0.78125,0.19281005859375,5,nan,nan
뫧,U+BAE7,0,0,1,1,0,0.12890625,0.59033203125,0.15167236328125,4,nan,nan
뫨,U+BAE8,0,0,0,0,0,0.15618896484375,0.6456298828125,0.1798095703125,9,nan,nan
뫩,U+BAE9,0,0,0,0,0,0.154296875,0.656982421875,0.1805419921875,8,nan,nan
뫪,U+BAEA,0,0,0,0,0,0.15924072265625,0.640625,0.19195556640625,12,nan,nan
뫫,U+BAEB,0,0,0,0,0,0.15191650390625,0.573486328125,0.18768310546875,9,nan,nan
뫬,U+BAEC,0,0,0,0,0,0.162109375,0.671875,0.1884765625,7,nan,nan
뫭,U+BAED,0,0,0,0,0,0.16619873046875,0.71319580078125,0.20379638671875,9,nan,nan
뫮,U+BAEE,0,0,1,1,0,0.1617431640625,0.6298828125,0.19573974609375,9,nan,nan
뫯,U+BAEF,0,0,0,0,0,0.16748046875,0.6329345703125,0.197998046875,10,nan,nan
뫰,U+BAF0,0,0,0,0,0,0.13446044921875,0.59307861328125,0.15753173828125,4,nan,nan
뫱,U+BAF1,0,0,0,0,0,0.132568359375,0.640625,0.1541748046875,4,nan,nan
뫲,U+BAF2,0,0,0,0,0,0.1541748046875,0.58831787109375,0.1658935546875,5,nan,nan
뫳,U+BAF3,0,0,0,0,0,0.14569091796875,0.625,0.15386962890625,3,nan,nan
뫴,U+BAF4,0,0,0,0,0,0.16204833984375,0.671875,0.16705322265625,3,nan,nan
뫵,U+BAF5,0,0,0,0,0,0.1678466796875,0.6875,0.1517333984375,6,nan,nan
뫶,U+BAF6,0,0,1,1,0,0.13848876953125,0.6229248046875,0.1663818359375,8,nan,nan
뫷,U+BAF7,0,0,0,0,0,0.16583251953125,0.70538330078125,0.17254638671875,6,nan,nan
뫸,U+BAF8,0,0,1,1,0,0.14215087890625,0.58343505859375,0.15380859375,5,nan,nan
뫹,U+BAF9,0,0,1,1,0,0.163330078125,0.5882568359375,0.18157958984375,7,nan,nan
뫺,U+BAFA,0,0,0,0,0,0.16290283203125,0.80615234375,0.188232421875,12,nan,nan
뫻,U+BAFB,0,0,0,0,0,0.150146484375,0.65625,0.15472412109375,7,nan,nan
뫼,U+BAFC,0,0,0,0,0,0.11663818359375,0.4852294921875,0.10614013671875,4,nan,nan
뫽,U+BAFD,0,0,0,0,0,0.13037109375,0.5625,0.14007568359375,3,nan,nan
뫾,U+BAFE,0,0,1,1,0,0.15863037109375,0.78125,0.1552734375,4,nan,nan
뫿,U+BAFF,0,0,0,0,0,0.150146484375,0.734375,0.15423583984375,8,nan,nan
묀,U+BB00,0,0,0,0,0,0.12652587890625,0.6046142578125,0.13629150390625,3,nan,nan
묁,U+BB01,0,0,1,1,0,0.152587890625,0.661376953125,0.1512451171875,4,nan,nan
묂,U+BB02,0,0,1,1,0,0.17388916015625,0.5859375,0.159423828125,4,nan,nan
묃,U+BB03,0,0,1,1,0,0.1280517578125,0.54931640625,0.146728515625,8,nan,nan
묄,U+BB04,0,0,0,0,0,0.15960693359375,0.59375,0.1649169921875,3,nan,nan
묅,U+BB05,0,0,0,0,0,0.14337158203125,0.78125,0.16412353515625,7,nan,nan
묆,U+BB06,0,0,0,0,0,0.148681640625,0.62786865234375,0.17864990234375,8,nan,nan
묇,U+BB07,0,0,0,0,0,0.14923095703125,0.6201171875,0.17047119140625,7,nan,nan
묈,U+BB08,0,0,0,0,0,0.16583251953125,0.6776123046875,0.17572021484375,6,nan,nan
묉,U+BB09,0,0,0,0,0,0.17095947265625,0.62548828125,0.17449951171875,9,nan,nan
묊,U+BB0A,0,0,1,1,0,0.162353515625,0.71875,0.1761474609375,6,nan,nan
묋,U+BB0B,0,0,0,0,0,0.16351318359375,0.609375,0.17962646484375,5,nan,nan
묌,U+BB0C,0,0,0,0,0,0.14654541015625,0.56005859375,0.1494140625,4,nan,nan
묍,U+BB0D,0,0,0,0,0,0.13128662109375,0.5703125,0.14276123046875,7,nan,nan
묎,U+BB0E,0,0,0,0,0,0.160400390625,0.671875,0.1646728515625,7,nan,nan
묏,U+BB0F,0,0,0,0,0,0.14752197265625,0.625,0.1351318359375,3,nan,nan
묐,U+BB10,0,0,0,0,0,0.16180419921875,0.6552734375,0.15625,5,nan,nan
묑,U+BB11,0,0,0,0,0,0.1627197265625,0.59033203125,0.12542724609375,4,nan,nan
묒,U+BB12,0,0,1,1,0,0.1414794921875,0.6484375,0.15081787109375,10,nan,nan
묓,U+BB13,0,0,0,0,0,0.14752197265625,0.6640625,0.1474609375,4,nan,nan
묔,U+BB14,0,0,1,1,0,0.13018798828125,0.544921875,0.1455078125,6,nan,nan
묕,U+BB15,0,0,1,1,0,0.153076171875,0.5703125,0.14898681640625,5,nan,nan
묖,U+BB16,0,0,0,0,0,0.16534423828125,0.609375,0.164306640625,5,nan,nan
묗,U+BB17,0,0,0,0,0,0.1448974609375,0.569091796875,0.12890625,2,nan,nan
묘,U+BB18,0,0,0,0,0,0.08807373046875,0.4427490234375,0.09307861328125,3,nan,nan
묙,U+BB19,0,0,0,0,0,0.1031494140625,0.73638916015625,0.12542724609375,7,nan,nan
묚,U+BB1A,0,0,1,1,0,0.12066650390625,0.65313720703125,0.128662109375,4,nan,nan
묛,U+BB1B,0,0,0,0,0,0.14208984375,0.784423828125,0.1466064453125,3,nan,nan
묜,U+BB1C,0,0,0,0,0,0.13922119140625,0.67437744140625,0.128662109375,3,nan,nan
묝,U+BB1D,0,0,1,1,0,0.16998291015625,0.824951171875,0.16937255859375,4,nan,nan
묞,U+BB1E,0,0,1,1,0,0.18133544921875,0.8228759765625,0.17633056640625,6,nan,nan
묟,U+BB1F,0,0,1,1,0,0.136474609375,0.6875,0.13629150390625,3,nan,nan
묠,U+BB20,0,0,0,0,0,0.14886474609375,0.70953369140625,0.1605224609375,3,nan,nan
묡,U+BB21,0,0,0,0,0,0.18878173828125,0.734130859375,0.2088623046875,8,nan,nan
묢,U+BB22,0,0,0,0,0,0.17822265625,0.7568359375,0.1962890625,3,nan,nan
묣,U+BB23,0,0,0,0,0,0.17901611328125,0.890625,0.20556640625,8,nan,nan
묤,U+BB24,0,0,0,0,0,0.17376708984375,0.8046875,0.185302734375,8,nan,nan
묥,U+BB25,0,0,0,0,0,0.163330078125,0.83056640625,0.19256591796875,7,nan,nan
묦,U+BB26,0,0,1,1,0,0.16473388671875,0.7957763671875,0.18017578125,9,nan,nan
묧,U+BB27,0,0,0,0,0,0.18048095703125,0.8125,0.17578125,6,nan,nan
묨,U+BB28,0,0,0,0,0,0.15057373046875,0.815185546875,0.15301513671875,5,nan,nan
묩,U+BB29,0,0,0,0,0,0.14715576171875,0.74462890625,0.14007568359375,2,nan,nan
묪,U+BB2A,0,0,0,0,0,0.1407470703125,0.732421875,0.1566162109375,4,nan,nan
묫,U+BB2B,0,0,0,0,0,0.15252685546875,0.815185546875,0.14141845703125,3,nan,nan
묬,U+BB2C,0,0,0,0,0,0.1650390625,0.84375,0.15960693359375,5,nan,nan
묭,U+BB2D,0,0,0,0,0,0.12908935546875,0.6953125,0.11566162109375,5,nan,nan
묮,U+BB2E,0,0,1,1,0,0.13629150390625,0.70953369140625,0.1507568359375,5,nan,nan
묯,U+BB2F,0,0,0,0,0,0.119140625,0.56866455078125,0.123779296875,3,nan,nan
묰,U+BB30,0,0,1,1,0,0.13446044921875,0.679443359375,0.146240234375,8,nan,nan
묱,U+BB31,0,0,1,1,0,0.14874267578125,0.6046142578125,0.1414794921875,2,nan,nan
묲,U+BB32,0,0,0,0,0,0.16943359375,0.762939453125,0.16864013671875,4,nan,nan
묳,U+BB33,0,0,0,0,0,0.1326904296875,0.6844482421875,0.12677001953125,4,nan,nan
무,U+BB34,0,0,0,0,1,0.1002197265625,0.8515625,0.0816650390625,2,26.9001593038912,0.960804093673017
묵,U+BB35,0,0,0,0,0,0.10565185546875,0.49951171875,0.107421875,3,nan,nan
묶,U+BB36,0,0,1,1,0,0.11083984375,0.61297607421875,0.1134033203125,5,nan,nan
묷,U+BB37,0,0,0,0,0,0.1181640625,0.66375732421875,0.128662109375,5,nan,nan
문,U+BB38,0,0,0,0,0,0.08642578125,0.476806640625,0.10205078125,5,nan,nan
묹,U+BB39,0,0,1,1,0,0.13189697265625,0.610107421875,0.13690185546875,4,nan,nan
묺,U+BB3A,0,0,1,1,0,0.12548828125,0.6298828125,0.13311767578125,6,nan,nan
묻,U+BB3B,0,0,1,1,0,0.09814453125,0.44293212890625,0.1060791015625,4,nan,nan
물,U+BB3C,0,0,0,0,0,0.138671875,0.6356201171875,0.12640380859375,4,nan,nan
묽,U+BB3D,0,0,0,0,0,0.16046142578125,0.60809326171875,0.14813232421875,5,nan,nan
묾,U+BB3E,0,0,0,0,0,0.15826416015625,0.67138671875,0.1688232421875,8,nan,nan
묿,U+BB3F,0,0,0,0,0,0.15313720703125,0.7130126953125,0.16754150390625,5,nan,nan
뭀,U+BB40,0,0,0,0,0,0.14971923828125,0.71875,0.1473388671875,5,nan,nan
뭁,U+BB41,0,0,0,0,0,0.167236328125,0.6456298828125,0.165771484375,7,nan,nan
뭂,U+BB42,0,0,1,1,0,0.15179443359375,0.673828125,0.147216796875,7,nan,nan
뭃,U+BB43,0,0,0,0,0,0.1715087890625,0.75531005859375,0.176025390625,7,nan,nan
뭄,U+BB44,0,0,0,0,0,0.114990234375,0.53173828125,0.1063232421875,3,nan,nan
뭅,U+BB45,0,0,0,0,0,0.129150390625,0.569091796875,0.1300048828125,3,nan,nan
뭆,U+BB46,0,0,0,0,0,0.1357421875,0.5855712890625,0.12860107421875,3,nan,nan
뭇,U+BB47,0,0,0,0,0,0.09808349609375,0.491455078125,0.10211181640625,4,nan,nan
뭈,U+BB48,0,0,0,0,0,0.15093994140625,0.6357421875,0.136962890625,3,nan,nan
뭉,U+BB49,0,0,0,0,0,0.104736328125,0.51800537109375,0.09759521484375,4,nan,nan
뭊,U+BB4A,0,0,1,1,0,0.12420654296875,0.54052734375,0.11761474609375,3,nan,nan
뭋,U+BB4B,0,0,0,0,0,0.101318359375,0.48663330078125,0.1007080078125,3,nan,nan
뭌,U+BB4C,0,0,1,1,0,0.11236572265625,0.505615234375,0.1197509765625,4,nan,nan
뭍,U+BB4D,0,0,1,1,0,0.1378173828125,0.52435302734375,0.1195068359375,4,nan,nan
뭎,U+BB4E,0,0,0,0,0,0.15545654296875,0.6866455078125,0.15228271484375,5,nan,nan
뭏,U+BB4F,0,0,0,0,0,0.0924072265625,0.46142578125,0.08721923828125,4,nan,nan
뭐,U+BB50,0,0,0,0,0,0.1226806640625,0.490478515625,0.11688232421875,4,nan,nan
뭑,U+BB51,0,0,0,0,0,0.1336669921875,0.6031494140625,0.13427734375,4,nan,nan
뭒,U+BB52,0,0,1,1,0,0.14715576171875,0.787109375,0.15704345703125,5,nan,nan
뭓,U+BB53,0,0,0,0,0,0.1556396484375,0.6976318359375,0.15924072265625,5,nan,nan
뭔,U+BB54,0,0,0,0,0,0.13897705078125,0.6031494140625,0.1455078125,7,nan,nan
뭕,U+BB55,0,0,1,1,0,0.16436767578125,0.7305908203125,0.171142578125,8,nan,nan
뭖,U+BB56,0,0,1,1,0,0.1671142578125,0.77056884765625,0.16534423828125,7,nan,nan
뭗,U+BB57,0,0,1,1,0,0.139892578125,0.59326171875,0.14208984375,4,nan,nan
뭘,U+BB58,0,0,0,0,0,0.16259765625,0.62786865234375,0.1650390625,6,nan,nan
뭙,U+BB59,0,0,0,0,0,0.15057373046875,0.7657470703125,0.1744384765625,14,nan,nan
뭚,U+BB5A,0,0,0,0,0,0.17938232421875,0.7890625,0.19586181640625,6,nan,nan
뭛,U+BB5B,0,0,0,0,0,0.166259765625,0.6561279296875,0.18743896484375,7,nan,nan
뭜,U+BB5C,0,0,0,0,0,0.1734619140625,0.8203125,0.18963623046875,8,nan,nan
뭝,U+BB5D,0,0,0,0,0,0.1693115234375,0.65087890625,0.17852783203125,5,nan,nan
뭞,U+BB5E,0,0,1,1,0,0.177734375,0.762939453125,0.19244384765625,7,nan,nan
뭟,U+BB5F,0,0,0,0,0,0.15283203125,0.613037109375,0.163330078125,9,nan,nan
뭠,U+BB60,0,0,0,0,0,0.1461181640625,0.58343505859375,0.1512451171875,6,nan,nan
뭡,U+BB61,0,0,0,0,0,0.15545654296875,0.609375,0.16070556640625,8,nan,nan
뭢,U+BB62,0,0,0,0,0,0.16796875,0.60791015625,0.16583251953125,7,nan,nan
뭣,U+BB63,0,0,0,0,0,0.13348388671875,0.75439453125,0.13043212890625,6,nan,nan
뭤,U+BB64,0,0,0,0,0,0.17645263671875,0.8203125,0.17694091796875,11,nan,nan
뭥,U+BB65,0,0,0,0,0,0.15960693359375,0.62310791015625,0.1221923828125,6,nan,nan
뭦,U+BB66,0,0,1,1,0,0.1456298828125,0.6156005859375,0.1407470703125,4,nan,nan
뭧,U+BB67,0,0,0,0,0,0.14056396484375,0.651123046875,0.15557861328125,7,nan,nan
뭨,U+BB68,0,0,1,1,0,0.1400146484375,0.7418212890625,0.14385986328125,5,nan,nan
뭩,U+BB69,0,0,1,1,0,0.16973876953125,0.6075439453125,0.1829833984375,3,nan,nan
뭪,U+BB6A,0,0,0,0,0,0.1688232421875,0.658447265625,0.16827392578125,5,nan,nan
뭫,U+BB6B,0,0,0,0,0,0.15594482421875,0.609375,0.142333984375,5,nan,nan
뭬,U+BB6C,0,0,0,0,0,0.1275634765625,0.59765625,0.13494873046875,6,nan,nan
뭭,U+BB6D,0,0,0,0,0,0.15716552734375,0.70751953125,0.1749267578125,6,nan,nan
뭮,U+BB6E,0,0,1,1,0,0.163330078125,0.7152099609375,0.16729736328125,6,nan,nan
뭯,U+BB6F,0,0,0,0,0,0.178466796875,0.71875,0.1689453125,7,nan,nan
뭰,U+BB70,0,0,0,0,0,0.16815185546875,0.7109375,0.177734375,9,nan,nan
뭱,U+BB71,0,0,1,1,0,0.17193603515625,0.703125,0.18707275390625,11,nan,nan
뭲,U+BB72,0,0,1,1,0,0.162841796875,0.671875,0.17205810546875,7,nan,nan
뭳,U+BB73,0,0,1,1,0,0.175048828125,0.6953125,0.18414306640625,5,nan,nan
뭴,U+BB74,0,0,0,0,0,0.1859130859375,0.71875,0.19635009765625,8,nan,nan
뭵,U+BB75,0,0,0,0,0,0.16778564453125,0.7421875,0.18389892578125,11,nan,nan
뭶,U+BB76,0,0,0,0,0,0.1680908203125,0.7265625,0.19854736328125,9,nan,nan
뭷,U+BB77,0,0,0,0,0,0.17266845703125,0.8087158203125,0.2001953125,9,nan,nan
뭸,U+BB78,0,0,0,0,0,0.19268798828125,0.70751953125,0.2001953125,10,nan,nan
뭹,U+BB79,0,0,0,0,0,0.1798095703125,0.70697021484375,0.17919921875,9,nan,nan
뭺,U+BB7A,0,0,1,1,0,0.17437744140625,0.744140625,0.19635009765625,7,nan,nan
뭻,U+BB7B,0,0,0,0,0,0.1707763671875,0.6953125,0.1856689453125,7,nan,nan
뭼,U+BB7C,0,0,0,0,0,0.15875244140625,0.65625,0.1815185546875,7,nan,nan
뭽,U+BB7D,0,0,0,0,0,0.15985107421875,0.64599609375,0.16534423828125,5,nan,nan
뭾,U+BB7E,0,0,0,0,0,0.15960693359375,0.7265625,0.1800537109375,10,nan,nan
뭿,U+BB7F,0,0,0,0,0,0.1759033203125,0.82940673828125,0.172607421875,6,nan,nan
뮀,U+BB80,0,0,0,0,0,0.18328857421875,0.734375,0.18145751953125,9,nan,nan
뮁,U+BB81,0,0,0,0,0,0.1812744140625,0.7109375,0.16192626953125,7,nan,nan
뮂,U+BB82,0,0,1,1,0,0.16790771484375,0.82940673828125,0.17633056640625,11,nan,nan
뮃,U+BB83,0,0,0,0,0,0.1751708984375,0.765625,0.18206787109375,6,nan,nan
뮄,U+BB84,0,0,1,1,0,0.16485595703125,0.75,0.18060302734375,4,nan,nan
뮅,U+BB85,0,0,1,1,0,0.17315673828125,0.8125,0.1820068359375,7,nan,nan
뮆,U+BB86,0,0,0,0,0,0.15740966796875,0.71875,0.1839599609375,14,nan,nan
뮇,U+BB87,0,0,0,0,0,0.1636962890625,0.6484375,0.160888671875,8,nan,nan
뮈,U+BB88,0,0,0,0,0,0.10125732421875,0.46234130859375,0.1015625,5,nan,nan
뮉,U+BB89,0,0,0,0,0,0.13720703125,0.5908203125,0.12384033203125,3,nan,nan
뮊,U+BB8A,0,0,1,1,0,0.13232421875,0.61798095703125,0.12493896484375,7,nan,nan
뮋,U+BB8B,0,0,0,0,0,0.14849853515625,0.6796875,0.13531494140625,4,nan,nan
뮌,U+BB8C,0,0,0,0,0,0.1455078125,0.6229248046875,0.14398193359375,5,nan,nan
뮍,U+BB8D,0,0,1,1,0,0.1429443359375,0.73638916015625,0.15118408203125,11,nan,nan
뮎,U+BB8E,0,0,1,1,0,0.15655517578125,0.59686279296875,0.16400146484375,7,nan,nan
뮏,U+BB8F,0,0,1,1,0,0.13690185546875,0.573486328125,0.134765625,5,nan,nan
뮐,U+BB90,0,0,0,0,0,0.15057373046875,0.6046142578125,0.16021728515625,5,nan,nan
뮑,U+BB91,0,0,0,0,0,0.1612548828125,0.7890625,0.17022705078125,8,nan,nan
뮒,U+BB92,0,0,0,0,0,0.171142578125,0.65625,0.178955078125,5,nan,nan
뮓,U+BB93,0,0,0,0,0,0.182373046875,0.6328125,0.1861572265625,3,nan,nan
뮔,U+BB94,0,0,0,0,0,0.15802001953125,0.71875,0.16058349609375,4,nan,nan
뮕,U+BB95,0,0,0,0,0,0.17681884765625,0.64337158203125,0.18438720703125,6,nan,nan
뮖,U+BB96,0,0,1,1,0,0.182373046875,0.671875,0.181884765625,10,nan,nan
뮗,U+BB97,0,0,0,0,0,0.16644287109375,0.7906494140625,0.177734375,8,nan,nan
뮘,U+BB98,0,0,0,0,0,0.1580810546875,0.60272216796875,0.1470947265625,4,nan,nan
뮙,U+BB99,0,0,0,0,0,0.1380615234375,0.59820556640625,0.1402587890625,5,nan,nan
뮚,U+BB9A,0,0,0,0,0,0.1651611328125,0.6690673828125,0.15447998046875,6,nan,nan
뮛,U+BB9B,0,0,0,0,0,0.14190673828125,0.784423828125,0.12921142578125,4,nan,nan
뮜,U+BB9C,0,0,0,0,0,0.14703369140625,0.67437744140625,0.14471435546875,4,nan,nan
뮝,U+BB9D,0,0,0,0,0,0.14691162109375,0.599853515625,0.122314453125,4,nan,nan
뮞,U+BB9E,0,0,1,1,0,0.14385986328125,0.630615234375,0.14349365234375,6,nan,nan
뮟,U+BB9F,0,0,0,0,0,0.12811279296875,0.5950927734375,0.12701416015625,5,nan,nan
뮠,U+BBA0,0,0,1,1,0,0.14190673828125,0.5584716796875,0.13311767578125,2,nan,nan
뮡,U+BBA1,0,0,1,1,0,0.15264892578125,0.582763671875,0.15069580078125,7,nan,nan
뮢,U+BBA2,0,0,0,0,0,0.17218017578125,0.671875,0.16644287109375,5,nan,nan
뮣,U+BBA3,0,0,0,0,0,0.14697265625,0.6171875,0.1376953125,8,nan,nan
뮤,U+BBA4,0,0,0,0,0,0.1136474609375,0.5511474609375,0.1053466796875,2,nan,nan
뮥,U+BBA5,0,0,0,0,0,0.1490478515625,0.7371826171875,0.142333984375,5,nan,nan
뮦,U+BBA6,0,0,1,1,0,0.13409423828125,0.74591064453125,0.1497802734375,6,nan,nan
뮧,U+BBA7,0,0,0,0,0,0.1607666015625,0.7056884765625,0.15643310546875,3,nan,nan
뮨,U+BBA8,0,0,0,0,0,0.132080078125,0.688720703125,0.132080078125,3,nan,nan
뮩,U+BBA9,0,0,1,1,0,0.17767333984375,0.68505859375,0.16357421875,4,nan,nan
뮪,U+BBAA,0,0,1,1,0,0.154052734375,0.73828125,0.1566162109375,7,nan,nan
뮫,U+BBAB,0,0,1,1,0,0.15301513671875,0.75531005859375,0.15081787109375,4,nan,nan
뮬,U+BBAC,0,0,0,0,0,0.1820068359375,0.744140625,0.16912841796875,3,nan,nan
뮭,U+BBAD,0,0,0,0,0,0.17010498046875,0.7767333984375,0.19012451171875,6,nan,nan
뮮,U+BBAE,0,0,0,0,0,0.1693115234375,0.762939453125,0.19537353515625,10,nan,nan
뮯,U+BBAF,0,0,0,0,0,0.1795654296875,0.74005126953125,0.18463134765625,8,nan,nan
뮰,U+BBB0,0,0,0,0,0,0.16314697265625,0.7476806640625,0.18231201171875,4,nan,nan
뮱,U+BBB1,0,0,0,0,0,0.18682861328125,0.7476806640625,0.192138671875,11,nan,nan
뮲,U+BBB2,0,0,1,1,0,0.18719482421875,0.71319580078125,0.18505859375,7,nan,nan
뮳,U+BBB3,0,0,0,0,0,0.197021484375,0.74169921875,0.19940185546875,7,nan,nan
뮴,U+BBB4,0,0,0,0,0,0.15692138671875,0.762939453125,0.1474609375,5,nan,nan
뮵,U+BBB5,0,0,0,0,0,0.17108154296875,0.6767578125,0.146484375,5,nan,nan
뮶,U+BBB6,0,0,0,0,0,0.18707275390625,0.6962890625,0.16156005859375,3,nan,nan
뮷,U+BBB7,0,0,0,0,0,0.1431884765625,0.6842041015625,0.1329345703125,4,nan,nan
뮸,U+BBB8,0,0,0,0,0,0.18206787109375,0.7073974609375,0.1553955078125,3,nan,nan
뮹,U+BBB9,0,0,0,0,0,0.124755859375,0.68115234375,0.116455078125,6,nan,nan
뮺,U+BBBA,0,0,1,1,0,0.16046142578125,0.6180419921875,0.13909912109375,4,nan,nan
뮻,U+BBBB,0,0,0,0,0,0.1668701171875,0.666015625,0.14044189453125,4,nan,nan
뮼,U+BBBC,0,0,1,1,0,0.14056396484375,0.619384765625,0.12994384765625,9,nan,nan
뮽,U+BBBD,0,0,1,1,0,0.16900634765625,0.7286376953125,0.15716552734375,3,nan,nan
뮾,U+BBBE,0,0,0,0,0,0.1796875,0.7476806640625,0.1876220703125,6,nan,nan
뮿,U+BBBF,0,0,0,0,0,0.16119384765625,0.692138671875,0.1468505859375,8,nan,nan
므,U+BBC0,0,0,0,0,0,0.0753173828125,0.6160888671875,0.0718994140625,3,nan,nan
믁,U+BBC1,0,0,0,0,0,0.1087646484375,0.527099609375,0.1082763671875,4,nan,nan
믂,U+BBC2,0,0,1,1,0,0.13018798828125,0.65728759765625,0.14739990234375,15,nan,nan
믃,U+BBC3,0,0,0,0,0,0.13006591796875,0.6942138671875,0.1356201171875,5,nan,nan
믄,U+BBC4,0,0,0,0,0,0.110107421875,0.587890625,0.09759521484375,3,nan,nan
믅,U+BBC5,0,0,1,1,0,0.15509033203125,0.797607421875,0.17169189453125,11,nan,nan
믆,U+BBC6,0,0,1,1,0,0.15765380859375,0.787109375,0.14996337890625,7,nan,nan
믇,U+BBC7,0,0,1,1,0,0.121826171875,0.516845703125,0.11968994140625,3,nan,nan
믈,U+BBC8,0,0,0,0,0,0.16326904296875,0.62060546875,0.14990234375,6,nan,nan
믉,U+BBC9,0,0,0,0,0,0.1656494140625,0.71142578125,0.1656494140625,7,nan,nan
믊,U+BBCA,0,0,0,0,0,0.17877197265625,0.7568359375,0.18707275390625,5,nan,nan
믋,U+BBCB,0,0,0,0,0,0.16180419921875,0.6776123046875,0.1669921875,5,nan,nan
믌,U+BBCC,0,0,0,0,0,0.15869140625,0.718994140625,0.1573486328125,6,nan,nan
믍,U+BBCD,0,0,0,0,0,0.15521240234375,0.74322509765625,0.17578125,8,nan,nan
믎,U+BBCE,0,0,1,1,0,0.1669921875,0.69580078125,0.16534423828125,4,nan,nan
믏,U+BBCF,0,0,0,0,0,0.17425537109375,0.74322509765625,0.17254638671875,8,nan,nan
믐,U+BBD0,0,0,0,0,0,0.13720703125,0.6697998046875,0.12921142578125,3,nan,nan
믑,U+BBD1,0,0,0,0,0,0.1302490234375,0.66259765625,0.12969970703125,4,nan,nan
믒,U+BBD2,0,0,0,0,0,0.16412353515625,0.6756591796875,0.15814208984375,3,nan,nan
믓,U+BBD3,0,0,0,0,0,0.087646484375,0.39251708984375,0.0897216796875,4,nan,nan
믔,U+BBD4,0,0,0,0,0,0.146728515625,0.7073974609375,0.1402587890625,7,nan,nan
믕,U+BBD5,0,0,0,0,0,0.1107177734375,0.509765625,0.09539794921875,3,nan,nan
믖,U+BBD6,0,0,1,1,0,0.138671875,0.53302001953125,0.1220703125,3,nan,nan
믗,U+BBD7,0,0,0,0,0,0.12908935546875,0.5465087890625,0.122314453125,3,nan,nan
믘,U+BBD8,0,0,1,1,0,0.11541748046875,0.62786865234375,0.12969970703125,11,nan,nan
믙,U+BBD9,0,0,1,1,0,0.12554931640625,0.5126953125,0.121337890625,3,nan,nan
믚,U+BBDA,0,0,0,0,0,0.17608642578125,0.75,0.1658935546875,8,nan,nan
믛,U+BBDB,0,0,0,0,0,0.145263671875,0.6844482421875,0.1234130859375,5,nan,nan
믜,U+BBDC,0,0,0,0,0,0.10595703125,0.4144287109375,0.0970458984375,2,nan,nan
믝,U+BBDD,0,0,0,0,0,0.13006591796875,0.5855712890625,0.12982177734375,5,nan,nan
믞,U+BBDE,0,0,1,1,0,0.13275146484375,0.6171875,0.13641357421875,7,nan,nan
믟,U+BBDF,0,0,0,0,0,0.13153076171875,0.6561279296875,0.13995361328125,6,nan,nan
믠,U+BBE0,0,0,0,0,0,0.11376953125,0.5810546875,0.1295166015625,3,nan,nan
믡,U+BBE1,0,0,1,1,0,0.1177978515625,0.6536865234375,0.13623046875,11,nan,nan
믢,U+BBE2,0,0,1,1,0,0.15631103515625,0.625,0.15191650390625,8,nan,nan
믣,U+BBE3,0,0,1,1,0,0.11895751953125,0.561767578125,0.134765625,4,nan,nan
믤,U+BBE4,0,0,0,0,0,0.14080810546875,0.796875,0.15692138671875,7,nan,nan
믥,U+BBE5,0,0,0,0,0,0.12884521484375,0.8125,0.14385986328125,12,nan,nan
믦,U+BBE6,0,0,0,0,0,0.12713623046875,0.6005859375,0.163818359375,9,nan,nan
믧,U+BBE7,0,0,0,0,0,0.1312255859375,0.7781982421875,0.15484619140625,10,nan,nan
믨,U+BBE8,0,0,0,0,0,0.149658203125,0.7109375,0.16619873046875,6,nan,nan
믩,U+BBE9,0,0,0,0,0,0.1376953125,0.61798095703125,0.16510009765625,12,nan,nan
믪,U+BBEA,0,0,1,1,0,0.143798828125,0.7265625,0.16497802734375,6,nan,nan
믫,U+BBEB,0,0,0,0,0,0.17645263671875,0.640625,0.18115234375,4,nan,nan
믬,U+BBEC,0,0,0,0,0,0.1185302734375,0.488525390625,0.1295166015625,4,nan,nan
믭,U+BBED,0,0,0,0,0,0.122314453125,0.532958984375,0.1358642578125,4,nan,nan
믮,U+BBEE,0,0,0,0,0,0.14056396484375,0.828125,0.14849853515625,9,nan,nan
믯,U+BBEF,0,0,0,0,0,0.14263916015625,0.630615234375,0.1363525390625,5,nan,nan
믰,U+BBF0,0,0,0,0,0,0.140869140625,0.671875,0.147705078125,7,nan,nan
믱,U+BBF1,0,0,0,0,0,0.12353515625,0.56585693359375,0.125732421875,5,nan,nan
믲,U+BBF2,0,0,1,1,0,0.1278076171875,0.6103515625,0.1441650390625,6,nan,nan
믳,U+BBF3,0,0,0,0,0,0.143310546875,0.7890625,0.143798828125,5,nan,nan
믴,U+BBF4,0,0,1,1,0,0.1331787109375,0.6383056640625,0.14447021484375,6,nan,nan
믵,U+BBF5,0,0,1,1,0,0.1357421875,0.5767822265625,0.15283203125,4,nan,nan
믶,U+BBF6,0,0,0,0,0,0.130615234375,0.56591796875,0.14361572265625,5,nan,nan
믷,U+BBF7,0,0,0,0,0,0.1478271484375,0.5859375,0.1182861328125,8,nan,nan
미,U+BBF8,0,0,0,0,0,0.09906005859375,0.4853515625,0.08843994140625,2,nan,nan
믹,U+BBF9,0,0,0,0,0,0.10406494140625,0.515625,0.0997314453125,3,nan,nan
믺,U+BBFA,0,0,1,1,0,0.11468505859375,0.538330078125,0.1131591796875,4,nan,nan
믻,U+BBFB,0,0,0,0,0,0.12969970703125,0.6666259765625,0.1304931640625,3,nan,nan
민,U+BBFC,0,0,0,0,0,0.10369873046875,0.52642822265625,0.10101318359375,4,nan,nan
믽,U+BBFD,0,0,1,1,0,0.12042236328125,0.6005859375,0.13421630859375,4,nan,nan
믾,U+BBFE,0,0,1,1,0,0.11981201171875,0.507080078125,0.12811279296875,7,nan,nan
믿,U+BBFF,0,0,1,1,0,0.09619140625,0.47607421875,0.108642578125,3,nan,nan
밀,U+BC00,0,0,0,0,0,0.11749267578125,0.5078125,0.12567138671875,7,nan,nan
밁,U+BC01,0,0,0,0,0,0.1324462890625,0.671875,0.139892578125,7,nan,nan
밂,U+BC02,0,0,0,0,0,0.151611328125,0.63323974609375,0.16119384765625,6,nan,nan
밃,U+BC03,0,0,0,0,0,0.1407470703125,0.6690673828125,0.16363525390625,9,nan,nan
밄,U+BC04,0,0,0,0,0,0.1463623046875,0.61798095703125,0.1478271484375,6,nan,nan
밅,U+BC05,0,0,0,0,0,0.12152099609375,0.5855712890625,0.15802001953125,11,nan,nan
밆,U+BC06,0,0,1,1,0,0.14141845703125,0.6561279296875,0.1671142578125,5,nan,nan
밇,U+BC07,0,0,0,0,0,0.14410400390625,0.6627197265625,0.16375732421875,9,nan,nan
밈,U+BC08,0,0,0,0,0,0.1060791015625,0.5078125,0.12042236328125,4,nan,nan
밉,U+BC09,0,0,0,0,0,0.103759765625,0.5035400390625,0.11395263671875,4,nan,nan
밊,U+BC0A,0,0,0,0,0,0.12548828125,0.6666259765625,0.1353759765625,5,nan,nan
밋,U+BC0B,0,0,0,0,0,0.11492919921875,0.6767578125,0.11328125,7,nan,nan
밌,U+BC0C,0,0,0,0,0,0.13128662109375,0.6484375,0.13018798828125,3,nan,nan
밍,U+BC0D,0,0,0,0,0,0.1219482421875,0.50384521484375,0.099853515625,4,nan,nan
밎,U+BC0E,0,0,1,1,0,0.1142578125,0.6046142578125,0.12225341796875,4,nan,nan
및,U+BC0F,0,0,0,0,0,0.1170654296875,0.5859375,0.1220703125,3,nan,nan
밐,U+BC10,0,0,1,1,0,0.10076904296875,0.64337158203125,0.1123046875,7,nan,nan
밑,U+BC11,0,0,1,1,0,0.114990234375,0.4691162109375,0.12738037109375,4,nan,nan
밒,U+BC12,0,0,0,0,0,0.11395263671875,0.58447265625,0.12774658203125,8,nan,nan
밓,U+BC13,0,0,0,0,0,0.1072998046875,0.4691162109375,0.08685302734375,4,nan,nan
바,U+BC14,0,0,0,0,0,0.0972900390625,0.5914306640625,0.090087890625,2,nan,nan
박,U+BC15,0,0,0,0,0,0.11517333984375,0.6976318359375,0.11700439453125,3,nan,nan
밖,U+BC16,0,0,1,1,0,0.0919189453125,0.48828125,0.097412109375,4,nan,nan
밗,U+BC17,0,0,0,0,0,0.120849609375,0.59307861328125,0.13031005859375,5,nan,nan
반,U+BC18,0,0,0,0,0,0.1141357421875,0.661376953125,0.11138916015625,3,nan,nan
밙,U+BC19,0,0,1,1,0,0.10040283203125,0.474609375,0.1156005859375,3,nan,nan
밚,U+BC1A,0,0,1,1,0,0.11920166015625,0.55389404296875,0.13018798828125,4,nan,nan
받,U+BC1B,0,0,1,1,0,0.0797119140625,0.442626953125,0.0914306640625,3,nan,nan
발,U+BC1C,0,0,0,0,0,0.10791015625,0.5126953125,0.1072998046875,3,nan,nan
밝,U+BC1D,0,0,0,0,0,0.1171875,0.537109375,0.12872314453125,6,nan,nan
밞,U+BC1E,0,0,0,0,0,0.11492919921875,0.5755615234375,0.13531494140625,5,nan,nan
밟,U+BC1F,0,0,0,0,0,0.1226806640625,0.671875,0.1492919921875,4,nan,nan
밠,U+BC20,0,0,0,0,0,0.1158447265625,0.6005859375,0.13421630859375,5,nan,nan
밡,U+BC21,0,0,0,0,0,0.092529296875,0.6383056640625,0.12139892578125,9,nan,nan
밢,U+BC22,0,0,1,1,0,0.10394287109375,0.5950927734375,0.1424560546875,9,nan,nan
밣,U+BC23,0,0,0,0,0,0.1094970703125,0.5736083984375,0.14239501953125,7,nan,nan
밤,U+BC24,0,0,0,0,0,0.09954833984375,0.4742431640625,0.10845947265625,3,nan,nan
밥,U+BC25,0,0,0,0,1,0.11688232421875,0.5103759765625,0.11431884765625,3,8.403682493493356,0.5401781946482621
밦,U+BC26,0,0,0,0,0,0.0924072265625,0.4722900390625,0.1112060546875,4,nan,nan
밧,U+BC27,0,0,0,0,0,0.11737060546875,0.6141357421875,0.10711669921875,3,nan,nan
밨,U+BC28,0,0,0,0,0,0.13702392578125,0.62774658203125,0.1219482421875,3,nan,nan
방,U+BC29,0,0,0,0,0,0.1158447265625,0.5810546875,0.10546875,3,nan,nan
밪,U+BC2A,0,0,1,1,0,0.078125,0.51025390625,0.09136962890625,3,nan,nan
밫,U+BC2B,0,0,0,0,0,0.11328125,0.567626953125,0.12225341796875,4,nan,nan
밬,U+BC2C,0,0,1,1,0,0.10595703125,0.533447265625,0.10186767578125,3,nan,nan
밭,U+BC2D,0,0,1,1,0,0.11053466796875,0.4658203125,0.1138916015625,3,nan,nan
밮,U+BC2E,0,0,0,0,0,0.110595703125,0.5760498046875,0.12811279296875,4,nan,nan
밯,U+BC2F,0,0,0,0,0,0.11468505859375,0.57220458984375,0.1171875,4,nan,nan
배,U+BC30,0,0,0,0,0,0.11920166015625,0.5126953125,0.10992431640625,2,nan,nan
백,U+BC31,0,0,0,0,0,0.11285400390625,0.61798095703125,0.1234130859375,3,nan,nan
밲,U+BC32,0,0,1,1,0,0.1376953125,0.61236572265625,0.14312744140625,4,nan,nan
밳,U+BC33,0,0,0,0,0,0.13275146484375,0.6796875,0.13311767578125,5,nan,nan
밴,U+BC34,0,0,0,0,0,0.1348876953125,0.6201171875,0.1385498046875,3,nan,nan
밵,U+BC35,0,0,1,1,0,0.1458740234375,0.6478271484375,0.140869140625,5,nan,nan
밶,U+BC36,0,0,1,1,0,0.16693115234375,0.6328125,0.1622314453125,6,nan,nan
밷,U+BC37,0,0,1,1,0,0.1331787109375,0.6015625,0.139404296875,4,nan,nan
밸,U+BC38,0,0,0,0,0,0.143798828125,0.62786865234375,0.14862060546875,5,nan,nan
밹,U+BC39,0,0,0,0,0,0.156005859375,0.6953125,0.17144775390625,5,nan,nan
밺,U+BC3A,0,0,0,0,0,0.1583251953125,0.625,0.17401123046875,4,nan,nan
밻,U+BC3B,0,0,0,0,0,0.14801025390625,0.625,0.171142578125,10,nan,nan
밼,U+BC3C,0,0,0,0,0,0.15240478515625,0.6953125,0.1527099609375,4,nan,nan
밽,U+BC3D,0,0,0,0,0,0.1483154296875,0.6229248046875,0.155029296875,6,nan,nan
밾,U+BC3E,0,0,1,1,0,0.15423583984375,0.6328125,0.1693115234375,4,nan,nan
밿,U+BC3F,0,0,0,0,0,0.15948486328125,0.640625,0.1683349609375,7,nan,nan
뱀,U+BC40,0,0,0,0,0,0.131591796875,0.5645751953125,0.14678955078125,4,nan,nan
뱁,U+BC41,0,0,0,0,0,0.10540771484375,0.49835205078125,0.11767578125,4,nan,nan
뱂,U+BC42,0,0,0,0,0,0.1573486328125,0.6456298828125,0.14959716796875,4,nan,nan
뱃,U+BC43,0,0,0,0,0,0.14111328125,0.60272216796875,0.1409912109375,5,nan,nan
뱄,U+BC44,0,0,0,0,0,0.15863037109375,0.67437744140625,0.14190673828125,3,nan,nan
뱅,U+BC45,0,0,0,0,0,0.1319580078125,0.5555419921875,0.1171875,3,nan,nan
뱆,U+BC46,0,0,1,1,0,0.14453125,0.613037109375,0.14227294921875,4,nan,nan
뱇,U+BC47,0,0,0,0,0,0.14019775390625,0.640625,0.1485595703125,6,nan,nan
뱈,U+BC48,0,0,1,1,0,0.12921142578125,0.57806396484375,0.14056396484375,3,nan,nan
뱉,U+BC49,0,0,1,1,0,0.149658203125,0.6046142578125,0.15228271484375,5,nan,nan
뱊,U+BC4A,0,0,0,0,0,0.1512451171875,0.613037109375,0.15240478515625,4,nan,nan
뱋,U+BC4B,0,0,0,0,0,0.15045166015625,0.59375,0.129638671875,4,nan,nan
뱌,U+BC4C,0,0,0,0,0,0.0947265625,0.4776611328125,0.0882568359375,2,nan,nan
뱍,U+BC4D,0,0,0,0,0,0.11419677734375,0.630126953125,0.1142578125,3,nan,nan
뱎,U+BC4E,0,0,1,1,0,0.12060546875,0.556640625,0.12054443359375,4,nan,nan
뱏,U+BC4F,0,0,0,0,0,0.1378173828125,0.65887451171875,0.14202880859375,5,nan,nan
뱐,U+BC50,0,0,0,0,0,0.113525390625,0.59326171875,0.11077880859375,3,nan,nan
뱑,U+BC51,0,0,1,1,0,0.1376953125,0.5833740234375,0.13800048828125,4,nan,nan
뱒,U+BC52,0,0,1,1,0,0.136474609375,0.640869140625,0.14642333984375,5,nan,nan
뱓,U+BC53,0,0,1,1,0,0.11956787109375,0.60791015625,0.11767578125,3,nan,nan
뱔,U+BC54,0,0,0,0,0,0.13775634765625,0.6690673828125,0.13946533203125,3,nan,nan
뱕,U+BC55,0,0,0,0,0,0.14215087890625,0.671875,0.15435791015625,5,nan,nan
뱖,U+BC56,0,0,0,0,0,0.12872314453125,0.6005859375,0.14697265625,5,nan,nan
뱗,U+BC57,0,0,0,0,0,0.14666748046875,0.671875,0.1622314453125,7,nan,nan
뱘,U+BC58,0,0,0,0,0,0.131103515625,0.6357421875,0.14385986328125,5,nan,nan
뱙,U+BC59,0,0,0,0,0,0.125,0.625,0.13946533203125,5,nan,nan
뱚,U+BC5A,0,0,1,1,0,0.13720703125,0.6046142578125,0.15338134765625,4,nan,nan
뱛,U+BC5B,0,0,0,0,0,0.14215087890625,0.5921630859375,0.168212890625,5,nan,nan
뱜,U+BC5C,0,0,0,0,0,0.1192626953125,0.5833740234375,0.12017822265625,3,nan,nan
뱝,U+BC5D,0,0,0,0,0,0.12860107421875,0.60284423828125,0.12689208984375,4,nan,nan
뱞,U+BC5E,0,0,0,0,0,0.13140869140625,0.628173828125,0.142333984375,4,nan,nan
뱟,U+BC5F,0,0,0,0,0,0.1370849609375,0.6265869140625,0.11749267578125,3,nan,nan
뱠,U+BC60,0,0,0,0,0,0.13861083984375,0.64642333984375,0.1298828125,3,nan,nan
뱡,U+BC61,0,0,0,0,0,0.1234130859375,0.5914306640625,0.1136474609375,4,nan,nan
뱢,U+BC62,0,0,1,1,0,0.127685546875,0.57843017578125,0.12518310546875,3,nan,nan
뱣,U+BC63,0,0,0,0,0,0.12603759765625,0.61236572265625,0.13177490234375,3,nan,nan
뱤,U+BC64,0,0,1,1,0,0.1202392578125,0.5755615234375,0.120849609375,3,nan,nan
뱥,U+BC65,0,0,1,1,0,0.1290283203125,0.5733642578125,0.12640380859375,3,nan,nan
뱦,U+BC66,0,0,0,0,0,0.1279296875,0.6103515625,0.1392822265625,4,nan,nan
뱧,U+BC67,0,0,0,0,0,0.11309814453125,0.60272216796875,0.11773681640625,5,nan,nan
뱨,U+BC68,0,0,0,0,0,0.11395263671875,0.514404296875,0.12030029296875,2,nan,nan
뱩,U+BC69,0,0,0,0,0,0.12689208984375,0.57843017578125,0.12841796875,3,nan,nan
뱪,U+BC6A,0,0,1,1,0,0.12750244140625,0.5950927734375,0.1431884765625,5,nan,nan
뱫,U+BC6B,0,0,0,0,0,0.14483642578125,0.6976318359375,0.150634765625,3,nan,nan
뱬,U+BC6C,0,0,0,0,0,0.14599609375,0.6229248046875,0.14105224609375,3,nan,nan
뱭,U+BC6D,0,0,1,1,0,0.15496826171875,0.701904296875,0.164306640625,4,nan,nan
뱮,U+BC6E,0,0,1,1,0,0.14910888671875,0.65087890625,0.15582275390625,5,nan,nan
뱯,U+BC6F,0,0,1,1,0,0.1273193359375,0.54736328125,0.139404296875,4,nan,nan
뱰,U+BC70,0,0,0,0,0,0.1556396484375,0.6484375,0.173095703125,3,nan,nan
뱱,U+BC71,0,0,0,0,0,0.159912109375,0.6328125,0.1756591796875,7,nan,nan
뱲,U+BC72,0,0,0,0,0,0.15570068359375,0.6484375,0.17181396484375,10,nan,nan
뱳,U+BC73,0,0,0,0,0,0.1724853515625,0.79840087890625,0.18634033203125,5,nan,nan
뱴,U+BC74,0,0,0,0,0,0.16314697265625,0.7109375,0.1671142578125,5,nan,nan
뱵,U+BC75,0,0,0,0,0,0.160400390625,0.68212890625,0.1832275390625,7,nan,nan
뱶,U+BC76,0,0,1,1,0,0.16448974609375,0.68988037109375,0.1807861328125,6,nan,nan
뱷,U+BC77,0,0,0,0,0,0.1597900390625,0.61798095703125,0.17266845703125,5,nan,nan
뱸,U+BC78,0,0,0,0,0,0.13427734375,0.59375,0.14996337890625,3,nan,nan
뱹,U+BC79,0,0,0,0,0,0.1278076171875,0.7818603515625,0.15069580078125,7,nan,nan
뱺,U+BC7A,0,0,0,0,0,0.14727783203125,0.65313720703125,0.151611328125,4,nan,nan
뱻,U+BC7B,0,0,0,0,0,0.1510009765625,0.628173828125,0.1436767578125,5,nan,nan
뱼,U+BC7C,0,0,0,0,0,0.16094970703125,0.703125,0.1561279296875,3,nan,nan
뱽,U+BC7D,0,0,0,0,0,0.12213134765625,0.5035400390625,0.11224365234375,3,nan,nan
뱾,U+BC7E,0,0,1,1,0,0.1517333984375,0.630615234375,0.15509033203125,3,nan,nan
뱿,U+BC7F,0,0,0,0,0,0.1568603515625,0.63323974609375,0.15936279296875,5,nan,nan
벀,U+BC80,0,0,1,1,0,0.14190673828125,0.58343505859375,0.149658203125,3,nan,nan
벁,U+BC81,0,0,1,1,0,0.16357421875,0.6201171875,0.157470703125,3,nan,nan
벂,U+BC82,0,0,0,0,0,0.13641357421875,0.64337158203125,0.15380859375,6,nan,nan
벃,U+BC83,0,0,0,0,0,0.139404296875,0.59375,0.13507080078125,4,nan,nan
버,U+BC84,0,0,0,0,0,0.08782958984375,0.48565673828125,0.092529296875,3,nan,nan
벅,U+BC85,0,0,0,0,0,0.1148681640625,0.5546875,0.115966796875,2,nan,nan
벆,U+BC86,0,0,1,1,0,0.11846923828125,0.5286865234375,0.12744140625,3,nan,nan
벇,U+BC87,0,0,0,0,0,0.13177490234375,0.62060546875,0.128662109375,4,nan,nan
번,U+BC88,0,0,0,0,0,0.11224365234375,0.5703125,0.11322021484375,2,nan,nan
벉,U+BC89,0,0,1,1,0,0.1414794921875,0.62310791015625,0.1318359375,4,nan,nan
벊,U+BC8A,0,0,1,1,0,0.131591796875,0.552490234375,0.14178466796875,6,nan,nan
벋,U+BC8B,0,0,1,1,0,0.10992431640625,0.510498046875,0.1226806640625,2,nan,nan
벌,U+BC8C,0,0,0,0,0,0.1468505859375,0.5859375,0.14501953125,6,nan,nan
벍,U+BC8D,0,0,0,0,0,0.12982177734375,0.552490234375,0.14752197265625,10,nan,nan
벎,U+BC8E,0,0,0,0,0,0.13641357421875,0.734375,0.15594482421875,14,nan,nan
벏,U+BC8F,0,0,0,0,0,0.14910888671875,0.5859375,0.1673583984375,5,nan,nan
벐,U+BC90,0,0,0,0,0,0.142578125,0.6357421875,0.147705078125,4,nan,nan
벑,U+BC91,0,0,0,0,0,0.1483154296875,0.59307861328125,0.16119384765625,7,nan,nan
벒,U+BC92,0,0,1,1,0,0.165283203125,0.640625,0.17437744140625,3,nan,nan
벓,U+BC93,0,0,0,0,0,0.14752197265625,0.597900390625,0.1671142578125,8,nan,nan
범,U+BC94,0,0,0,0,0,0.12451171875,0.53125,0.1397705078125,4,nan,nan
법,U+BC95,0,0,0,0,0,0.1156005859375,0.47210693359375,0.12506103515625,3,nan,nan
벖,U+BC96,0,0,0,0,0,0.1375732421875,0.61297607421875,0.13916015625,5,nan,nan
벗,U+BC97,0,0,0,0,0,0.13848876953125,0.59307861328125,0.1214599609375,3,nan,nan
벘,U+BC98,0,0,0,0,0,0.1324462890625,0.62786865234375,0.13092041015625,4,nan,nan
벙,U+BC99,0,0,0,0,0,0.12646484375,0.5465087890625,0.09844970703125,3,nan,nan
벚,U+BC9A,0,0,1,1,0,0.13140869140625,0.62786865234375,0.140380859375,5,nan,nan
벛,U+BC9B,0,0,0,0,0,0.12982177734375,0.5736083984375,0.137939453125,2,nan,nan
벜,U+BC9C,0,0,1,1,0,0.11920166015625,0.5146484375,0.12493896484375,3,nan,nan
벝,U+BC9D,0,0,1,1,0,0.14111328125,0.48974609375,0.14544677734375,2,nan,nan
벞,U+BC9E,0,0,0,0,0,0.12469482421875,0.5950927734375,0.13677978515625,3,nan,nan
벟,U+BC9F,0,0,0,0,0,0.10797119140625,0.5555419921875,0.110595703125,6,nan,nan
베,U+BCA0,0,0,0,0,0,0.1124267578125,0.439453125,0.1114501953125,2,nan,nan
벡,U+BCA1,0,0,0,0,0,0.12646484375,0.578125,0.12384033203125,3,nan,nan
벢,U+BCA2,0,0,1,1,0,0.123046875,0.5401611328125,0.14019775390625,5,nan,nan
벣,U+BCA3,0,0,0,0,0,0.126708984375,0.5584716796875,0.130615234375,3,nan,nan
벤,U+BCA4,0,0,0,0,0,0.14605712890625,0.6328125,0.142822265625,4,nan,nan
벥,U+BCA5,0,0,1,1,0,0.14093017578125,0.54986572265625,0.1466064453125,6,nan,nan
벦,U+BCA6,0,0,1,1,0,0.147216796875,0.570556640625,0.1610107421875,2,nan,nan
벧,U+BCA7,0,0,1,1,0,0.12188720703125,0.567626953125,0.131103515625,3,nan,nan
벨,U+BCA8,0,0,0,0,0,0.1397705078125,0.5767822265625,0.1505126953125,6,nan,nan
벩,U+BCA9,0,0,0,0,0,0.14935302734375,0.5859375,0.1593017578125,7,nan,nan
벪,U+BCAA,0,0,0,0,0,0.16046142578125,0.59686279296875,0.17755126953125,3,nan,nan
벫,U+BCAB,0,0,0,0,0,0.15545654296875,0.5859375,0.17828369140625,3,nan,nan
벬,U+BCAC,0,0,0,0,0,0.14990234375,0.58746337890625,0.1658935546875,4,nan,nan
벭,U+BCAD,0,0,0,0,0,0.1502685546875,0.5855712890625,0.16357421875,5,nan,nan
벮,U+BCAE,0,0,1,1,0,0.16143798828125,0.582763671875,0.16485595703125,6,nan,nan
벯,U+BCAF,0,0,0,0,0,0.1541748046875,0.59375,0.17041015625,5,nan,nan
벰,U+BCB0,0,0,0,0,1,0.135498046875,0.567626953125,0.13909912109375,3,10.815785126890816,0.6924954112322816
벱,U+BCB1,0,0,0,0,0,0.13433837890625,0.5555419921875,0.138916015625,5,nan,nan
벲,U+BCB2,0,0,0,0,0,0.1519775390625,0.59033203125,0.15521240234375,6,nan,nan
벳,U+BCB3,0,0,0,0,0,0.14447021484375,0.56866455078125,0.13232421875,4,nan,nan
벴,U+BCB4,0,0,0,0,0,0.14642333984375,0.58447265625,0.14031982421875,3,nan,nan
벵,U+BCB5,0,0,0,0,0,0.13934326171875,0.57220458984375,0.12799072265625,4,nan,nan
벶,U+BCB6,0,0,1,1,0,0.1483154296875,0.599853515625,0.13824462890625,4,nan,nan
벷,U+BCB7,0,0,0,0,0,0.14520263671875,0.5767822265625,0.144287109375,3,nan,nan
벸,U+BCB8,0,0,1,1,0,0.124267578125,0.68115234375,0.128173828125,6,nan,nan
벹,U+BCB9,0,0,1,1,0,0.1505126953125,0.569091796875,0.1556396484375,4,nan,nan
벺,U+BCBA,0,0,0,0,0,0.15374755859375,0.6328125,0.158935546875,3,nan,nan
벻,U+BCBB,0,0,0,0,0,0.14599609375,0.5426025390625,0.14337158203125,6,nan,nan
벼,U+BCBC,0,0,0,0,0,0.09832763671875,0.6591796875,0.102294921875,3,nan,nan
벽,U+BCBD,0,0,0,0,0,0.1153564453125,0.55810546875,0.12933349609375,4,nan,nan
벾,U+BCBE,0,0,1,1,0,0.1085205078125,0.765625,0.136474609375,17,nan,nan
벿,U+BCBF,0,0,0,0,0,0.143798828125,0.65625,0.137451171875,6,nan,nan
변,U+BCC0,0,0,0,0,0,0.127685546875,0.7734375,0.1329345703125,4,nan,nan
볁,U+BCC1,0,0,1,1,0,0.13421630859375,0.640869140625,0.15814208984375,11,nan,nan
볂,U+BCC2,0,0,1,1,0,0.1407470703125,0.6015625,0.149658203125,7,nan,nan
볃,U+BCC3,0,0,1,1,0,0.11676025390625,0.52435302734375,0.139892578125,4,nan,nan
별,U+BCC4,0,0,0,0,0,0.1524658203125,0.6356201171875,0.15472412109375,5,nan,nan
볅,U+BCC5,0,0,0,0,0,0.1416015625,0.796875,0.16412353515625,8,nan,nan
볆,U+BCC6,0,0,0,0,0,0.15301513671875,0.6328125,0.1719970703125,5,nan,nan
볇,U+BCC7,0,0,0,0,0,0.1451416015625,0.78125,0.16033935546875,5,nan,nan
볈,U+BCC8,0,0,0,0,0,0.16534423828125,0.6690673828125,0.15771484375,7,nan,nan
볉,U+BCC9,0,0,0,0,0,0.13873291015625,0.640625,0.15362548828125,9,nan,nan
볊,U+BCCA,0,0,1,1,0,0.14642333984375,0.6640625,0.1571044921875,9,nan,nan
볋,U+BCCB,0,0,0,0,0,0.14410400390625,0.703125,0.16455078125,8,nan,nan
볌,U+BCCC,0,0,0,0,0,0.12469482421875,0.55694580078125,0.139892578125,3,nan,nan
볍,U+BCCD,0,0,0,0,0,0.134521484375,0.502685546875,0.13226318359375,3,nan,nan
볎,U+BCCE,0,0,0,0,0,0.127685546875,0.8125,0.1356201171875,9,nan,nan
볏,U+BCCF,0,0,0,0,0,0.12640380859375,0.75531005859375,0.12548828125,5,nan,nan
볐,U+BCD0,0,0,0,0,0,0.1597900390625,0.75,0.14324951171875,3,nan,nan
병,U+BCD1,0,0,0,0,0,0.14349365234375,0.58447265625,0.1243896484375,3,nan,nan
볒,U+BCD2,0,0,1,1,0,0.126220703125,0.59033203125,0.13555908203125,7,nan,nan
볓,U+BCD3,0,0,0,0,0,0.14093017578125,0.615234375,0.14453125,5,nan,nan
볔,U+BCD4,0,0,1,1,0,0.1285400390625,0.72125244140625,0.130859375,7,nan,nan
볕,U+BCD5,0,0,1,1,0,0.12860107421875,0.5555419921875,0.1485595703125,3,nan,nan
볖,U+BCD6,0,0,0,0,0,0.14666748046875,0.613037109375,0.15869140625,6,nan,nan
볗,U+BCD7,0,0,0,0,0,0.129150390625,0.56005859375,0.1300048828125,7,nan,nan
볘,U+BCD8,0,0,0,0,0,0.13043212890625,0.550537109375,0.14068603515625,3,nan,nan
볙,U+BCD9,0,0,0,0,0,0.13446044921875,0.6201171875,0.14312744140625,5,nan,nan
볚,U+BCDA,0,0,1,1,0,0.14031982421875,0.56396484375,0.15234375,3,nan,nan
볛,U+BCDB,0,0,0,0,0,0.1527099609375,0.65625,0.15350341796875,5,nan,nan
볜,U+BCDC,0,0,0,0,1,0.158203125,0.625,0.15313720703125,3,23.99429952523826,0.9524611146573413
볝,U+BCDD,0,0,1,1,0,0.1533203125,0.6536865234375,0.16204833984375,10,nan,nan
볞,U+BCDE,0,0,1,1,0,0.15484619140625,0.6171875,0.17437744140625,5,nan,nan
볟,U+BCDF,0,0,1,1,0,0.14642333984375,0.6171875,0.16265869140625,5,nan,nan
볠,U+BCE0,0,0,0,0,0,0.15936279296875,0.6201171875,0.17962646484375,6,nan,nan
볡,U+BCE1,0,0,0,0,0,0.16241455078125,0.6878662109375,0.1851806640625,7,nan,nan
볢,U+BCE2,0,0,0,0,0,0.17431640625,0.78289794921875,0.1907958984375,6,nan,nan
볣,U+BCE3,0,0,0,0,0,0.16015625,0.71038818359375,0.17962646484375,8,nan,nan
볤,U+BCE4,0,0,0,0,0,0.16033935546875,0.6666259765625,0.17822265625,6,nan,nan
볥,U+BCE5,0,0,0,0,0,0.15313720703125,0.5955810546875,0.18646240234375,9,nan,nan
볦,U+BCE6,0,0,1,1,0,0.168701171875,0.6171875,0.187255859375,10,nan,nan
볧,U+BCE7,0,0,0,0,0,0.178955078125,0.58056640625,0.18841552734375,4,nan,nan
볨,U+BCE8,0,0,0,0,0,0.15240478515625,0.7734375,0.1634521484375,10,nan,nan
볩,U+BCE9,0,0,0,0,0,0.12933349609375,0.561279296875,0.1492919921875,4,nan,nan
볪,U+BCEA,0,0,0,0,0,0.15069580078125,0.643310546875,0.167236328125,4,nan,nan
볫,U+BCEB,0,0,0,0,0,0.1551513671875,0.651123046875,0.14898681640625,5,nan,nan
볬,U+BCEC,0,0,0,0,0,0.18310546875,0.68212890625,0.1666259765625,2,nan,nan
볭,U+BCED,0,0,0,0,0,0.1483154296875,0.5859375,0.13140869140625,5,nan,nan
볮,U+BCEE,0,0,1,1,0,0.16241455078125,0.6356201171875,0.157470703125,5,nan,nan
볯,U+BCEF,0,0,0,0,0,0.15716552734375,0.6484375,0.17266845703125,3,nan,nan
볰,U+BCF0,0,0,1,1,0,0.13323974609375,0.609375,0.1427001953125,10,nan,nan
볱,U+BCF1,0,0,1,1,0,0.15081787109375,0.609375,0.16217041015625,6,nan,nan
볲,U+BCF2,0,0,0,0,0,0.14404296875,0.6328125,0.16241455078125,12,nan,nan
볳,U+BCF3,0,0,0,0,0,0.1356201171875,0.5859375,0.1312255859375,4,nan,nan
보,U+BCF4,0,0,0,0,0,0.08807373046875,0.44384765625,0.0894775390625,2,nan,nan
복,U+BCF5,0,0,0,0,0,0.1383056640625,0.7171630859375,0.1265869140625,4,nan,nan
볶,U+BCF6,0,0,1,1,0,0.11956787109375,0.6796875,0.1239013671875,4,nan,nan
볷,U+BCF7,0,0,0,0,0,0.1373291015625,0.71875,0.13873291015625,5,nan,nan
본,U+BCF8,0,0,0,0,0,0.10809326171875,0.55810546875,0.105712890625,3,nan,nan
볹,U+BCF9,0,0,1,1,0,0.15234375,0.765625,0.14227294921875,3,nan,nan
볺,U+BCFA,0,0,1,1,0,0.148193359375,0.6690673828125,0.1474609375,4,nan,nan
볻,U+BCFB,0,0,1,1,0,0.12646484375,0.713134765625,0.12640380859375,3,nan,nan
볼,U+BCFC,0,0,0,0,0,0.15521240234375,0.671875,0.15838623046875,4,nan,nan
볽,U+BCFD,0,0,0,0,0,0.1365966796875,0.609375,0.15069580078125,3,nan,nan
볾,U+BCFE,0,0,0,0,0,0.164794921875,0.6866455078125,0.18304443359375,5,nan,nan
볿,U+BCFF,0,0,0,0,0,0.1707763671875,0.64337158203125,0.16802978515625,3,nan,nan
봀,U+BD00,0,0,0,0,0,0.15228271484375,0.750732421875,0.15350341796875,10,nan,nan
봁,U+BD01,0,0,0,0,0,0.15777587890625,0.671875,0.1673583984375,4,nan,nan
봂,U+BD02,0,0,1,1,0,0.1533203125,0.744140625,0.16790771484375,5,nan,nan
봃,U+BD03,0,0,0,0,0,0.181640625,0.7906494140625,0.18377685546875,6,nan,nan
봄,U+BD04,0,0,0,0,0,0.14300537109375,0.8046875,0.15228271484375,2,nan,nan
봅,U+BD05,0,0,0,0,0,0.11175537109375,0.453125,0.11083984375,2,nan,nan
봆,U+BD06,0,0,0,0,0,0.14093017578125,0.61798095703125,0.1346435546875,4,nan,nan
봇,U+BD07,0,0,0,0,0,0.13055419921875,0.75823974609375,0.1231689453125,2,nan,nan
봈,U+BD08,0,0,0,0,0,0.15057373046875,0.765625,0.136962890625,3,nan,nan
봉,U+BD09,0,0,0,0,0,0.12554931640625,0.703125,0.1043701171875,4,nan,nan
봊,U+BD0A,0,0,1,1,0,0.14141845703125,0.7421875,0.13336181640625,3,nan,nan
봋,U+BD0B,0,0,0,0,0,0.141357421875,0.65625,0.1290283203125,4,nan,nan
봌,U+BD0C,0,0,1,1,0,0.134033203125,0.7578125,0.1427001953125,4,nan,nan
봍,U+BD0D,0,0,1,1,0,0.12957763671875,0.4998779296875,0.12457275390625,2,nan,nan
봎,U+BD0E,0,0,0,0,0,0.140869140625,0.765625,0.1444091796875,6,nan,nan
봏,U+BD0F,0,0,0,0,0,0.1307373046875,0.6171875,0.12860107421875,4,nan,nan
봐,U+BD10,0,0,0,0,0,0.1236572265625,0.6160888671875,0.11322021484375,3,nan,nan
봑,U+BD11,0,0,0,0,0,0.13824462890625,0.81390380859375,0.14447021484375,4,nan,nan
봒,U+BD12,0,0,1,1,0,0.15142822265625,0.7613525390625,0.15496826171875,2,nan,nan
봓,U+BD13,0,0,0,0,0,0.15264892578125,0.76904296875,0.15582275390625,3,nan,nan
봔,U+BD14,0,0,0,0,0,0.14434814453125,0.7906494140625,0.14447021484375,3,nan,nan
봕,U+BD15,0,0,1,1,0,0.13250732421875,0.643310546875,0.138916015625,4,nan,nan
봖,U+BD16,0,0,1,1,0,0.14324951171875,0.6690673828125,0.15081787109375,4,nan,nan
봗,U+BD17,0,0,1,1,0,0.13311767578125,0.732421875,0.1468505859375,4,nan,nan
봘,U+BD18,0,0,0,0,0,0.1810302734375,0.7578125,0.1734619140625,3,nan,nan
봙,U+BD19,0,0,0,0,0,0.16912841796875,0.765625,0.1671142578125,6,nan,nan
봚,U+BD1A,0,0,0,0,0,0.16973876953125,0.7109375,0.1883544921875,4,nan,nan
봛,U+BD1B,0,0,0,0,0,0.161376953125,0.6953125,0.18310546875,7,nan,nan
봜,U+BD1C,0,0,0,0,0,0.15411376953125,0.765625,0.163818359375,8,nan,nan
봝,U+BD1D,0,0,0,0,0,0.12939453125,0.68988037109375,0.15283203125,5,nan,nan
봞,U+BD1E,0,0,1,1,0,0.13067626953125,0.658447265625,0.15118408203125,6,nan,nan
봟,U+BD1F,0,0,0,0,0,0.189453125,0.70538330078125,0.18084716796875,4,nan,nan
봠,U+BD20,0,0,0,0,0,0.14105224609375,0.74169921875,0.1484375,3,nan,nan
봡,U+BD21,0,0,0,0,0,0.14569091796875,0.7286376953125,0.15057373046875,5,nan,nan
봢,U+BD22,0,0,0,0,0,0.15277099609375,0.7596435546875,0.16217041015625,4,nan,nan
봣,U+BD23,0,0,0,0,0,0.16973876953125,0.796875,0.148193359375,3,nan,nan
봤,U+BD24,0,0,0,0,0,0.17169189453125,0.764404296875,0.15478515625,3,nan,nan
봥,U+BD25,0,0,0,0,0,0.139892578125,0.76806640625,0.13262939453125,7,nan,nan
봦,U+BD26,0,0,1,1,0,0.15557861328125,0.7421875,0.14959716796875,3,nan,nan
봧,U+BD27,0,0,0,0,0,0.15289306640625,0.734375,0.15289306640625,5,nan,nan
봨,U+BD28,0,0,1,1,0,0.15069580078125,0.78289794921875,0.15521240234375,5,nan,nan
봩,U+BD29,0,0,1,1,0,0.1600341796875,0.7286376953125,0.16412353515625,3,nan,nan
봪,U+BD2A,0,0,0,0,0,0.15899658203125,0.78582763671875,0.16888427734375,5,nan,nan
봫,U+BD2B,0,0,0,0,0,0.14434814453125,0.70538330078125,0.13604736328125,4,nan,nan
봬,U+BD2C,0,0,0,0,0,0.12646484375,0.5301513671875,0.13885498046875,2,nan,nan
봭,U+BD2D,0,0,0,0,0,0.13812255859375,0.619384765625,0.15252685546875,4,nan,nan
봮,U+BD2E,0,0,1,1,0,0.15679931640625,0.65625,0.17230224609375,6,nan,nan
봯,U+BD2F,0,0,0,0,0,0.1649169921875,0.6875,0.17010498046875,5,nan,nan
봰,U+BD30,0,0,0,0,0,0.15643310546875,0.6640625,0.154052734375,4,nan,nan
봱,U+BD31,0,0,1,1,0,0.158935546875,0.6640625,0.1754150390625,7,nan,nan
봲,U+BD32,0,0,1,1,0,0.15576171875,0.6536865234375,0.172119140625,5,nan,nan
봳,U+BD33,0,0,1,1,0,0.147216796875,0.6180419921875,0.1597900390625,4,nan,nan
봴,U+BD34,0,0,0,0,0,0.17352294921875,0.6484375,0.18597412109375,4,nan,nan
봵,U+BD35,0,0,0,0,0,0.1761474609375,0.65625,0.1922607421875,5,nan,nan
봶,U+BD36,0,0,0,0,0,0.16162109375,0.6484375,0.18206787109375,5,nan,nan
봷,U+BD37,0,0,0,0,0,0.17486572265625,0.6484375,0.21014404296875,5,nan,nan
봸,U+BD38,0,0,0,0,0,0.17413330078125,0.68212890625,0.189453125,5,nan,nan
봹,U+BD39,0,0,0,0,0,0.17718505859375,0.6484375,0.1964111328125,5,nan,nan
봺,U+BD3A,0,0,1,1,0,0.16943359375,0.65625,0.19390869140625,6,nan,nan
봻,U+BD3B,0,0,0,0,0,0.17022705078125,0.6046142578125,0.18194580078125,6,nan,nan
봼,U+BD3C,0,0,0,0,0,0.153076171875,0.6005859375,0.17205810546875,3,nan,nan
봽,U+BD3D,0,0,0,0,0,0.14447021484375,0.76739501953125,0.1688232421875,7,nan,nan
봾,U+BD3E,0,0,0,0,0,0.1573486328125,0.734375,0.18695068359375,8,nan,nan
봿,U+BD3F,0,0,0,0,0,0.14874267578125,0.65087890625,0.1519775390625,3,nan,nan
뵀,U+BD40,0,0,0,0,0,0.17376708984375,0.67138671875,0.16796875,4,nan,nan
뵁,U+BD41,0,0,0,0,0,0.1649169921875,0.6552734375,0.1505126953125,4,nan,nan
뵂,U+BD42,0,0,1,1,0,0.159423828125,0.64599609375,0.16436767578125,5,nan,nan
뵃,U+BD43,0,0,0,0,0,0.16290283203125,0.661376953125,0.171630859375,3,nan,nan
뵄,U+BD44,0,0,1,1,0,0.151123046875,0.595703125,0.16357421875,3,nan,nan
뵅,U+BD45,0,0,1,1,0,0.1656494140625,0.6229248046875,0.17425537109375,5,nan,nan
뵆,U+BD46,0,0,0,0,0,0.14605712890625,0.6552734375,0.17034912109375,5,nan,nan
뵇,U+BD47,0,0,0,0,0,0.15472412109375,0.5859375,0.14453125,6,nan,nan
뵈,U+BD48,0,0,0,0,0,0.10772705078125,0.48779296875,0.10589599609375,3,nan,nan
뵉,U+BD49,0,0,0,0,0,0.12115478515625,0.502685546875,0.12701416015625,3,nan,nan
뵊,U+BD4A,0,0,1,1,0,0.1328125,0.5361328125,0.135498046875,3,nan,nan
뵋,U+BD4B,0,0,0,0,0,0.1539306640625,0.6484375,0.143310546875,2,nan,nan
뵌,U+BD4C,0,0,0,0,0,0.12933349609375,0.76739501953125,0.13348388671875,4,nan,nan
뵍,U+BD4D,0,0,1,1,0,0.1513671875,0.63323974609375,0.1605224609375,3,nan,nan
뵎,U+BD4E,0,0,1,1,0,0.15338134765625,0.57220458984375,0.15435791015625,6,nan,nan
뵏,U+BD4F,0,0,1,1,0,0.13189697265625,0.544921875,0.14178466796875,3,nan,nan
뵐,U+BD50,0,0,0,0,0,0.15576171875,0.79840087890625,0.15924072265625,5,nan,nan
뵑,U+BD51,0,0,0,0,0,0.149169921875,0.59375,0.1630859375,8,nan,nan
뵒,U+BD52,0,0,0,0,0,0.14013671875,0.6015625,0.16766357421875,4,nan,nan
뵓,U+BD53,0,0,0,0,0,0.16571044921875,0.609375,0.1671142578125,3,nan,nan
뵔,U+BD54,0,0,0,0,0,0.1431884765625,0.68212890625,0.16204833984375,5,nan,nan
뵕,U+BD55,0,0,0,0,0,0.1663818359375,0.59686279296875,0.16705322265625,5,nan,nan
뵖,U+BD56,0,0,1,1,0,0.16278076171875,0.625,0.1689453125,5,nan,nan
뵗,U+BD57,0,0,0,0,0,0.1695556640625,0.6015625,0.17706298828125,5,nan,nan
뵘,U+BD58,0,0,0,0,0,0.13458251953125,0.52642822265625,0.14385986328125,3,nan,nan
뵙,U+BD59,0,0,0,0,0,0.12420654296875,0.50115966796875,0.13470458984375,3,nan,nan
뵚,U+BD5A,0,0,0,0,0,0.150390625,0.6640625,0.15826416015625,7,nan,nan
뵛,U+BD5B,0,0,0,0,0,0.1484375,0.5882568359375,0.130859375,3,nan,nan
뵜,U+BD5C,0,0,0,0,0,0.16278076171875,0.64337158203125,0.1497802734375,5,nan,nan
뵝,U+BD5D,0,0,0,0,0,0.12445068359375,0.5185546875,0.1185302734375,4,nan,nan
뵞,U+BD5E,0,0,1,1,0,0.14276123046875,0.6015625,0.1412353515625,4,nan,nan
뵟,U+BD5F,0,0,0,0,0,0.14630126953125,0.6328125,0.14666748046875,4,nan,nan
뵠,U+BD60,0,0,1,1,0,0.13653564453125,0.5126953125,0.13555908203125,4,nan,nan
뵡,U+BD61,0,0,1,1,0,0.16021728515625,0.53485107421875,0.1534423828125,3,nan,nan
뵢,U+BD62,0,0,0,0,0,0.1524658203125,0.62786865234375,0.16241455078125,6,nan,nan
뵣,U+BD63,0,0,0,0,0,0.12457275390625,0.537353515625,0.12530517578125,3,nan,nan
뵤,U+BD64,0,0,0,0,0,0.0985107421875,0.482421875,0.10821533203125,1,nan,nan
뵥,U+BD65,0,0,0,0,0,0.1136474609375,0.6180419921875,0.12908935546875,4,nan,nan
뵦,U+BD66,0,0,1,1,0,0.12347412109375,0.65625,0.133544921875,3,nan,nan
뵧,U+BD67,0,0,0,0,0,0.1326904296875,0.734375,0.15045166015625,3,nan,nan
뵨,U+BD68,0,0,0,0,0,0.11138916015625,0.55389404296875,0.1214599609375,3,nan,nan
뵩,U+BD69,0,0,1,1,0,0.14141845703125,0.73638916015625,0.15008544921875,4,nan,nan
뵪,U+BD6A,0,0,1,1,0,0.13946533203125,0.703125,0.14593505859375,2,nan,nan
뵫,U+BD6B,0,0,1,1,0,0.12139892578125,0.613037109375,0.12939453125,3,nan,nan
뵬,U+BD6C,0,0,0,0,0,0.15203857421875,0.6046142578125,0.15850830078125,3,nan,nan
뵭,U+BD6D,0,0,0,0,0,0.13262939453125,0.6015625,0.15716552734375,3,nan,nan
뵮,U+BD6E,0,0,0,0,0,0.11907958984375,0.493896484375,0.14605712890625,5,nan,nan
뵯,U+BD6F,0,0,0,0,0,0.15350341796875,0.6229248046875,0.1680908203125,7,nan,nan
뵰,U+BD70,0,0,0,0,0,0.132568359375,0.64599609375,0.15606689453125,7,nan,nan
뵱,U+BD71,0,0,0,0,0,0.11083984375,0.546875,0.13671875,6,nan,nan
뵲,U+BD72,0,0,1,1,0,0.1483154296875,0.744140625,0.175537109375,5,nan,nan
뵳,U+BD73,0,0,0,0,0,0.1475830078125,0.72088623046875,0.1627197265625,2,nan,nan
뵴,U+BD74,0,0,0,0,0,0.1282958984375,0.819091796875,0.14605712890625,3,nan,nan
뵵,U+BD75,0,0,0,0,0,0.09344482421875,0.49609375,0.10662841796875,5,nan,nan
뵶,U+BD76,0,0,0,0,0,0.14727783203125,0.69818115234375,0.1541748046875,3,nan,nan
뵷,U+BD77,0,0,0,0,0,0.13201904296875,0.6103515625,0.12255859375,2,nan,nan
뵸,U+BD78,0,0,0,0,0,0.16046142578125,0.775146484375,0.1529541015625,4,nan,nan
뵹,U+BD79,0,0,0,0,0,0.10992431640625,0.579833984375,0.10723876953125,2,nan,nan
뵺,U+BD7A,0,0,1,1,0,0.1181640625,0.5234375,0.12896728515625,4,nan,nan
뵻,U+BD7B,0,0,0,0,0,0.10870361328125,0.609375,0.133544921875,6,nan,nan
뵼,U+BD7C,0,0,1,1,0,0.11865234375,0.65625,0.12908935546875,7,nan,nan
뵽,U+BD7D,0,0,1,1,0,0.097900390625,0.4998779296875,0.12567138671875,5,nan,nan
뵾,U+BD7E,0,0,0,0,0,0.1552734375,0.7421875,0.15966796875,2,nan,nan
뵿,U+BD7F,0,0,0,0,0,0.11993408203125,0.651123046875,0.13006591796875,5,nan,nan
부,U+BD80,0,0,0,0,0,0.1048583984375,0.6046142578125,0.097412109375,2,nan,nan
북,U+BD81,0,0,0,0,0,0.11578369140625,0.58343505859375,0.12017822265625,4,nan,nan
붂,U+BD82,0,0,1,1,0,0.13092041015625,0.625,0.11956787109375,2,nan,nan
붃,U+BD83,0,0,0,0,0,0.14300537109375,0.6690673828125,0.1397705078125,2,nan,nan
분,U+BD84,0,0,0,0,0,0.10211181640625,0.537353515625,0.10919189453125,4,nan,nan
붅,U+BD85,0,0,1,1,0,0.13079833984375,0.671875,0.13507080078125,3,nan,nan
붆,U+BD86,0,0,1,1,0,0.1396484375,0.6561279296875,0.14886474609375,6,nan,nan
붇,U+BD87,0,0,1,1,0,0.1229248046875,0.609375,0.120361328125,3,nan,nan
불,U+BD88,0,0,0,0,0,0.15509033203125,0.6953125,0.15606689453125,2,nan,nan
붉,U+BD89,0,0,0,0,0,0.12091064453125,0.6328125,0.12982177734375,4,nan,nan
붊,U+BD8A,0,0,0,0,0,0.1470947265625,0.615234375,0.148681640625,4,nan,nan
붋,U+BD8B,0,0,0,0,0,0.15191650390625,0.6796875,0.1619873046875,5,nan,nan
붌,U+BD8C,0,0,0,0,0,0.14599609375,0.63812255859375,0.14794921875,3,nan,nan
붍,U+BD8D,0,0,0,0,0,0.15008544921875,0.64599609375,0.1654052734375,5,nan,nan
붎,U+BD8E,0,0,1,1,0,0.170654296875,0.6796875,0.16705322265625,4,nan,nan
붏,U+BD8F,0,0,0,0,0,0.1605224609375,0.7109375,0.1702880859375,7,nan,nan
붐,U+BD90,0,0,0,0,0,0.13690185546875,0.59375,0.12823486328125,3,nan,nan
붑,U+BD91,0,0,0,0,0,0.1190185546875,0.46539306640625,0.11566162109375,4,nan,nan
붒,U+BD92,0,0,0,0,0,0.13330078125,0.6201171875,0.13897705078125,3,nan,nan
붓,U+BD93,0,0,0,0,0,0.12738037109375,0.59033203125,0.11114501953125,2,nan,nan
붔,U+BD94,0,0,0,0,0,0.15277099609375,0.63323974609375,0.13067626953125,3,nan,nan
붕,U+BD95,0,0,0,0,0,0.1038818359375,0.615234375,0.10394287109375,3,nan,nan
붖,U+BD96,0,0,1,1,0,0.111328125,0.538330078125,0.11822509765625,3,nan,nan
붗,U+BD97,0,0,0,0,0,0.10699462890625,0.515625,0.11309814453125,4,nan,nan
붘,U+BD98,0,0,1,1,0,0.1300048828125,0.59686279296875,0.13299560546875,3,nan,nan
붙,U+BD99,0,0,1,1,0,0.141845703125,0.5859375,0.13873291015625,3,nan,nan
붚,U+BD9A,0,0,0,0,0,0.1265869140625,0.625,0.13519287109375,4,nan,nan
붛,U+BD9B,0,0,0,0,0,0.1046142578125,0.50384521484375,0.1026611328125,4,nan,nan
붜,U+BD9C,0,0,0,0,0,0.1083984375,0.462890625,0.11236572265625,4,nan,nan
붝,U+BD9D,0,0,0,0,0,0.12841796875,0.53106689453125,0.130615234375,4,nan,nan
붞,U+BD9E,0,0,1,1,0,0.15069580078125,0.60809326171875,0.14666748046875,6,nan,nan
붟,U+BD9F,0,0,0,0,0,0.15380859375,0.6627197265625,0.14776611328125,6,nan,nan
붠,U+BDA0,0,0,0,0,0,0.131103515625,0.70458984375,0.1373291015625,6,nan,nan
붡,U+BDA1,0,0,1,1,0,0.13775634765625,0.6536865234375,0.14312744140625,2,nan,nan
붢,U+BDA2,0,0,1,1,0,0.16510009765625,0.65087890625,0.1697998046875,6,nan,nan
붣,U+BDA3,0,0,1,1,0,0.14697265625,0.59326171875,0.15155029296875,6,nan,nan
붤,U+BDA4,0,0,0,0,0,0.16375732421875,0.61236572265625,0.17413330078125,4,nan,nan
붥,U+BDA5,0,0,0,0,0,0.17095947265625,0.65625,0.1785888671875,7,nan,nan
붦,U+BDA6,0,0,0,0,0,0.1728515625,0.651123046875,0.1788330078125,5,nan,nan
붧,U+BDA7,0,0,0,0,0,0.16412353515625,0.63323974609375,0.17041015625,7,nan,nan
붨,U+BDA8,0,0,0,0,0,0.177978515625,0.7421875,0.17669677734375,3,nan,nan
붩,U+BDA9,0,0,0,0,0,0.17230224609375,0.6478271484375,0.17694091796875,4,nan,nan
붪,U+BDAA,0,0,1,1,0,0.16864013671875,0.666015625,0.177978515625,4,nan,nan
붫,U+BDAB,0,0,0,0,0,0.1683349609375,0.640625,0.18511962890625,4,nan,nan
붬,U+BDAC,0,0,0,0,0,0.1514892578125,0.58831787109375,0.14739990234375,4,nan,nan
붭,U+BDAD,0,0,0,0,0,0.13116455078125,0.509765625,0.140869140625,4,nan,nan
붮,U+BDAE,0,0,0,0,0,0.15740966796875,0.703857421875,0.160888671875,4,nan,nan
붯,U+BDAF,0,0,0,0,0,0.13037109375,0.5665283203125,0.14019775390625,3,nan,nan
붰,U+BDB0,0,0,0,0,0,0.17974853515625,0.72088623046875,0.16497802734375,5,nan,nan
붱,U+BDB1,0,0,0,0,0,0.1279296875,0.53521728515625,0.12158203125,3,nan,nan
붲,U+BDB2,0,0,1,1,0,0.146240234375,0.620361328125,0.14569091796875,5,nan,nan
붳,U+BDB3,0,0,0,0,0,0.164306640625,0.671875,0.1695556640625,4,nan,nan
붴,U+BDB4,0,0,1,1,0,0.14813232421875,0.52642822265625,0.13897705078125,3,nan,nan
붵,U+BDB5,0,0,1,1,0,0.15924072265625,0.580810546875,0.16357421875,5,nan,nan
붶,U+BDB6,0,0,0,0,0,0.15667724609375,0.6456298828125,0.162841796875,7,nan,nan
붷,U+BDB7,0,0,0,0,0,0.1793212890625,0.5855712890625,0.1474609375,6,nan,nan
붸,U+BDB8,0,0,0,0,0,0.13983154296875,0.5657958984375,0.1419677734375,4,nan,nan
붹,U+BDB9,0,0,0,0,0,0.16015625,0.7073974609375,0.159912109375,4,nan,nan
붺,U+BDBA,0,0,1,1,0,0.16339111328125,0.673583984375,0.16424560546875,6,nan,nan
붻,U+BDBB,0,0,0,0,0,0.1697998046875,0.71875,0.18212890625,8,nan,nan
붼,U+BDBC,0,0,0,0,0,0.15118408203125,0.7265625,0.181396484375,8,nan,nan
붽,U+BDBD,0,0,1,1,0,0.18231201171875,0.73638916015625,0.196533203125,8,nan,nan
붾,U+BDBE,0,0,1,1,0,0.18194580078125,0.7109375,0.1790771484375,7,nan,nan
붿,U+BDBF,0,0,1,1,0,0.15533447265625,0.62841796875,0.17694091796875,9,nan,nan
뷀,U+BDC0,0,0,0,0,0,0.195068359375,0.7109375,0.19976806640625,4,nan,nan
뷁,U+BDC1,0,0,0,0,0,0.19189453125,0.7109375,0.2005615234375,5,nan,nan
뷂,U+BDC2,0,0,0,0,0,0.1788330078125,0.6953125,0.19873046875,8,nan,nan
뷃,U+BDC3,0,0,0,0,0,0.18597412109375,0.7109375,0.20623779296875,8,nan,nan
뷄,U+BDC4,0,0,0,0,0,0.19525146484375,0.720703125,0.19854736328125,5,nan,nan
뷅,U+BDC5,0,0,0,0,0,0.18621826171875,0.701904296875,0.20062255859375,5,nan,nan
뷆,U+BDC6,0,0,1,1,0,0.18756103515625,0.7171630859375,0.19744873046875,8,nan,nan
뷇,U+BDC7,0,0,0,0,0,0.18035888671875,0.734375,0.1949462890625,9,nan,nan
뷈,U+BDC8,0,0,0,0,0,0.18646240234375,0.6767578125,0.18182373046875,6,nan,nan
뷉,U+BDC9,0,0,0,0,0,0.15777587890625,0.6536865234375,0.1715087890625,5,nan,nan
뷊,U+BDCA,0,0,0,0,0,0.18829345703125,0.7305908203125,0.19671630859375,8,nan,nan
뷋,U+BDCB,0,0,0,0,0,0.1756591796875,0.703857421875,0.17071533203125,5,nan,nan
뷌,U+BDCC,0,0,0,0,0,0.18927001953125,0.679443359375,0.17596435546875,5,nan,nan
뷍,U+BDCD,0,0,0,0,0,0.1785888671875,0.71875,0.1661376953125,6,nan,nan
뷎,U+BDCE,0,0,1,1,0,0.177001953125,0.68212890625,0.1824951171875,6,nan,nan
뷏,U+BDCF,0,0,0,0,0,0.16912841796875,0.73828125,0.172607421875,8,nan,nan
뷐,U+BDD0,0,0,1,1,0,0.1654052734375,0.670166015625,0.176025390625,6,nan,nan
뷑,U+BDD1,0,0,1,1,0,0.182861328125,0.6866455078125,0.19769287109375,6,nan,nan
뷒,U+BDD2,0,0,0,0,0,0.17730712890625,0.699951171875,0.1734619140625,7,nan,nan
뷓,U+BDD3,0,0,0,0,0,0.1744384765625,0.671875,0.15838623046875,5,nan,nan
뷔,U+BDD4,0,0,0,0,0,0.1094970703125,0.4793701171875,0.1082763671875,3,nan,nan
뷕,U+BDD5,0,0,0,0,0,0.12646484375,0.542724609375,0.12591552734375,4,nan,nan
뷖,U+BDD6,0,0,1,1,0,0.12109375,0.6046142578125,0.126220703125,5,nan,nan
뷗,U+BDD7,0,0,0,0,0,0.14483642578125,0.671875,0.134765625,3,nan,nan
뷘,U+BDD8,0,0,0,0,0,0.13653564453125,0.76739501953125,0.14324951171875,6,nan,nan
뷙,U+BDD9,0,0,1,1,0,0.1357421875,0.6844482421875,0.14373779296875,6,nan,nan
뷚,U+BDDA,0,0,1,1,0,0.14202880859375,0.64337158203125,0.16180419921875,9,nan,nan
뷛,U+BDDB,0,0,1,1,0,0.1234130859375,0.5921630859375,0.1435546875,6,nan,nan
뷜,U+BDDC,0,0,0,0,0,0.15057373046875,0.6201171875,0.15362548828125,4,nan,nan
뷝,U+BDDD,0,0,0,0,0,0.155517578125,0.6383056640625,0.15985107421875,5,nan,nan
뷞,U+BDDE,0,0,0,0,0,0.140380859375,0.6256103515625,0.1693115234375,3,nan,nan
뷟,U+BDDF,0,0,0,0,0,0.15362548828125,0.6640625,0.15423583984375,6,nan,nan
뷠,U+BDE0,0,0,0,0,0,0.15399169921875,0.6690673828125,0.15997314453125,5,nan,nan
뷡,U+BDE1,0,0,0,0,0,0.14227294921875,0.6796875,0.16485595703125,9,nan,nan
뷢,U+BDE2,0,0,1,1,0,0.1361083984375,0.67901611328125,0.15130615234375,8,nan,nan
뷣,U+BDE3,0,0,0,0,0,0.1746826171875,0.6875,0.171630859375,7,nan,nan
뷤,U+BDE4,0,0,0,0,0,0.1273193359375,0.6055908203125,0.14007568359375,4,nan,nan
뷥,U+BDE5,0,0,0,0,0,0.12518310546875,0.5537109375,0.13629150390625,4,nan,nan
뷦,U+BDE6,0,0,0,0,0,0.13677978515625,0.6875,0.14794921875,7,nan,nan
뷧,U+BDE7,0,0,0,0,0,0.1212158203125,0.5908203125,0.1251220703125,6,nan,nan
뷨,U+BDE8,0,0,0,0,0,0.1590576171875,0.6690673828125,0.14520263671875,4,nan,nan
뷩,U+BDE9,0,0,0,0,0,0.12982177734375,0.5855712890625,0.12060546875,4,nan,nan
뷪,U+BDEA,0,0,1,1,0,0.14752197265625,0.6561279296875,0.14410400390625,3,nan,nan
뷫,U+BDEB,0,0,0,0,0,0.13720703125,0.651123046875,0.14105224609375,4,nan,nan
뷬,U+BDEC,0,0,1,1,0,0.138427734375,0.6046142578125,0.1358642578125,5,nan,nan
뷭,U+BDED,0,0,1,1,0,0.1309814453125,0.556640625,0.14630126953125,4,nan,nan
뷮,U+BDEE,0,0,0,0,0,0.1297607421875,0.651123046875,0.1470947265625,5,nan,nan
뷯,U+BDEF,0,0,0,0,0,0.13836669921875,0.6229248046875,0.12982177734375,4,nan,nan
뷰,U+BDF0,0,0,0,0,0,0.0938720703125,0.54986572265625,0.10009765625,2,nan,nan
뷱,U+BDF1,0,0,0,0,0,0.1492919921875,0.6875,0.13232421875,3,nan,nan
뷲,U+BDF2,0,0,1,1,0,0.1300048828125,0.6953125,0.139404296875,4,nan,nan
뷳,U+BDF3,0,0,0,0,0,0.13983154296875,0.65185546875,0.142822265625,4,nan,nan
뷴,U+BDF4,0,0,0,0,0,0.10986328125,0.53466796875,0.11798095703125,4,nan,nan
뷵,U+BDF5,0,0,1,1,0,0.130859375,0.64251708984375,0.138427734375,2,nan,nan
뷶,U+BDF6,0,0,1,1,0,0.1202392578125,0.671875,0.141357421875,5,nan,nan
뷷,U+BDF7,0,0,1,1,0,0.1434326171875,0.6171875,0.14337158203125,2,nan,nan
뷸,U+BDF8,0,0,0,0,0,0.1571044921875,0.75,0.17724609375,8,nan,nan
뷹,U+BDF9,0,0,0,0,0,0.19036865234375,0.7421875,0.18585205078125,2,nan,nan
뷺,U+BDFA,0,0,0,0,0,0.1512451171875,0.6536865234375,0.1683349609375,4,nan,nan
뷻,U+BDFB,0,0,0,0,0,0.1708984375,0.7286376953125,0.18609619140625,5,nan,nan
뷼,U+BDFC,0,0,0,0,0,0.15216064453125,0.720703125,0.163330078125,5,nan,nan
뷽,U+BDFD,0,0,0,0,0,0.15008544921875,0.6875,0.17559814453125,5,nan,nan
뷾,U+BDFE,0,0,1,1,0,0.14434814453125,0.6844482421875,0.16668701171875,4,nan,nan
뷿,U+BDFF,0,0,0,0,0,0.17742919921875,0.7421875,0.18096923828125,5,nan,nan
븀,U+BE00,0,0,0,0,0,0.14215087890625,0.71142578125,0.14532470703125,3,nan,nan
븁,U+BE01,0,0,0,0,0,0.11224365234375,0.5390625,0.11712646484375,6,nan,nan
븂,U+BE02,0,0,0,0,0,0.13916015625,0.67437744140625,0.146728515625,4,nan,nan
븃,U+BE03,0,0,0,0,0,0.12799072265625,0.6015625,0.12646484375,7,nan,nan
븄,U+BE04,0,0,0,0,0,0.167236328125,0.7890625,0.14263916015625,4,nan,nan
븅,U+BE05,0,0,0,0,0,0.123291015625,0.73828125,0.11083984375,3,nan,nan
븆,U+BE06,0,0,1,1,0,0.1260986328125,0.579833984375,0.1248779296875,3,nan,nan
븇,U+BE07,0,0,0,0,0,0.12744140625,0.609375,0.13726806640625,4,nan,nan
븈,U+BE08,0,0,1,1,0,0.1500244140625,0.64599609375,0.1392822265625,2,nan,nan
븉,U+BE09,0,0,1,1,0,0.12384033203125,0.609375,0.1439208984375,8,nan,nan
븊,U+BE0A,0,0,0,0,0,0.13824462890625,0.640625,0.15167236328125,3,nan,nan
븋,U+BE0B,0,0,0,0,0,0.12359619140625,0.640625,0.1134033203125,5,nan,nan
브,U+BE0C,0,0,0,0,0,0.07110595703125,0.378662109375,0.07354736328125,2,nan,nan
븍,U+BE0D,0,0,0,0,0,0.12908935546875,0.5733642578125,0.11785888671875,3,nan,nan
븎,U+BE0E,0,0,1,1,0,0.1361083984375,0.671875,0.12646484375,4,nan,nan
븏,U+BE0F,0,0,0,0,0,0.13958740234375,0.6640625,0.12786865234375,3,nan,nan
븐,U+BE10,0,0,0,0,0,0.09808349609375,0.5357666015625,0.10211181640625,2,nan,nan
븑,U+BE11,0,0,1,1,0,0.14398193359375,0.671875,0.13458251953125,5,nan,nan
븒,U+BE12,0,0,1,1,0,0.1541748046875,0.671875,0.15557861328125,3,nan,nan
븓,U+BE13,0,0,1,1,0,0.14508056640625,0.582763671875,0.12548828125,3,nan,nan
블,U+BE14,0,0,0,0,0,0.1636962890625,0.5751953125,0.1517333984375,3,nan,nan
븕,U+BE15,0,0,0,0,0,0.1624755859375,0.625,0.154296875,7,nan,nan
븖,U+BE16,0,0,0,0,0,0.1405029296875,0.59307861328125,0.16644287109375,5,nan,nan
븗,U+BE17,0,0,0,0,0,0.175048828125,0.6976318359375,0.18017578125,4,nan,nan
븘,U+BE18,0,0,0,0,0,0.168701171875,0.692138671875,0.16162109375,5,nan,nan
븙,U+BE19,0,0,0,0,0,0.17095947265625,0.71875,0.17578125,4,nan,nan
븚,U+BE1A,0,0,1,1,0,0.1798095703125,0.76904296875,0.17987060546875,6,nan,nan
븛,U+BE1B,0,0,0,0,0,0.18768310546875,0.6953125,0.17926025390625,7,nan,nan
븜,U+BE1C,0,0,0,0,0,0.1541748046875,0.666015625,0.14276123046875,4,nan,nan
븝,U+BE1D,0,0,0,0,0,0.123046875,0.62310791015625,0.12115478515625,3,nan,nan
븞,U+BE1E,0,0,0,0,0,0.1572265625,0.658447265625,0.14007568359375,4,nan,nan
븟,U+BE1F,0,0,0,0,0,0.13616943359375,0.6031494140625,0.11431884765625,3,nan,nan
븠,U+BE20,0,0,0,0,0,0.1524658203125,0.6690673828125,0.13873291015625,3,nan,nan
븡,U+BE21,0,0,0,0,0,0.12078857421875,0.579833984375,0.10919189453125,4,nan,nan
븢,U+BE22,0,0,1,1,0,0.12152099609375,0.5859375,0.12310791015625,3,nan,nan
븣,U+BE23,0,0,0,0,0,0.14215087890625,0.578125,0.13018798828125,4,nan,nan
븤,U+BE24,0,0,1,1,0,0.14300537109375,0.6229248046875,0.13275146484375,4,nan,nan
븥,U+BE25,0,0,1,1,0,0.15130615234375,0.582763671875,0.137451171875,3,nan,nan
븦,U+BE26,0,0,0,0,0,0.1407470703125,0.613037109375,0.14361572265625,4,nan,nan
븧,U+BE27,0,0,0,0,0,0.127197265625,0.6015625,0.130615234375,11,nan,nan
븨,U+BE28,0,0,0,0,0,0.11700439453125,0.47149658203125,0.10662841796875,3,nan,nan
븩,U+BE29,0,0,0,0,0,0.1304931640625,0.59375,0.12969970703125,4,nan,nan
븪,U+BE2A,0,0,1,1,0,0.142822265625,0.58447265625,0.13238525390625,4,nan,nan
븫,U+BE2B,0,0,0,0,0,0.13714599609375,0.6328125,0.1341552734375,4,nan,nan
븬,U+BE2C,0,0,0,0,0,0.14227294921875,0.734375,0.15142822265625,7,nan,nan
븭,U+BE2D,0,0,1,1,0,0.1448974609375,0.640625,0.1585693359375,5,nan,nan
븮,U+BE2E,0,0,1,1,0,0.13336181640625,0.7305908203125,0.14642333984375,10,nan,nan
븯,U+BE2F,0,0,1,1,0,0.13629150390625,0.570556640625,0.1478271484375,5,nan,nan
븰,U+BE30,0,0,0,0,0,0.15301513671875,0.78289794921875,0.16290283203125,5,nan,nan
븱,U+BE31,0,0,0,0,0,0.15185546875,0.59375,0.15765380859375,4,nan,nan
븲,U+BE32,0,0,0,0,0,0.14105224609375,0.6015625,0.162841796875,5,nan,nan
븳,U+BE33,0,0,0,0,0,0.14544677734375,0.6328125,0.16058349609375,6,nan,nan
븴,U+BE34,0,0,0,0,0,0.15179443359375,0.6171875,0.16192626953125,4,nan,nan
븵,U+BE35,0,0,0,0,0,0.1497802734375,0.6356201171875,0.16046142578125,5,nan,nan
븶,U+BE36,0,0,1,1,0,0.153564453125,0.6484375,0.1614990234375,7,nan,nan
븷,U+BE37,0,0,0,0,0,0.1573486328125,0.615234375,0.1732177734375,5,nan,nan
븸,U+BE38,0,0,0,0,0,0.13671875,0.538330078125,0.147216796875,4,nan,nan
븹,U+BE39,0,0,0,0,0,0.11895751953125,0.5426025390625,0.14306640625,5,nan,nan
븺,U+BE3A,0,0,0,0,0,0.1331787109375,0.5950927734375,0.1409912109375,6,nan,nan
븻,U+BE3B,0,0,0,0,0,0.14324951171875,0.57806396484375,0.130615234375,4,nan,nan
븼,U+BE3C,0,0,0,0,0,0.1396484375,0.62060546875,0.144287109375,4,nan,nan
븽,U+BE3D,0,0,0,0,0,0.12298583984375,0.504150390625,0.10589599609375,4,nan,nan
븾,U+BE3E,0,0,1,1,0,0.1412353515625,0.6256103515625,0.14154052734375,8,nan,nan
븿,U+BE3F,0,0,0,0,0,0.1551513671875,0.6484375,0.15264892578125,7,nan,nan
빀,U+BE40,0,0,1,1,0,0.1453857421875,0.53466796875,0.14794921875,7,nan,nan
빁,U+BE41,0,0,1,1,0,0.1446533203125,0.54168701171875,0.158203125,5,nan,nan
빂,U+BE42,0,0,0,0,0,0.1365966796875,0.5859375,0.14923095703125,6,nan,nan
빃,U+BE43,0,0,0,0,0,0.14385986328125,0.5703125,0.12469482421875,4,nan,nan
비,U+BE44,0,0,0,0,0,0.09539794921875,0.5537109375,0.09844970703125,3,nan,nan
빅,U+BE45,0,0,0,0,0,0.11865234375,0.5234375,0.10748291015625,3,nan,nan
빆,U+BE46,0,0,1,1,0,0.11517333984375,0.546875,0.11761474609375,7,nan,nan
빇,U+BE47,0,0,0,0,0,0.1165771484375,0.609375,0.12188720703125,9,nan,nan
빈,U+BE48,0,0,0,0,0,0.10040283203125,0.55035400390625,0.1102294921875,3,nan,nan
빉,U+BE49,0,0,1,1,0,0.1319580078125,0.6201171875,0.12530517578125,6,nan,nan
빊,U+BE4A,0,0,1,1,0,0.1309814453125,0.5390625,0.13800048828125,3,nan,nan
빋,U+BE4B,0,0,1,1,0,0.11395263671875,0.5146484375,0.12359619140625,5,nan,nan
빌,U+BE4C,0,0,0,0,0,0.14483642578125,0.5859375,0.139892578125,5,nan,nan
빍,U+BE4D,0,0,0,0,0,0.12823486328125,0.6015625,0.135009765625,8,nan,nan
빎,U+BE4E,0,0,0,0,1,0.1259765625,0.7921142578125,0.1685791015625,17,9.091312765396388,0.5185656920204007
빏,U+BE4F,0,0,0,0,0,0.14996337890625,0.5859375,0.15850830078125,5,nan,nan
빐,U+BE50,0,0,0,0,0,0.1368408203125,0.640625,0.1392822265625,3,nan,nan
빑,U+BE51,0,0,0,0,0,0.12567138671875,0.5859375,0.14208984375,9,nan,nan
빒,U+BE52,0,0,1,1,0,0.1552734375,0.734375,0.1610107421875,7,nan,nan
빓,U+BE53,0,0,0,0,0,0.13983154296875,0.6171875,0.1572265625,9,nan,nan
빔,U+BE54,0,0,0,0,0,0.125,0.53485107421875,0.12713623046875,3,nan,nan
빕,U+BE55,0,0,0,0,0,0.10833740234375,0.461669921875,0.113037109375,3,nan,nan
빖,U+BE56,0,0,0,0,0,0.13531494140625,0.60272216796875,0.1304931640625,6,nan,nan
빗,U+BE57,0,0,0,0,0,0.12725830078125,0.55694580078125,0.10968017578125,3,nan,nan
빘,U+BE58,0,0,0,0,0,0.13458251953125,0.6328125,0.12701416015625,4,nan,nan
빙,U+BE59,0,0,0,0,0,0.1304931640625,0.515625,0.09466552734375,3,nan,nan
빚,U+BE5A,0,0,1,1,0,0.1253662109375,0.5625,0.12200927734375,4,nan,nan
빛,U+BE5B,0,0,0,0,0,0.11932373046875,0.569091796875,0.12750244140625,4,nan,nan
빜,U+BE5C,0,0,1,1,0,0.1201171875,0.4840087890625,0.107177734375,6,nan,nan
빝,U+BE5D,0,0,1,1,0,0.12945556640625,0.51934814453125,0.13714599609375,3,nan,nan
빞,U+BE5E,0,0,0,0,0,0.12701416015625,0.6328125,0.1378173828125,5,nan,nan
빟,U+BE5F,0,0,0,0,0,0.100341796875,0.53125,0.122314453125,5,nan,nan
빠,U+BE60,0,0,0,0,0,0.140380859375,0.86407470703125,0.14715576171875,9,nan,nan
빡,U+BE61,0,0,0,0,0,0.1273193359375,0.762939453125,0.158447265625,8,nan,nan
빢,U+BE62,0,0,1,1,0,0.15283203125,0.72021484375,0.14862060546875,4,nan,nan
빣,U+BE63,0,0,0,0,0,0.16650390625,0.759521484375,0.16998291015625,9,nan,nan
빤,U+BE64,0,0,0,0,0,0.12811279296875,0.79168701171875,0.15374755859375,5,nan,nan
빥,U+BE65,0,0,1,1,0,0.147705078125,0.74810791015625,0.1602783203125,6,nan,nan
빦,U+BE66,0,0,1,1,0,0.141845703125,0.83056640625,0.168212890625,11,nan,nan
빧,U+BE67,0,0,1,1,0,0.153564453125,0.7568359375,0.16802978515625,9,nan,nan
빨,U+BE68,0,0,0,0,0,0.203369140625,0.8046875,0.20965576171875,6,nan,nan
빩,U+BE69,0,0,0,0,0,0.16845703125,0.775146484375,0.1923828125,9,nan,nan
빪,U+BE6A,0,0,0,0,0,0.173095703125,0.734130859375,0.181640625,6,nan,nan
빫,U+BE6B,0,0,0,0,0,0.17767333984375,0.8203125,0.20013427734375,8,nan,nan
빬,U+BE6C,0,0,0,0,0,0.17047119140625,0.784423828125,0.190185546875,6,nan,nan
빭,U+BE6D,0,0,0,0,0,0.16033935546875,0.7998046875,0.19403076171875,6,nan,nan
빮,U+BE6E,0,0,1,1,0,0.18023681640625,0.8046875,0.18780517578125,5,nan,nan
빯,U+BE6F,0,0,0,0,0,0.18035888671875,0.7890625,0.199462890625,6,nan,nan
빰,U+BE70,0,0,0,0,0,0.15093994140625,0.79840087890625,0.1619873046875,4,nan,nan
빱,U+BE71,0,0,0,0,0,0.12445068359375,0.74169921875,0.13909912109375,5,nan,nan
빲,U+BE72,0,0,0,0,0,0.1458740234375,0.729736328125,0.1728515625,7,nan,nan
빳,U+BE73,0,0,0,0,0,0.15032958984375,0.724609375,0.155029296875,6,nan,nan
빴,U+BE74,0,0,0,0,0,0.1839599609375,0.77838134765625,0.1678466796875,3,nan,nan
빵,U+BE75,0,0,0,0,1,0.1759033203125,0.8125,0.14373779296875,3,23.122350906427478,0.9472834623685571
빶,U+BE76,0,0,1,1,0,0.1568603515625,0.70697021484375,0.15478515625,3,nan,nan
빷,U+BE77,0,0,0,0,0,0.16180419921875,0.7613525390625,0.17010498046875,2,nan,nan
빸,U+BE78,0,0,1,1,0,0.14154052734375,0.8997802734375,0.15484619140625,10,nan,nan
빹,U+BE79,0,0,1,1,0,0.1549072265625,0.79168701171875,0.17364501953125,8,nan,nan
빺,U+BE7A,0,0,0,0,0,0.171630859375,0.75823974609375,0.19256591796875,7,nan,nan
빻,U+BE7B,0,0,0,0,0,0.15374755859375,0.724609375,0.1497802734375,10,nan,nan
빼,U+BE7C,0,0,0,0,0,0.12799072265625,0.514404296875,0.14447021484375,5,nan,nan
빽,U+BE7D,0,0,0,0,0,0.13916015625,0.69140625,0.16943359375,8,nan,nan
빾,U+BE7E,0,0,1,1,0,0.1640625,0.63006591796875,0.17724609375,5,nan,nan
빿,U+BE7F,0,0,0,0,0,0.1751708984375,0.6796875,0.18994140625,3,nan,nan
뺀,U+BE80,0,0,0,0,0,0.1614990234375,0.68505859375,0.16265869140625,4,nan,nan
뺁,U+BE81,0,0,1,1,0,0.1834716796875,0.701904296875,0.1861572265625,10,nan,nan
뺂,U+BE82,0,0,1,1,0,0.15545654296875,0.656982421875,0.19122314453125,7,nan,nan
뺃,U+BE83,0,0,1,1,0,0.1539306640625,0.64984130859375,0.17645263671875,8,nan,nan
뺄,U+BE84,0,0,0,0,0,0.20526123046875,0.701904296875,0.2034912109375,3,nan,nan
뺅,U+BE85,0,0,0,0,0,0.1729736328125,0.703125,0.1905517578125,7,nan,nan
뺆,U+BE86,0,0,0,0,0,0.188720703125,0.67901611328125,0.2027587890625,5,nan,nan
뺇,U+BE87,0,0,0,0,0,0.17657470703125,0.7056884765625,0.20294189453125,6,nan,nan
뺈,U+BE88,0,0,0,0,0,0.2069091796875,0.7520751953125,0.1976318359375,4,nan,nan
뺉,U+BE89,0,0,0,0,0,0.17437744140625,0.7222900390625,0.2044677734375,7,nan,nan
뺊,U+BE8A,0,0,1,1,0,0.167236328125,0.679443359375,0.20233154296875,5,nan,nan
뺋,U+BE8B,0,0,0,0,0,0.1583251953125,0.6962890625,0.2005615234375,6,nan,nan
뺌,U+BE8C,0,0,0,0,0,0.15228271484375,0.670166015625,0.18475341796875,9,nan,nan
뺍,U+BE8D,0,0,0,0,0,0.162109375,0.63720703125,0.18109130859375,4,nan,nan
뺎,U+BE8E,0,0,0,0,0,0.173583984375,0.6986083984375,0.18072509765625,5,nan,nan
뺏,U+BE8F,0,0,0,0,0,0.1759033203125,0.677001953125,0.16827392578125,3,nan,nan
뺐,U+BE90,0,0,0,0,0,0.2005615234375,0.7117919921875,0.181884765625,5,nan,nan
뺑,U+BE91,0,0,0,0,0,0.1724853515625,0.679443359375,0.14984130859375,4,nan,nan
뺒,U+BE92,0,0,1,1,0,0.16302490234375,0.63201904296875,0.17486572265625,4,nan,nan
뺓,U+BE93,0,0,0,0,0,0.17828369140625,0.71484375,0.18804931640625,7,nan,nan
뺔,U+BE94,0,0,1,1,0,0.1575927734375,0.699951171875,0.1722412109375,6,nan,nan
뺕,U+BE95,0,0,1,1,0,0.18988037109375,0.6337890625,0.18365478515625,2,nan,nan
뺖,U+BE96,0,0,0,0,0,0.1873779296875,0.67205810546875,0.19097900390625,5,nan,nan
뺗,U+BE97,0,0,0,0,0,0.15679931640625,0.688720703125,0.16839599609375,8,nan,nan
뺘,U+BE98,0,0,0,0,0,0.13079833984375,0.4921875,0.13592529296875,4,nan,nan
뺙,U+BE99,0,0,0,0,0,0.1832275390625,0.82073974609375,0.1787109375,7,nan,nan
뺚,U+BE9A,0,0,1,1,0,0.15191650390625,0.67236328125,0.16851806640625,8,nan,nan
뺛,U+BE9B,0,0,0,0,0,0.18170166015625,0.8203125,0.16998291015625,7,nan,nan
뺜,U+BE9C,0,0,0,0,0,0.135986328125,0.7166748046875,0.1572265625,8,nan,nan
뺝,U+BE9D,0,0,1,1,0,0.17340087890625,0.71185302734375,0.16888427734375,2,nan,nan
뺞,U+BE9E,0,0,1,1,0,0.18402099609375,0.734619140625,0.18902587890625,6,nan,nan
뺟,U+BE9F,0,0,1,1,0,0.1607666015625,0.709716796875,0.17095947265625,6,nan,nan
뺠,U+BEA0,0,0,0,0,0,0.201416015625,0.8681640625,0.2017822265625,4,nan,nan
뺡,U+BEA1,0,0,0,0,0,0.17523193359375,0.7734375,0.18939208984375,6,nan,nan
뺢,U+BEA2,0,0,0,0,0,0.17919921875,0.744140625,0.19287109375,12,nan,nan
뺣,U+BEA3,0,0,0,0,0,0.177001953125,0.736328125,0.20220947265625,7,nan,nan
뺤,U+BEA4,0,0,0,0,0,0.22052001953125,0.837158203125,0.20526123046875,5,nan,nan
뺥,U+BEA5,0,0,0,0,0,0.155029296875,0.74810791015625,0.167236328125,5,nan,nan
뺦,U+BEA6,0,0,1,1,0,0.16192626953125,0.714111328125,0.17340087890625,7,nan,nan
뺧,U+BEA7,0,0,0,0,0,0.2105712890625,0.686767578125,0.1944580078125,6,nan,nan
뺨,U+BEA8,0,0,0,0,0,0.1724853515625,0.80621337890625,0.175537109375,5,nan,nan
뺩,U+BEA9,0,0,0,0,0,0.1741943359375,0.8271484375,0.17767333984375,6,nan,nan
뺪,U+BEAA,0,0,0,0,0,0.1561279296875,0.68280029296875,0.16778564453125,8,nan,nan
뺫,U+BEAB,0,0,0,0,0,0.1748046875,0.7236328125,0.17327880859375,8,nan,nan
뺬,U+BEAC,0,0,0,0,0,0.197265625,0.8265380859375,0.1685791015625,5,nan,nan
뺭,U+BEAD,0,0,0,0,0,0.17584228515625,0.700927734375,0.14556884765625,4,nan,nan
뺮,U+BEAE,0,0,1,1,0,0.18499755859375,0.7562255859375,0.17120361328125,8,nan,nan
뺯,U+BEAF,0,0,0,0,0,0.17022705078125,0.736328125,0.1761474609375,3,nan,nan
뺰,U+BEB0,0,0,1,1,0,0.19110107421875,0.8515625,0.17730712890625,6,nan,nan
뺱,U+BEB1,0,0,1,1,0,0.14752197265625,0.68280029296875,0.15631103515625,7,nan,nan
뺲,U+BEB2,0,0,0,0,0,0.22723388671875,0.837158203125,0.19744873046875,5,nan,nan
뺳,U+BEB3,0,0,0,0,0,0.16595458984375,0.779541015625,0.15625,6,nan,nan
뺴,U+BEB4,0,0,0,0,0,0.14764404296875,0.50152587890625,0.1474609375,3,nan,nan
뺵,U+BEB5,0,0,0,0,0,0.1524658203125,0.71319580078125,0.18096923828125,8,nan,nan
뺶,U+BEB6,0,0,1,1,0,0.16766357421875,0.61029052734375,0.17633056640625,5,nan,nan
뺷,U+BEB7,0,0,0,0,0,0.174560546875,0.6998291015625,0.19244384765625,6,nan,nan
뺸,U+BEB8,0,0,0,0,0,0.1602783203125,0.673828125,0.17034912109375,6,nan,nan
뺹,U+BEB9,0,0,1,1,0,0.1981201171875,0.71038818359375,0.1944580078125,3,nan,nan
뺺,U+BEBA,0,0,1,1,0,0.1737060546875,0.656982421875,0.19720458984375,6,nan,nan
뺻,U+BEBB,0,0,1,1,0,0.17333984375,0.68316650390625,0.18426513671875,4,nan,nan
뺼,U+BEBC,0,0,0,0,0,0.19744873046875,0.7265625,0.21539306640625,6,nan,nan
뺽,U+BEBD,0,0,0,0,0,0.1961669921875,0.71875,0.20343017578125,3,nan,nan
뺾,U+BEBE,0,0,0,0,0,0.20050048828125,0.6953125,0.21484375,5,nan,nan
뺿,U+BEBF,0,0,0,0,0,0.2056884765625,0.76739501953125,0.22900390625,7,nan,nan
뻀,U+BEC0,0,0,0,0,0,0.20166015625,0.729736328125,0.208740234375,6,nan,nan
뻁,U+BEC1,0,0,0,0,0,0.1915283203125,0.72821044921875,0.22119140625,4,nan,nan
뻂,U+BEC2,0,0,1,1,0,0.1944580078125,0.7152099609375,0.22021484375,3,nan,nan
뻃,U+BEC3,0,0,0,0,0,0.17535400390625,0.7265625,0.20257568359375,11,nan,nan
뻄,U+BEC4,0,0,0,0,0,0.18096923828125,0.69818115234375,0.19732666015625,5,nan,nan
뻅,U+BEC5,0,0,0,0,0,0.1739501953125,0.71875,0.18487548828125,7,nan,nan
뻆,U+BEC6,0,0,0,0,0,0.16375732421875,0.66412353515625,0.1812744140625,4,nan,nan
뻇,U+BEC7,0,0,0,0,0,0.17364501953125,0.69384765625,0.17242431640625,5,nan,nan
뻈,U+BEC8,0,0,0,0,0,0.18048095703125,0.681884765625,0.17413330078125,4,nan,nan
뻉,U+BEC9,0,0,0,0,0,0.17510986328125,0.64984130859375,0.1591796875,3,nan,nan
뻊,U+BECA,0,0,1,1,0,0.1787109375,0.732421875,0.196533203125,6,nan,nan
뻋,U+BECB,0,0,0,0,0,0.171142578125,0.67205810546875,0.18634033203125,7,nan,nan
뻌,U+BECC,0,0,1,1,0,0.16943359375,0.72479248046875,0.195068359375,8,nan,nan
뻍,U+BECD,0,0,1,1,0,0.19659423828125,0.71636962890625,0.18878173828125,5,nan,nan
뻎,U+BECE,0,0,0,0,0,0.180908203125,0.68682861328125,0.2064208984375,3,nan,nan
뻏,U+BECF,0,0,0,0,0,0.16168212890625,0.6925048828125,0.1669921875,7,nan,nan
뻐,U+BED0,0,0,0,0,0,0.12109375,0.415283203125,0.114501953125,2,nan,nan
뻑,U+BED1,0,0,0,0,0,0.14337158203125,0.62762451171875,0.145263671875,6,nan,nan
뻒,U+BED2,0,0,1,1,0,0.129638671875,0.58447265625,0.14715576171875,4,nan,nan
뻓,U+BED3,0,0,0,0,0,0.15679931640625,0.72479248046875,0.14886474609375,6,nan,nan
뻔,U+BED4,0,0,0,0,0,0.13763427734375,0.62774658203125,0.15087890625,5,nan,nan
뻕,U+BED5,0,0,1,1,0,0.14251708984375,0.6553955078125,0.15142822265625,4,nan,nan
뻖,U+BED6,0,0,1,1,0,0.1341552734375,0.630615234375,0.15673828125,7,nan,nan
뻗,U+BED7,0,0,1,1,0,0.13726806640625,0.5545654296875,0.1488037109375,3,nan,nan
뻘,U+BED8,0,0,0,0,0,0.168701171875,0.6383056640625,0.1729736328125,3,nan,nan
뻙,U+BED9,0,0,0,0,0,0.166259765625,0.734375,0.17877197265625,7,nan,nan
뻚,U+BEDA,0,0,0,0,0,0.180908203125,0.625,0.1796875,4,nan,nan
뻛,U+BEDB,0,0,0,0,0,0.19903564453125,0.6796875,0.1944580078125,5,nan,nan
뻜,U+BEDC,0,0,0,0,0,0.1810302734375,0.7265625,0.18829345703125,6,nan,nan
뻝,U+BEDD,0,0,0,0,0,0.1671142578125,0.692138671875,0.181396484375,5,nan,nan
뻞,U+BEDE,0,0,1,1,0,0.16754150390625,0.67437744140625,0.17535400390625,3,nan,nan
뻟,U+BEDF,0,0,0,0,0,0.13787841796875,0.7286376953125,0.16571044921875,6,nan,nan
뻠,U+BEE0,0,0,0,0,0,0.1595458984375,0.62310791015625,0.16644287109375,3,nan,nan
뻡,U+BEE1,0,0,0,0,0,0.16143798828125,0.6329345703125,0.160400390625,3,nan,nan
뻢,U+BEE2,0,0,0,0,0,0.12353515625,0.615234375,0.156005859375,5,nan,nan
뻣,U+BEE3,0,0,0,0,0,0.141357421875,0.579345703125,0.1441650390625,4,nan,nan
뻤,U+BEE4,0,0,0,0,0,0.1761474609375,0.703857421875,0.16375732421875,4,nan,nan
뻥,U+BEE5,0,0,0,0,0,0.1663818359375,0.610595703125,0.1319580078125,3,nan,nan
뻦,U+BEE6,0,0,1,1,0,0.1611328125,0.6627197265625,0.159423828125,3,nan,nan
뻧,U+BEE7,0,0,0,0,0,0.15228271484375,0.6640625,0.161376953125,7,nan,nan
뻨,U+BEE8,0,0,1,1,0,0.15203857421875,0.6180419921875,0.151611328125,5,nan,nan
뻩,U+BEE9,0,0,1,1,0,0.16015625,0.6031494140625,0.16851806640625,6,nan,nan
뻪,U+BEEA,0,0,0,0,0,0.14520263671875,0.6409912109375,0.15802001953125,5,nan,nan
뻫,U+BEEB,0,0,0,0,0,0.146728515625,0.5908203125,0.1527099609375,5,nan,nan
뻬,U+BEEC,0,0,0,0,0,0.1593017578125,0.55078125,0.144287109375,3,nan,nan
뻭,U+BEED,0,0,0,0,0,0.15972900390625,0.69427490234375,0.17437744140625,7,nan,nan
뻮,U+BEEE,0,0,1,1,0,0.1656494140625,0.63720703125,0.17706298828125,5,nan,nan
뻯,U+BEEF,0,0,0,0,0,0.18658447265625,0.749267578125,0.17913818359375,5,nan,nan
뻰,U+BEF0,0,0,0,0,0,0.16839599609375,0.68316650390625,0.18243408203125,4,nan,nan
뻱,U+BEF1,0,0,1,1,0,0.207275390625,0.72216796875,0.19366455078125,6,nan,nan
뻲,U+BEF2,0,0,1,1,0,0.20550537109375,0.753662109375,0.20880126953125,7,nan,nan
뻳,U+BEF3,0,0,1,1,0,0.15899658203125,0.6756591796875,0.185302734375,6,nan,nan
뻴,U+BEF4,0,0,0,0,0,0.19500732421875,0.7109375,0.19512939453125,7,nan,nan
뻵,U+BEF5,0,0,0,0,0,0.211181640625,0.703125,0.21343994140625,5,nan,nan
뻶,U+BEF6,0,0,0,0,0,0.19342041015625,0.6478271484375,0.21209716796875,3,nan,nan
뻷,U+BEF7,0,0,0,0,0,0.2247314453125,0.7265625,0.2060546875,3,nan,nan
뻸,U+BEF8,0,0,0,0,0,0.17333984375,0.7286376953125,0.189697265625,7,nan,nan
뻹,U+BEF9,0,0,0,0,0,0.191650390625,0.744140625,0.2130126953125,6,nan,nan
뻺,U+BEFA,0,0,1,1,0,0.18963623046875,0.713134765625,0.21136474609375,5,nan,nan
뻻,U+BEFB,0,0,0,0,0,0.20037841796875,0.75,0.20782470703125,5,nan,nan
뻼,U+BEFC,0,0,0,0,0,0.1773681640625,0.62469482421875,0.186279296875,5,nan,nan
뻽,U+BEFD,0,0,0,0,0,0.15277099609375,0.62310791015625,0.17059326171875,6,nan,nan
뻾,U+BEFE,0,0,0,0,0,0.19036865234375,0.7596435546875,0.196044921875,5,nan,nan
뻿,U+BEFF,0,0,0,0,0,0.17730712890625,0.69580078125,0.172607421875,4,nan,nan
뼀,U+BF00,0,0,0,0,0,0.20013427734375,0.72509765625,0.197021484375,6,nan,nan
뼁,U+BF01,0,0,0,0,0,0.1806640625,0.759521484375,0.150146484375,4,nan,nan
뼂,U+BF02,0,0,1,1,0,0.17218017578125,0.71636962890625,0.17108154296875,8,nan,nan
뼃,U+BF03,0,0,0,0,0,0.16986083984375,0.69427490234375,0.1787109375,7,nan,nan
뼄,U+BF04,0,0,1,1,0,0.14788818359375,0.7109375,0.17095947265625,7,nan,nan
뼅,U+BF05,0,0,1,1,0,0.210205078125,0.703125,0.19061279296875,3,nan,nan
뼆,U+BF06,0,0,0,0,0,0.18731689453125,0.679443359375,0.2008056640625,5,nan,nan
뼇,U+BF07,0,0,0,0,0,0.1634521484375,0.6690673828125,0.1639404296875,4,nan,nan
뼈,U+BF08,0,0,0,0,0,0.1348876953125,0.42572021484375,0.126953125,2,nan,nan
뼉,U+BF09,0,0,0,0,0,0.1407470703125,0.60693359375,0.143310546875,2,nan,nan
뼊,U+BF0A,0,0,1,1,0,0.17041015625,0.703125,0.165771484375,4,nan,nan
뼋,U+BF0B,0,0,0,0,0,0.1866455078125,0.71484375,0.16558837890625,5,nan,nan
뼌,U+BF0C,0,0,0,0,0,0.1553955078125,0.6484375,0.1407470703125,3,nan,nan
뼍,U+BF0D,0,0,1,1,0,0.18194580078125,0.81390380859375,0.18115234375,6,nan,nan
뼎,U+BF0E,0,0,1,1,0,0.1759033203125,0.70538330078125,0.1693115234375,7,nan,nan
뼏,U+BF0F,0,0,1,1,0,0.177490234375,0.70751953125,0.16943359375,6,nan,nan
뼐,U+BF10,0,0,0,0,0,0.1978759765625,0.7265625,0.189453125,5,nan,nan
뼑,U+BF11,0,0,0,0,0,0.18280029296875,0.65625,0.18975830078125,10,nan,nan
뼒,U+BF12,0,0,0,0,0,0.20135498046875,0.671875,0.17938232421875,5,nan,nan
뼓,U+BF13,0,0,0,0,0,0.18841552734375,0.671875,0.18084716796875,5,nan,nan
뼔,U+BF14,0,0,0,0,0,0.20098876953125,0.744140625,0.1929931640625,3,nan,nan
뼕,U+BF15,0,0,0,0,0,0.17755126953125,0.703125,0.18182373046875,6,nan,nan
뼖,U+BF16,0,0,1,1,0,0.17352294921875,0.66375732421875,0.16510009765625,4,nan,nan
뼗,U+BF17,0,0,0,0,0,0.18743896484375,0.8671875,0.1944580078125,4,nan,nan
뼘,U+BF18,0,0,0,0,0,0.17327880859375,0.64337158203125,0.16943359375,5,nan,nan
뼙,U+BF19,0,0,0,0,0,0.1864013671875,0.640869140625,0.17083740234375,4,nan,nan
뼚,U+BF1A,0,0,0,0,0,0.17889404296875,0.701904296875,0.17169189453125,7,nan,nan
뼛,U+BF1B,0,0,0,0,0,0.15875244140625,0.60284423828125,0.16180419921875,3,nan,nan
뼜,U+BF1C,0,0,0,0,0,0.19287109375,0.6925048828125,0.165283203125,3,nan,nan
뼝,U+BF1D,0,0,0,0,0,0.1671142578125,0.613037109375,0.1314697265625,3,nan,nan
뼞,U+BF1E,0,0,1,1,0,0.165771484375,0.67138671875,0.16455078125,5,nan,nan
뼟,U+BF1F,0,0,0,0,0,0.17547607421875,0.6844482421875,0.1776123046875,5,nan,nan
뼠,U+BF20,0,0,1,1,0,0.16925048828125,0.61065673828125,0.16082763671875,4,nan,nan
뼡,U+BF21,0,0,1,1,0,0.19384765625,0.6561279296875,0.17706298828125,3,nan,nan
뼢,U+BF22,0,0,0,0,0,0.181640625,0.70538330078125,0.17822265625,3,nan,nan
뼣,U+BF23,0,0,0,0,0,0.15753173828125,0.6229248046875,0.15338134765625,7,nan,nan
뼤,U+BF24,0,0,0,0,0,0.1690673828125,0.56494140625,0.15814208984375,2,nan,nan
뼥,U+BF25,0,0,0,0,0,0.162353515625,0.642578125,0.1778564453125,5,nan,nan
뼦,U+BF26,0,0,1,1,0,0.1605224609375,0.70538330078125,0.1810302734375,5,nan,nan
뼧,U+BF27,0,0,0,0,0,0.1986083984375,0.76904296875,0.188720703125,7,nan,nan
뼨,U+BF28,0,0,0,0,0,0.198974609375,0.71875,0.18560791015625,7,nan,nan
뼩,U+BF29,0,0,1,1,0,0.23529052734375,0.765625,0.2266845703125,7,nan,nan
뼪,U+BF2A,0,0,1,1,0,0.2138671875,0.7578125,0.22076416015625,6,nan,nan
뼫,U+BF2B,0,0,1,1,0,0.16473388671875,0.67901611328125,0.18829345703125,7,nan,nan
뼬,U+BF2C,0,0,0,0,0,0.1922607421875,0.75,0.198974609375,8,nan,nan
뼭,U+BF2D,0,0,0,0,0,0.2069091796875,0.734375,0.2352294921875,7,nan,nan
뼮,U+BF2E,0,0,0,0,0,0.20269775390625,0.75,0.22735595703125,5,nan,nan
뼯,U+BF2F,0,0,0,0,0,0.20831298828125,0.7734375,0.22857666015625,8,nan,nan
뼰,U+BF30,0,0,0,0,0,0.22344970703125,0.75,0.22088623046875,6,nan,nan
뼱,U+BF31,0,0,0,0,0,0.21685791015625,0.7890625,0.23553466796875,9,nan,nan
뼲,U+BF32,0,0,1,1,0,0.21044921875,0.76739501953125,0.22528076171875,5,nan,nan
뼳,U+BF33,0,0,0,0,0,0.19140625,0.78289794921875,0.2099609375,7,nan,nan
뼴,U+BF34,0,0,0,0,0,0.17578125,0.644287109375,0.19195556640625,7,nan,nan
뼵,U+BF35,0,0,0,0,0,0.18353271484375,0.703125,0.190185546875,7,nan,nan
뼶,U+BF36,0,0,0,0,0,0.18536376953125,0.732421875,0.199951171875,4,nan,nan
뼷,U+BF37,0,0,0,0,0,0.1748046875,0.699951171875,0.18170166015625,6,nan,nan
뼸,U+BF38,0,0,0,0,0,0.217529296875,0.750732421875,0.197265625,5,nan,nan
뼹,U+BF39,0,0,0,0,0,0.17950439453125,0.76068115234375,0.1490478515625,5,nan,nan
뼺,U+BF3A,0,0,1,1,0,0.19195556640625,0.744140625,0.19354248046875,7,nan,nan
뼻,U+BF3B,0,0,0,0,0,0.18463134765625,0.71875,0.19775390625,5,nan,nan
뼼,U+BF3C,0,0,1,1,0,0.1767578125,0.775146484375,0.191650390625,11,nan,nan
뼽,U+BF3D,0,0,1,1,0,0.18829345703125,0.703125,0.1971435546875,6,nan,nan
뼾,U+BF3E,0,0,0,0,0,0.178955078125,0.75,0.20123291015625,5,nan,nan
뼿,U+BF3F,0,0,0,0,0,0.16058349609375,0.66650390625,0.17218017578125,6,nan,nan
뽀,U+BF40,0,0,0,0,0,0.0992431640625,0.418701171875,0.1064453125,3,nan,nan
뽁,U+BF41,0,0,0,0,1,0.1622314453125,0.7109375,0.163330078125,3,22.72516127550052,0.9440443968579569
뽂,U+BF42,0,0,1,1,0,0.158203125,0.56304931640625,0.15130615234375,4,nan,nan
뽃,U+BF43,0,0,0,0,0,0.1766357421875,0.72088623046875,0.1719970703125,5,nan,nan
뽄,U+BF44,0,0,0,0,0,0.1541748046875,0.7305908203125,0.1607666015625,5,nan,nan
뽅,U+BF45,0,0,1,1,0,0.18756103515625,0.703125,0.18310546875,3,nan,nan
뽆,U+BF46,0,0,1,1,0,0.19671630859375,0.7109375,0.18572998046875,4,nan,nan
뽇,U+BF47,0,0,1,1,0,0.16595458984375,0.5751953125,0.160888671875,6,nan,nan
뽈,U+BF48,0,0,0,0,0,0.18353271484375,0.78125,0.179443359375,5,nan,nan
뽉,U+BF49,0,0,0,0,0,0.194091796875,0.71875,0.19293212890625,6,nan,nan
뽊,U+BF4A,0,0,0,0,0,0.2078857421875,0.7265625,0.20660400390625,5,nan,nan
뽋,U+BF4B,0,0,0,0,0,0.18743896484375,0.6953125,0.20263671875,6,nan,nan
뽌,U+BF4C,0,0,0,0,0,0.1868896484375,0.6875,0.19586181640625,5,nan,nan
뽍,U+BF4D,0,0,0,0,0,0.1522216796875,0.6171875,0.16070556640625,6,nan,nan
뽎,U+BF4E,0,0,1,1,0,0.21478271484375,0.734375,0.2042236328125,2,nan,nan
뽏,U+BF4F,0,0,0,0,0,0.2225341796875,0.7109375,0.20672607421875,4,nan,nan
뽐,U+BF50,0,0,0,0,0,0.18084716796875,0.7421875,0.17779541015625,6,nan,nan
뽑,U+BF51,0,0,0,0,0,0.1815185546875,0.7421875,0.174072265625,4,nan,nan
뽒,U+BF52,0,0,0,0,0,0.18133544921875,0.71875,0.18096923828125,4,nan,nan
뽓,U+BF53,0,0,0,0,0,0.171142578125,0.68115234375,0.155029296875,4,nan,nan
뽔,U+BF54,0,0,0,0,0,0.188720703125,0.70538330078125,0.17669677734375,3,nan,nan
뽕,U+BF55,0,0,0,0,0,0.14019775390625,0.515625,0.11749267578125,6,nan,nan
뽖,U+BF56,0,0,1,1,0,0.17901611328125,0.65625,0.1669921875,3,nan,nan
뽗,U+BF57,0,0,0,0,0,0.1478271484375,0.546875,0.154052734375,7,nan,nan
뽘,U+BF58,0,0,1,1,0,0.17742919921875,0.7109375,0.17498779296875,4,nan,nan
뽙,U+BF59,0,0,1,1,0,0.17706298828125,0.589111328125,0.17529296875,3,nan,nan
뽚,U+BF5A,0,0,0,0,0,0.15106201171875,0.765625,0.16766357421875,7,nan,nan
뽛,U+BF5B,0,0,0,0,0,0.141357421875,0.578125,0.146728515625,9,nan,nan
뽜,U+BF5C,0,0,0,0,0,0.1331787109375,0.5419921875,0.13079833984375,5,nan,nan
뽝,U+BF5D,0,0,0,0,0,0.14874267578125,0.74322509765625,0.1571044921875,5,nan,nan
뽞,U+BF5E,0,0,1,1,0,0.163330078125,0.7080078125,0.16937255859375,5,nan,nan
뽟,U+BF5F,0,0,0,0,0,0.189208984375,0.7274169921875,0.18341064453125,5,nan,nan
뽠,U+BF60,0,0,0,0,0,0.1549072265625,0.775146484375,0.16278076171875,6,nan,nan
뽡,U+BF61,0,0,1,1,0,0.1627197265625,0.71636962890625,0.17364501953125,7,nan,nan
뽢,U+BF62,0,0,1,1,0,0.16357421875,0.66412353515625,0.19097900390625,8,nan,nan
뽣,U+BF63,0,0,1,1,0,0.1517333984375,0.7130126953125,0.17388916015625,7,nan,nan
뽤,U+BF64,0,0,0,0,0,0.19305419921875,0.859375,0.1995849609375,7,nan,nan
뽥,U+BF65,0,0,0,0,0,0.2039794921875,0.7562255859375,0.19549560546875,10,nan,nan
뽦,U+BF66,0,0,0,0,0,0.197021484375,0.70452880859375,0.20159912109375,7,nan,nan
뽧,U+BF67,0,0,0,0,0,0.21588134765625,0.7706298828125,0.21795654296875,6,nan,nan
뽨,U+BF68,0,0,0,0,0,0.23297119140625,0.8258056640625,0.2088623046875,7,nan,nan
뽩,U+BF69,0,0,0,0,0,0.19305419921875,0.738525390625,0.21112060546875,7,nan,nan
뽪,U+BF6A,0,0,1,1,0,0.1708984375,0.708984375,0.190673828125,5,nan,nan
뽫,U+BF6B,0,0,0,0,0,0.22686767578125,0.8515625,0.2396240234375,6,nan,nan
뽬,U+BF6C,0,0,0,0,0,0.168212890625,0.7613525390625,0.18408203125,8,nan,nan
뽭,U+BF6D,0,0,0,0,0,0.15472412109375,0.7371826171875,0.18267822265625,10,nan,nan
뽮,U+BF6E,0,0,0,0,0,0.16693115234375,0.75823974609375,0.18328857421875,6,nan,nan
뽯,U+BF6F,0,0,0,0,0,0.1900634765625,0.78582763671875,0.17108154296875,5,nan,nan
뽰,U+BF70,0,0,0,0,0,0.20855712890625,0.859375,0.1915283203125,8,nan,nan
뽱,U+BF71,0,0,0,0,0,0.19317626953125,0.758056640625,0.15869140625,4,nan,nan
뽲,U+BF72,0,0,1,1,0,0.1746826171875,0.79345703125,0.17901611328125,4,nan,nan
뽳,U+BF73,0,0,0,0,0,0.16455078125,0.7568359375,0.1773681640625,7,nan,nan
뽴,U+BF74,0,0,1,1,0,0.1768798828125,0.76068115234375,0.17645263671875,5,nan,nan
뽵,U+BF75,0,0,1,1,0,0.17730712890625,0.784423828125,0.18804931640625,6,nan,nan
뽶,U+BF76,0,0,0,0,0,0.18560791015625,0.77545166015625,0.19354248046875,9,nan,nan
뽷,U+BF77,0,0,0,0,0,0.1927490234375,0.8382568359375,0.16668701171875,4,nan,nan
뽸,U+BF78,0,0,0,0,0,0.17193603515625,0.52691650390625,0.16510009765625,2,nan,nan
뽹,U+BF79,0,0,0,0,0,0.18505859375,0.65728759765625,0.18084716796875,5,nan,nan
뽺,U+BF7A,0,0,1,1,0,0.18115234375,0.62469482421875,0.1810302734375,5,nan,nan
뽻,U+BF7B,0,0,0,0,0,0.2030029296875,0.72479248046875,0.2003173828125,5,nan,nan
뽼,U+BF7C,0,0,0,0,0,0.16455078125,0.692138671875,0.183349609375,5,nan,nan
뽽,U+BF7D,0,0,1,1,0,0.19921875,0.69580078125,0.2191162109375,6,nan,nan
뽾,U+BF7E,0,0,1,1,0,0.2060546875,0.64251708984375,0.2159423828125,5,nan,nan
뽿,U+BF7F,0,0,1,1,0,0.16229248046875,0.5947265625,0.17498779296875,6,nan,nan
뾀,U+BF80,0,0,0,0,0,0.20269775390625,0.69818115234375,0.20654296875,7,nan,nan
뾁,U+BF81,0,0,0,0,0,0.210693359375,0.6756591796875,0.22216796875,5,nan,nan
뾂,U+BF82,0,0,0,0,0,0.2098388671875,0.6844482421875,0.2352294921875,6,nan,nan
뾃,U+BF83,0,0,0,0,0,0.2208251953125,0.75,0.23809814453125,7,nan,nan
뾄,U+BF84,0,0,0,0,0,0.2127685546875,0.7265625,0.22052001953125,6,nan,nan
뾅,U+BF85,0,0,0,0,0,0.21148681640625,0.6962890625,0.22271728515625,11,nan,nan
뾆,U+BF86,0,0,1,1,0,0.20794677734375,0.666015625,0.22930908203125,7,nan,nan
뾇,U+BF87,0,0,0,0,0,0.226318359375,0.71484375,0.22998046875,6,nan,nan
뾈,U+BF88,0,0,0,0,0,0.18060302734375,0.6976318359375,0.2060546875,6,nan,nan
뾉,U+BF89,0,0,0,0,0,0.17120361328125,0.6953125,0.20050048828125,12,nan,nan
뾊,U+BF8A,0,0,0,0,0,0.1783447265625,0.66650390625,0.20391845703125,7,nan,nan
뾋,U+BF8B,0,0,0,0,0,0.18145751953125,0.69000244140625,0.18572998046875,5,nan,nan
뾌,U+BF8C,0,0,0,0,0,0.19329833984375,0.6712646484375,0.20379638671875,6,nan,nan
뾍,U+BF8D,0,0,0,0,0,0.1746826171875,0.644287109375,0.1533203125,8,nan,nan
뾎,U+BF8E,0,0,1,1,0,0.207763671875,0.67901611328125,0.20391845703125,6,nan,nan
뾏,U+BF8F,0,0,0,0,0,0.19659423828125,0.68115234375,0.21246337890625,5,nan,nan
뾐,U+BF90,0,0,1,1,0,0.1776123046875,0.67901611328125,0.19195556640625,8,nan,nan
뾑,U+BF91,0,0,1,1,0,0.18878173828125,0.64990234375,0.19873046875,7,nan,nan
뾒,U+BF92,0,0,0,0,0,0.19183349609375,0.69427490234375,0.21551513671875,8,nan,nan
뾓,U+BF93,0,0,0,0,0,0.2132568359375,0.6953125,0.213134765625,3,nan,nan
뾔,U+BF94,0,0,0,0,0,0.14508056640625,0.474609375,0.14898681640625,3,nan,nan
뾕,U+BF95,0,0,0,0,0,0.1580810546875,0.61236572265625,0.165283203125,9,nan,nan
뾖,U+BF96,0,0,1,1,0,0.1702880859375,0.5859375,0.1754150390625,5,nan,nan
뾗,U+BF97,0,0,0,0,0,0.1678466796875,0.6844482421875,0.16949462890625,5,nan,nan
뾘,U+BF98,0,0,0,0,0,0.150634765625,0.609375,0.1578369140625,5,nan,nan
뾙,U+BF99,0,0,1,1,0,0.17474365234375,0.61236572265625,0.18853759765625,5,nan,nan
뾚,U+BF9A,0,0,1,1,0,0.196044921875,0.6075439453125,0.2083740234375,3,nan,nan
뾛,U+BF9B,0,0,1,1,0,0.16058349609375,0.5645751953125,0.175537109375,7,nan,nan
뾜,U+BF9C,0,0,0,0,0,0.19775390625,0.6171875,0.20196533203125,5,nan,nan
뾝,U+BF9D,0,0,0,0,0,0.2060546875,0.640625,0.19879150390625,8,nan,nan
뾞,U+BF9E,0,0,0,0,0,0.219482421875,0.61236572265625,0.20440673828125,6,nan,nan
뾟,U+BF9F,0,0,0,0,0,0.20489501953125,0.671875,0.21051025390625,5,nan,nan
뾠,U+BFA0,0,0,0,0,0,0.21075439453125,0.6561279296875,0.201416015625,6,nan,nan
뾡,U+BFA1,0,0,0,0,0,0.2105712890625,0.65625,0.19952392578125,5,nan,nan
뾢,U+BFA2,0,0,1,1,0,0.21307373046875,0.671875,0.1998291015625,6,nan,nan
뾣,U+BFA3,0,0,0,0,0,0.2247314453125,0.7265625,0.2216796875,6,nan,nan
뾤,U+BFA4,0,0,0,0,0,0.16455078125,0.5921630859375,0.179931640625,7,nan,nan
뾥,U+BFA5,0,0,0,0,0,0.1563720703125,0.65625,0.173828125,6,nan,nan
뾦,U+BFA6,0,0,0,0,0,0.15557861328125,0.580810546875,0.169921875,6,nan,nan
뾧,U+BFA7,0,0,0,0,0,0.1575927734375,0.582763671875,0.1700439453125,6,nan,nan
뾨,U+BFA8,0,0,0,0,0,0.2015380859375,0.66064453125,0.1824951171875,3,nan,nan
뾩,U+BFA9,0,0,0,0,0,0.17034912109375,0.59375,0.16064453125,6,nan,nan
뾪,U+BFAA,0,0,1,1,0,0.1671142578125,0.6229248046875,0.17279052734375,5,nan,nan
뾫,U+BFAB,0,0,0,0,0,0.1708984375,0.6201171875,0.17529296875,6,nan,nan
뾬,U+BFAC,0,0,1,1,0,0.1873779296875,0.6015625,0.17901611328125,4,nan,nan
뾭,U+BFAD,0,0,1,1,0,0.1939697265625,0.59375,0.2012939453125,6,nan,nan
뾮,U+BFAE,0,0,0,0,0,0.18634033203125,0.625,0.19024658203125,6,nan,nan
뾯,U+BFAF,0,0,0,0,0,0.1759033203125,0.6171875,0.17138671875,4,nan,nan
뾰,U+BFB0,0,0,0,0,0,0.1368408203125,0.468505859375,0.1302490234375,3,nan,nan
뾱,U+BFB1,0,0,0,0,0,0.1502685546875,0.6756591796875,0.1458740234375,2,nan,nan
뾲,U+BFB2,0,0,1,1,0,0.13623046875,0.5078125,0.15203857421875,4,nan,nan
뾳,U+BFB3,0,0,0,0,0,0.16851806640625,0.6953125,0.1680908203125,3,nan,nan
뾴,U+BFB4,0,0,0,0,0,0.14398193359375,0.5689697265625,0.1666259765625,4,nan,nan
뾵,U+BFB5,0,0,1,1,0,0.17681884765625,0.6953125,0.180419921875,3,nan,nan
뾶,U+BFB6,0,0,1,1,0,0.1754150390625,0.775146484375,0.18328857421875,7,nan,nan
뾷,U+BFB7,0,0,1,1,0,0.14874267578125,0.551025390625,0.15625,5,nan,nan
뾸,U+BFB8,0,0,0,0,0,0.19122314453125,0.7265625,0.1871337890625,5,nan,nan
뾹,U+BFB9,0,0,0,0,0,0.1781005859375,0.671875,0.1866455078125,3,nan,nan
뾺,U+BFBA,0,0,0,0,0,0.18658447265625,0.5614013671875,0.18829345703125,4,nan,nan
뾻,U+BFBB,0,0,0,0,0,0.191162109375,0.734375,0.1820068359375,4,nan,nan
뾼,U+BFBC,0,0,0,0,0,0.19744873046875,0.6953125,0.18389892578125,4,nan,nan
뾽,U+BFBD,0,0,0,0,0,0.15576171875,0.6328125,0.17340087890625,5,nan,nan
뾾,U+BFBE,0,0,1,1,0,0.19293212890625,0.75,0.19195556640625,2,nan,nan
뾿,U+BFBF,0,0,0,0,0,0.191162109375,0.75,0.187255859375,7,nan,nan
뿀,U+BFC0,0,0,0,0,0,0.15740966796875,0.7222900390625,0.176513671875,5,nan,nan
뿁,U+BFC1,0,0,0,0,0,0.15777587890625,0.5921630859375,0.1563720703125,5,nan,nan
뿂,U+BFC2,0,0,0,0,0,0.15301513671875,0.5921630859375,0.16107177734375,2,nan,nan
뿃,U+BFC3,0,0,0,0,0,0.17974853515625,0.65625,0.1585693359375,3,nan,nan
뿄,U+BFC4,0,0,0,0,0,0.17462158203125,0.6844482421875,0.16375732421875,4,nan,nan
뿅,U+BFC5,0,0,0,0,0,0.14337158203125,0.484375,0.132568359375,3,nan,nan
뿆,U+BFC6,0,0,1,1,0,0.177001953125,0.6796875,0.16729736328125,4,nan,nan
뿇,U+BFC7,0,0,0,0,0,0.1365966796875,0.61236572265625,0.14923095703125,5,nan,nan
뿈,U+BFC8,0,0,1,1,0,0.1693115234375,0.64337158203125,0.16693115234375,4,nan,nan
뿉,U+BFC9,0,0,1,1,0,0.18463134765625,0.5426025390625,0.1705322265625,3,nan,nan
뿊,U+BFCA,0,0,0,0,0,0.16168212890625,0.7734375,0.1658935546875,5,nan,nan
뿋,U+BFCB,0,0,0,0,0,0.15704345703125,0.578125,0.13824462890625,4,nan,nan
뿌,U+BFCC,0,0,0,0,0,0.13275146484375,0.48101806640625,0.1195068359375,3,nan,nan
뿍,U+BFCD,0,0,0,0,0,0.15423583984375,0.65887451171875,0.14886474609375,5,nan,nan
뿎,U+BFCE,0,0,1,1,0,0.123046875,0.44573974609375,0.128662109375,3,nan,nan
뿏,U+BFCF,0,0,0,0,0,0.15106201171875,0.6329345703125,0.15850830078125,5,nan,nan
뿐,U+BFD0,0,0,0,0,0,0.14111328125,0.65625,0.14361572265625,5,nan,nan
뿑,U+BFD1,0,0,1,1,0,0.13079833984375,0.610107421875,0.1458740234375,5,nan,nan
뿒,U+BFD2,0,0,1,1,0,0.14813232421875,0.6953125,0.1668701171875,8,nan,nan
뿓,U+BFD3,0,0,1,1,0,0.14398193359375,0.56585693359375,0.15484619140625,3,nan,nan
뿔,U+BFD4,0,0,0,0,0,0.18450927734375,0.703125,0.1937255859375,4,nan,nan
뿕,U+BFD5,0,0,0,0,0,0.18145751953125,0.609375,0.17730712890625,3,nan,nan
뿖,U+BFD6,0,0,0,0,0,0.18756103515625,0.569091796875,0.17645263671875,3,nan,nan
뿗,U+BFD7,0,0,0,0,0,0.1966552734375,0.70538330078125,0.19195556640625,3,nan,nan
뿘,U+BFD8,0,0,0,0,0,0.205322265625,0.640625,0.18304443359375,4,nan,nan
뿙,U+BFD9,0,0,0,0,0,0.179443359375,0.609375,0.180908203125,5,nan,nan
뿚,U+BFDA,0,0,1,1,0,0.196533203125,0.6484375,0.1737060546875,3,nan,nan
뿛,U+BFDB,0,0,0,0,0,0.20452880859375,0.7265625,0.19573974609375,5,nan,nan
뿜,U+BFDC,0,0,0,0,0,0.14849853515625,0.56591796875,0.13861083984375,3,nan,nan
뿝,U+BFDD,0,0,0,0,0,0.14031982421875,0.615234375,0.15545654296875,6,nan,nan
뿞,U+BFDE,0,0,0,0,0,0.14453125,0.49591064453125,0.16241455078125,4,nan,nan
뿟,U+BFDF,0,0,0,0,0,0.171875,0.599853515625,0.1387939453125,3,nan,nan
뿠,U+BFE0,0,0,0,0,0,0.183349609375,0.7265625,0.1739501953125,5,nan,nan
뿡,U+BFE1,0,0,0,0,0,0.144287109375,0.5767822265625,0.1326904296875,3,nan,nan
뿢,U+BFE2,0,0,1,1,0,0.161865234375,0.59375,0.1533203125,3,nan,nan
뿣,U+BFE3,0,0,0,0,0,0.14764404296875,0.5234375,0.13787841796875,3,nan,nan
뿤,U+BFE4,0,0,1,1,0,0.1685791015625,0.56005859375,0.15045166015625,6,nan,nan
뿥,U+BFE5,0,0,1,1,0,0.1746826171875,0.484375,0.161865234375,4,nan,nan
뿦,U+BFE6,0,0,0,0,0,0.1817626953125,0.703125,0.16778564453125,5,nan,nan
뿧,U+BFE7,0,0,0,0,0,0.14923095703125,0.5078125,0.13623046875,4,nan,nan
뿨,U+BFE8,0,0,0,0,0,0.14520263671875,0.5240478515625,0.16455078125,6,nan,nan
뿩,U+BFE9,0,0,0,0,0,0.17413330078125,0.64642333984375,0.17413330078125,8,nan,nan
뿪,U+BFEA,0,0,1,1,0,0.19268798828125,0.66064453125,0.19305419921875,3,nan,nan
뿫,U+BFEB,0,0,0,0,0,0.19891357421875,0.68084716796875,0.17095947265625,3,nan,nan
뿬,U+BFEC,0,0,0,0,0,0.1798095703125,0.60809326171875,0.1900634765625,8,nan,nan
뿭,U+BFED,0,0,1,1,0,0.198486328125,0.7073974609375,0.19287109375,6,nan,nan
뿮,U+BFEE,0,0,1,1,0,0.1942138671875,0.671875,0.2130126953125,5,nan,nan
뿯,U+BFEF,0,0,1,1,0,0.1873779296875,0.658447265625,0.19525146484375,10,nan,nan
뿰,U+BFF0,0,0,0,0,0,0.19464111328125,0.6690673828125,0.20684814453125,9,nan,nan
뿱,U+BFF1,0,0,0,0,0,0.20941162109375,0.63812255859375,0.20660400390625,7,nan,nan
뿲,U+BFF2,0,0,0,0,0,0.2303466796875,0.640869140625,0.21270751953125,11,nan,nan
뿳,U+BFF3,0,0,0,0,0,0.19866943359375,0.713134765625,0.209228515625,6,nan,nan
뿴,U+BFF4,0,0,0,0,0,0.199951171875,0.69818115234375,0.206298828125,6,nan,nan
뿵,U+BFF5,0,0,0,0,0,0.228515625,0.68316650390625,0.22161865234375,7,nan,nan
뿶,U+BFF6,0,0,1,1,0,0.21392822265625,0.68505859375,0.2127685546875,8,nan,nan
뿷,U+BFF7,0,0,0,0,0,0.2088623046875,0.7265625,0.21685791015625,7,nan,nan
뿸,U+BFF8,0,0,0,0,0,0.18353271484375,0.630615234375,0.1925048828125,7,nan,nan
뿹,U+BFF9,0,0,0,0,0,0.16937255859375,0.59820556640625,0.1734619140625,6,nan,nan
뿺,U+BFFA,0,0,0,0,0,0.18341064453125,0.6776123046875,0.19024658203125,5,nan,nan
뿻,U+BFFB,0,0,0,0,0,0.17327880859375,0.6298828125,0.176513671875,5,nan,nan
뿼,U+BFFC,0,0,0,0,0,0.186279296875,0.78076171875,0.18035888671875,10,nan,nan
뿽,U+BFFD,0,0,0,0,0,0.16961669921875,0.6229248046875,0.1588134765625,10,nan,nan
뿾,U+BFFE,0,0,1,1,0,0.1732177734375,0.6298828125,0.1798095703125,10,nan,nan
뿿,U+BFFF,0,0,0,0,0,0.18170166015625,0.65625,0.18121337890625,13,nan,nan
쀀,U+C000,0,0,1,1,0,0.19464111328125,0.5755615234375,0.1868896484375,4,nan,nan
쀁,U+C001,0,0,1,1,0,0.1927490234375,0.6561279296875,0.20245361328125,13,nan,nan
쀂,U+C002,0,0,0,0,0,0.16729736328125,0.6776123046875,0.18841552734375,5,nan,nan
쀃,U+C003,0,0,0,0,0,0.17303466796875,0.6357421875,0.1895751953125,6,nan,nan
쀄,U+C004,0,0,0,0,0,0.20458984375,0.6519775390625,0.1934814453125,4,nan,nan
쀅,U+C005,0,0,0,0,0,0.22882080078125,0.71319580078125,0.20184326171875,4,nan,nan
쀆,U+C006,0,0,1,1,0,0.2122802734375,0.690673828125,0.20831298828125,4,nan,nan
쀇,U+C007,0,0,0,0,0,0.20660400390625,0.732421875,0.19854736328125,7,nan,nan
쀈,U+C008,0,0,0,0,0,0.18133544921875,0.6827392578125,0.201171875,10,nan,nan
쀉,U+C009,0,0,1,1,0,0.2044677734375,0.697265625,0.21002197265625,7,nan,nan
쀊,U+C00A,0,0,1,1,0,0.22015380859375,0.70953369140625,0.22137451171875,9,nan,nan
쀋,U+C00B,0,0,1,1,0,0.18524169921875,0.673583984375,0.20489501953125,6,nan,nan
쀌,U+C00C,0,0,0,0,0,0.23248291015625,0.7578125,0.23468017578125,8,nan,nan
쀍,U+C00D,0,0,0,0,0,0.24761962890625,0.7357177734375,0.2525634765625,6,nan,nan
쀎,U+C00E,0,0,0,0,0,0.2235107421875,0.703125,0.22369384765625,11,nan,nan
쀏,U+C00F,0,0,0,0,0,0.21197509765625,0.7286376953125,0.24249267578125,10,nan,nan
쀐,U+C010,0,0,0,0,0,0.2093505859375,0.734375,0.19635009765625,7,nan,nan
쀑,U+C011,0,0,0,0,0,0.21014404296875,0.734375,0.2423095703125,13,nan,nan
쀒,U+C012,0,0,1,1,0,0.20953369140625,0.75,0.2353515625,14,nan,nan
쀓,U+C013,0,0,0,0,0,0.2315673828125,0.7578125,0.2305908203125,11,nan,nan
쀔,U+C014,0,0,0,0,0,0.20623779296875,0.713134765625,0.2142333984375,6,nan,nan
쀕,U+C015,0,0,0,0,0,0.19818115234375,0.69818115234375,0.20361328125,7,nan,nan
쀖,U+C016,0,0,0,0,0,0.19329833984375,0.6925048828125,0.205810546875,6,nan,nan
쀗,U+C017,0,0,0,0,0,0.20751953125,0.74005126953125,0.20013427734375,9,nan,nan
쀘,U+C018,0,0,0,0,0,0.21759033203125,0.749267578125,0.204833984375,4,nan,nan
쀙,U+C019,0,0,0,0,0,0.1923828125,0.699951171875,0.19305419921875,7,nan,nan
쀚,U+C01A,0,0,1,1,0,0.21759033203125,0.68505859375,0.2159423828125,5,nan,nan
쀛,U+C01B,0,0,0,0,0,0.2037353515625,0.70751953125,0.20880126953125,5,nan,nan
쀜,U+C01C,0,0,1,1,0,0.22003173828125,0.72479248046875,0.2181396484375,7,nan,nan
쀝,U+C01D,0,0,1,1,0,0.2109375,0.68682861328125,0.20660400390625,9,nan,nan
쀞,U+C01E,0,0,0,0,0,0.2305908203125,0.703857421875,0.21905517578125,6,nan,nan
쀟,U+C01F,0,0,0,0,0,0.224365234375,0.7578125,0.2183837890625,8,nan,nan
쀠,U+C020,0,0,0,0,0,0.15753173828125,0.507568359375,0.15496826171875,4,nan,nan
쀡,U+C021,0,0,0,0,0,0.16070556640625,0.6180419921875,0.155029296875,7,nan,nan
쀢,U+C022,0,0,1,1,0,0.1446533203125,0.5882568359375,0.158935546875,11,nan,nan
쀣,U+C023,0,0,0,0,0,0.18389892578125,0.6552734375,0.1680908203125,5,nan,nan
쀤,U+C024,0,0,0,0,0,0.1534423828125,0.625,0.1688232421875,10,nan,nan
쀥,U+C025,0,0,1,1,0,0.16259765625,0.5908203125,0.17413330078125,6,nan,nan
쀦,U+C026,0,0,1,1,0,0.16717529296875,0.65625,0.17822265625,11,nan,nan
쀧,U+C027,0,0,1,1,0,0.1536865234375,0.54931640625,0.17071533203125,3,nan,nan
쀨,U+C028,0,0,0,0,0,0.17730712890625,0.6356201171875,0.18841552734375,7,nan,nan
쀩,U+C029,0,0,0,0,0,0.1910400390625,0.609375,0.1812744140625,8,nan,nan
쀪,U+C02A,0,0,0,0,0,0.1837158203125,0.59375,0.19683837890625,8,nan,nan
쀫,U+C02B,0,0,0,0,0,0.18707275390625,0.67437744140625,0.20556640625,8,nan,nan
쀬,U+C02C,0,0,0,0,0,0.20184326171875,0.666015625,0.19635009765625,6,nan,nan
쀭,U+C02D,0,0,0,0,0,0.1749267578125,0.6767578125,0.1884765625,8,nan,nan
쀮,U+C02E,0,0,1,1,0,0.17645263671875,0.6046142578125,0.1890869140625,8,nan,nan
쀯,U+C02F,0,0,0,0,0,0.1983642578125,0.703125,0.2119140625,12,nan,nan
쀰,U+C030,0,0,0,0,0,0.16986083984375,0.6055908203125,0.18145751953125,4,nan,nan
쀱,U+C031,0,0,0,0,0,0.1529541015625,0.661376953125,0.16741943359375,9,nan,nan
쀲,U+C032,0,0,0,0,0,0.1571044921875,0.561767578125,0.17431640625,3,nan,nan
쀳,U+C033,0,0,0,0,0,0.1749267578125,0.609375,0.16650390625,5,nan,nan
쀴,U+C034,0,0,0,0,0,0.17169189453125,0.620361328125,0.16046142578125,7,nan,nan
쀵,U+C035,0,0,0,0,0,0.16168212890625,0.61236572265625,0.15924072265625,6,nan,nan
쀶,U+C036,0,0,1,1,0,0.15582275390625,0.6356201171875,0.16949462890625,10,nan,nan
쀷,U+C037,0,0,0,0,0,0.15631103515625,0.6201171875,0.1622314453125,9,nan,nan
쀸,U+C038,0,0,1,1,0,0.16192626953125,0.640625,0.16986083984375,6,nan,nan
쀹,U+C039,0,0,1,1,0,0.17718505859375,0.595703125,0.181884765625,7,nan,nan
쀺,U+C03A,0,0,0,0,0,0.173095703125,0.60809326171875,0.1773681640625,10,nan,nan
쀻,U+C03B,0,0,0,0,0,0.1796875,0.6103515625,0.177978515625,5,nan,nan
쀼,U+C03C,0,0,0,0,0,0.13433837890625,0.559326171875,0.12713623046875,3,nan,nan
쀽,U+C03D,0,0,0,0,0,0.1588134765625,0.6484375,0.14849853515625,5,nan,nan
쀾,U+C03E,0,0,1,1,0,0.1170654296875,0.48663330078125,0.14306640625,5,nan,nan
쀿,U+C03F,0,0,0,0,0,0.15472412109375,0.6767578125,0.1641845703125,4,nan,nan
쁀,U+C040,0,0,0,0,0,0.17059326171875,0.7286376953125,0.16424560546875,5,nan,nan
쁁,U+C041,0,0,1,1,0,0.1588134765625,0.640625,0.17218017578125,6,nan,nan
쁂,U+C042,0,0,1,1,0,0.17376708984375,0.625,0.17987060546875,4,nan,nan
쁃,U+C043,0,0,1,1,0,0.16815185546875,0.6015625,0.1646728515625,4,nan,nan
쁄,U+C044,0,0,0,0,0,0.1998291015625,0.7421875,0.1923828125,7,nan,nan
쁅,U+C045,0,0,0,0,0,0.1962890625,0.6015625,0.19512939453125,7,nan,nan
쁆,U+C046,0,0,0,0,0,0.18634033203125,0.59686279296875,0.187744140625,3,nan,nan
쁇,U+C047,0,0,0,0,0,0.20294189453125,0.6796875,0.18951416015625,4,nan,nan
쁈,U+C048,0,0,0,0,0,0.19659423828125,0.6875,0.1827392578125,5,nan,nan
쁉,U+C049,0,0,0,0,0,0.194091796875,0.640625,0.18865966796875,6,nan,nan
쁊,U+C04A,0,0,1,1,0,0.2032470703125,0.6953125,0.19378662109375,6,nan,nan
쁋,U+C04B,0,0,0,0,0,0.209716796875,0.6796875,0.1971435546875,4,nan,nan
쁌,U+C04C,0,0,0,0,0,0.171630859375,0.609375,0.16680908203125,3,nan,nan
쁍,U+C04D,0,0,0,0,0,0.15338134765625,0.661376953125,0.173828125,4,nan,nan
쁎,U+C04E,0,0,0,0,0,0.148193359375,0.5751953125,0.16387939453125,6,nan,nan
쁏,U+C04F,0,0,0,0,0,0.179931640625,0.6866455078125,0.16949462890625,6,nan,nan
쁐,U+C050,0,0,0,0,0,0.19921875,0.68988037109375,0.17474365234375,4,nan,nan
쁑,U+C051,0,0,0,0,0,0.13873291015625,0.527099609375,0.13665771484375,5,nan,nan
쁒,U+C052,0,0,1,1,0,0.18060302734375,0.6015625,0.1646728515625,2,nan,nan
쁓,U+C053,0,0,0,0,0,0.15545654296875,0.59375,0.15643310546875,4,nan,nan
쁔,U+C054,0,0,1,1,0,0.16473388671875,0.5955810546875,0.14874267578125,4,nan,nan
쁕,U+C055,0,0,1,1,0,0.1839599609375,0.546875,0.1590576171875,5,nan,nan
쁖,U+C056,0,0,0,0,0,0.17987060546875,0.671875,0.174560546875,5,nan,nan
쁗,U+C057,0,0,0,0,0,0.15753173828125,0.5390625,0.130859375,3,nan,nan
쁘,U+C058,0,0,0,0,0,0.08819580078125,0.388427734375,0.09661865234375,4,nan,nan
쁙,U+C059,0,0,0,0,0,0.1572265625,0.7568359375,0.1505126953125,5,nan,nan
쁚,U+C05A,0,0,1,1,0,0.166259765625,0.671875,0.15435791015625,5,nan,nan
쁛,U+C05B,0,0,0,0,0,0.175048828125,0.75,0.16180419921875,5,nan,nan
쁜,U+C05C,0,0,0,0,0,0.133544921875,0.68316650390625,0.15130615234375,5,nan,nan
쁝,U+C05D,0,0,1,1,0,0.18243408203125,0.7265625,0.1715087890625,4,nan,nan
쁞,U+C05E,0,0,1,1,0,0.2022705078125,0.828125,0.197265625,7,nan,nan
쁟,U+C05F,0,0,1,1,0,0.17919921875,0.6796875,0.158203125,3,nan,nan
쁠,U+C060,0,0,0,0,0,0.21112060546875,0.734375,0.1883544921875,4,nan,nan
쁡,U+C061,0,0,0,0,0,0.20709228515625,0.71875,0.1934814453125,4,nan,nan
쁢,U+C062,0,0,0,0,0,0.182861328125,0.6953125,0.18402099609375,4,nan,nan
쁣,U+C063,0,0,0,0,0,0.1995849609375,0.7109375,0.197998046875,5,nan,nan
쁤,U+C064,0,0,0,0,0,0.196533203125,0.71875,0.19866943359375,3,nan,nan
쁥,U+C065,0,0,0,0,0,0.2005615234375,0.7578125,0.201171875,6,nan,nan
쁦,U+C066,0,0,1,1,0,0.20751953125,0.765625,0.21337890625,4,nan,nan
쁧,U+C067,0,0,0,0,0,0.23358154296875,0.7890625,0.2064208984375,5,nan,nan
쁨,U+C068,0,0,0,0,0,0.17669677734375,0.7613525390625,0.16961669921875,5,nan,nan
쁩,U+C069,0,0,0,0,0,0.17852783203125,0.68115234375,0.1568603515625,3,nan,nan
쁪,U+C06A,0,0,0,0,0,0.16259765625,0.671875,0.1685791015625,5,nan,nan
쁫,U+C06B,0,0,0,0,0,0.15374755859375,0.60809326171875,0.1322021484375,4,nan,nan
쁬,U+C06C,0,0,0,0,0,0.1826171875,0.753662109375,0.16265869140625,4,nan,nan
쁭,U+C06D,0,0,0,0,0,0.1494140625,0.589111328125,0.131591796875,3,nan,nan
쁮,U+C06E,0,0,1,1,0,0.16827392578125,0.7109375,0.154541015625,5,nan,nan
쁯,U+C06F,0,0,0,0,0,0.1654052734375,0.6953125,0.16864013671875,7,nan,nan
쁰,U+C070,0,0,1,1,0,0.18463134765625,0.6796875,0.1678466796875,6,nan,nan
쁱,U+C071,0,0,1,1,0,0.181396484375,0.5736083984375,0.160888671875,5,nan,nan
쁲,U+C072,0,0,0,0,0,0.16259765625,0.875,0.18072509765625,6,nan,nan
쁳,U+C073,0,0,0,0,0,0.19091796875,0.6976318359375,0.1573486328125,4,nan,nan
쁴,U+C074,0,0,0,0,0,0.14739990234375,0.486328125,0.13262939453125,3,nan,nan
쁵,U+C075,0,0,0,0,0,0.1744384765625,0.6328125,0.16046142578125,10,nan,nan
쁶,U+C076,0,0,1,1,0,0.17041015625,0.59375,0.1629638671875,9,nan,nan
쁷,U+C077,0,0,0,0,0,0.1806640625,0.6640625,0.17584228515625,11,nan,nan
쁸,U+C078,0,0,0,0,0,0.150390625,0.609375,0.15606689453125,5,nan,nan
쁹,U+C079,0,0,1,1,0,0.19189453125,0.6484375,0.197998046875,6,nan,nan
쁺,U+C07A,0,0,1,1,0,0.18011474609375,0.62786865234375,0.20916748046875,8,nan,nan
쁻,U+C07B,0,0,1,1,0,0.1845703125,0.6229248046875,0.18505859375,6,nan,nan
쁼,U+C07C,0,0,0,0,0,0.1815185546875,0.62786865234375,0.1956787109375,10,nan,nan
쁽,U+C07D,0,0,0,0,0,0.19287109375,0.6171875,0.19244384765625,7,nan,nan
쁾,U+C07E,0,0,0,0,0,0.18023681640625,0.6015625,0.19158935546875,8,nan,nan
쁿,U+C07F,0,0,0,0,0,0.1729736328125,0.6875,0.1951904296875,9,nan,nan
삀,U+C080,0,0,0,0,0,0.18939208984375,0.65087890625,0.192626953125,7,nan,nan
삁,U+C081,0,0,0,0,0,0.18353271484375,0.62786865234375,0.20281982421875,7,nan,nan
삂,U+C082,0,0,1,1,0,0.185546875,0.609375,0.19482421875,6,nan,nan
삃,U+C083,0,0,0,0,0,0.21197509765625,0.6875,0.23297119140625,6,nan,nan
삄,U+C084,0,0,0,0,0,0.17596435546875,0.5921630859375,0.1890869140625,6,nan,nan
삅,U+C085,0,0,0,0,0,0.15582275390625,0.6015625,0.1685791015625,6,nan,nan
삆,U+C086,0,0,0,0,0,0.16522216796875,0.651123046875,0.168701171875,5,nan,nan
삇,U+C087,0,0,0,0,0,0.167236328125,0.6229248046875,0.16253662109375,5,nan,nan
삈,U+C088,0,0,0,0,0,0.1947021484375,0.6796875,0.19281005859375,4,nan,nan
삉,U+C089,0,0,0,0,0,0.17962646484375,0.75,0.14947509765625,8,nan,nan
삊,U+C08A,0,0,1,1,0,0.1904296875,0.67437744140625,0.1822509765625,8,nan,nan
삋,U+C08B,0,0,0,0,0,0.17913818359375,0.640625,0.1776123046875,10,nan,nan
삌,U+C08C,0,0,1,1,0,0.184326171875,0.640625,0.190673828125,5,nan,nan
삍,U+C08D,0,0,1,1,0,0.17724609375,0.6201171875,0.19158935546875,7,nan,nan
삎,U+C08E,0,0,0,0,0,0.194580078125,0.6383056640625,0.19036865234375,10,nan,nan
삏,U+C08F,0,0,0,0,0,0.18505859375,0.640625,0.16680908203125,8,nan,nan
삐,U+C090,0,0,0,0,0,0.0987548828125,0.48944091796875,0.10247802734375,4,nan,nan
삑,U+C091,0,0,0,0,0,0.1512451171875,0.6075439453125,0.14630126953125,4,nan,nan
삒,U+C092,0,0,1,1,0,0.12689208984375,0.576171875,0.14471435546875,5,nan,nan
삓,U+C093,0,0,0,0,0,0.14208984375,0.688720703125,0.15234375,5,nan,nan
삔,U+C094,0,0,0,0,0,0.12371826171875,0.5760498046875,0.13616943359375,7,nan,nan
삕,U+C095,0,0,1,1,0,0.13818359375,0.60791015625,0.15631103515625,12,nan,nan
삖,U+C096,0,0,1,1,0,0.15283203125,0.6156005859375,0.1580810546875,5,nan,nan
삗,U+C097,0,0,1,1,0,0.12554931640625,0.775146484375,0.14581298828125,7,nan,nan
삘,U+C098,0,0,0,0,0,0.16192626953125,0.589111328125,0.16107177734375,4,nan,nan
삙,U+C099,0,0,0,0,0,0.16619873046875,0.6171875,0.17425537109375,4,nan,nan
삚,U+C09A,0,0,0,0,0,0.1627197265625,0.6201171875,0.1827392578125,5,nan,nan
삛,U+C09B,0,0,0,0,0,0.16925048828125,0.6484375,0.1834716796875,5,nan,nan
삜,U+C09C,0,0,0,0,0,0.1707763671875,0.734375,0.18316650390625,4,nan,nan
삝,U+C09D,0,0,0,0,0,0.17047119140625,0.8515625,0.17962646484375,10,nan,nan
삞,U+C09E,0,0,1,1,0,0.1783447265625,0.661376953125,0.1778564453125,9,nan,nan
삟,U+C09F,0,0,0,0,0,0.17010498046875,0.65625,0.192138671875,8,nan,nan
삠,U+C0A0,0,0,0,0,0,0.1539306640625,0.599853515625,0.1605224609375,4,nan,nan
삡,U+C0A1,0,0,0,0,0,0.16131591796875,0.6046142578125,0.15069580078125,4,nan,nan
삢,U+C0A2,0,0,0,0,0,0.141357421875,0.692138671875,0.17083740234375,7,nan,nan
삣,U+C0A3,0,0,0,0,0,0.1324462890625,0.5855712890625,0.1441650390625,7,nan,nan
삤,U+C0A4,0,0,0,0,0,0.14971923828125,0.76904296875,0.14849853515625,5,nan,nan
삥,U+C0A5,0,0,0,0,1,0.1683349609375,0.6015625,0.12548828125,3,23.073556389327635,0.9489219967583955
삦,U+C0A6,0,0,1,1,0,0.15557861328125,0.628173828125,0.1600341796875,4,nan,nan
삧,U+C0A7,0,0,0,0,0,0.1436767578125,0.6256103515625,0.15625,6,nan,nan
삨,U+C0A8,0,0,1,1,0,0.1390380859375,0.625,0.14996337890625,5,nan,nan
삩,U+C0A9,0,0,1,1,0,0.14837646484375,0.6015625,0.14373779296875,5,nan,nan
삪,U+C0AA,0,0,0,0,0,0.1552734375,0.651123046875,0.1634521484375,5,nan,nan
삫,U+C0AB,0,0,0,0,0,0.14306640625,0.609375,0.142333984375,5,nan,nan
사,U+C0AC,0,0,0,0,0,0.07757568359375,0.6357421875,0.0775146484375,2,nan,nan
삭,U+C0AD,0,0,0,0,0,0.09625244140625,0.796875,0.1021728515625,3,nan,nan
삮,U+C0AE,0,0,1,1,0,0.10894775390625,0.713134765625,0.1070556640625,5,nan,nan
삯,U+C0AF,0,0,0,0,1,0.10552978515625,0.703125,0.11309814453125,6,8.889855538235565,0.5621162377229115
산,U+C0B0,0,0,0,0,0,0.09442138671875,0.6986083984375,0.09393310546875,3,nan,nan
삱,U+C0B1,0,0,1,1,0,0.10296630859375,0.666015625,0.11572265625,7,nan,nan
삲,U+C0B2,0,0,1,1,0,0.0972900390625,0.6553955078125,0.10626220703125,6,nan,nan
삳,U+C0B3,0,0,1,1,0,0.10382080078125,0.62774658203125,0.09857177734375,3,nan,nan
살,U+C0B4,0,0,0,0,0,0.1383056640625,0.71875,0.130615234375,4,nan,nan
삵,U+C0B5,0,0,0,0,0,0.1243896484375,0.7734375,0.12432861328125,7,nan,nan
삶,U+C0B6,0,0,0,0,0,0.138671875,0.7265625,0.1427001953125,6,nan,nan
삷,U+C0B7,0,0,0,0,0,0.13616943359375,0.75,0.1400146484375,9,nan,nan
삸,U+C0B8,0,0,0,0,0,0.1353759765625,0.713134765625,0.14013671875,5,nan,nan
삹,U+C0B9,0,0,0,0,0,0.134765625,0.7906494140625,0.150146484375,6,nan,nan
삺,U+C0BA,0,0,1,1,0,0.11163330078125,0.6976318359375,0.13299560546875,9,nan,nan
삻,U+C0BB,0,0,0,0,0,0.1240234375,0.6875,0.14508056640625,7,nan,nan
삼,U+C0BC,0,0,0,0,0,0.104248046875,0.72125244140625,0.109130859375,4,nan,nan
삽,U+C0BD,0,0,0,0,0,0.10089111328125,0.6123046875,0.099609375,2,nan,nan
삾,U+C0BE,0,0,0,0,0,0.11468505859375,0.658447265625,0.123291015625,6,nan,nan
삿,U+C0BF,0,0,0,0,0,0.09820556640625,0.6776123046875,0.09979248046875,4,nan,nan
샀,U+C0C0,0,0,0,0,0,0.13067626953125,0.73638916015625,0.110595703125,2,nan,nan
상,U+C0C1,0,0,0,0,0,0.10870361328125,0.690673828125,0.08355712890625,3,nan,nan
샂,U+C0C2,0,0,1,1,0,0.11346435546875,0.713134765625,0.10650634765625,4,nan,nan
샃,U+C0C3,0,0,0,0,0,0.13458251953125,0.6953125,0.1168212890625,3,nan,nan
샄,U+C0C4,0,0,1,1,0,0.09295654296875,0.71875,0.10345458984375,8,nan,nan
샅,U+C0C5,0,0,1,1,0,0.1092529296875,0.65087890625,0.106689453125,5,nan,nan
샆,U+C0C6,0,0,0,0,0,0.1328125,0.703125,0.12750244140625,3,nan,nan
샇,U+C0C7,0,0,0,0,0,0.11346435546875,0.75531005859375,0.1092529296875,5,nan,nan
새,U+C0C8,0,0,0,0,0,0.090087890625,0.53192138671875,0.09674072265625,3,nan,nan
색,U+C0C9,0,0,0,0,0,0.1151123046875,0.68212890625,0.1265869140625,5,nan,nan
샊,U+C0CA,0,0,1,1,0,0.11346435546875,0.7568359375,0.1279296875,6,nan,nan
샋,U+C0CB,0,0,0,0,0,0.14990234375,0.670166015625,0.13525390625,5,nan,nan
샌,U+C0CC,0,0,0,0,0,0.110595703125,0.65625,0.124755859375,4,nan,nan
샍,U+C0CD,0,0,1,1,0,0.135009765625,0.64990234375,0.15032958984375,6,nan,nan
샎,U+C0CE,0,0,1,1,0,0.11871337890625,0.63189697265625,0.13360595703125,5,nan,nan
샏,U+C0CF,0,0,1,1,0,0.11383056640625,0.62255859375,0.12591552734375,5,nan,nan
샐,U+C0D0,0,0,0,0,0,0.13726806640625,0.6640625,0.1431884765625,5,nan,nan
샑,U+C0D1,0,0,0,0,0,0.12628173828125,0.7734375,0.1529541015625,6,nan,nan
샒,U+C0D2,0,0,0,0,0,0.141845703125,0.8203125,0.158203125,9,nan,nan
샓,U+C0D3,0,0,0,0,0,0.14605712890625,0.6796875,0.16290283203125,7,nan,nan
샔,U+C0D4,0,0,0,0,0,0.1512451171875,0.8203125,0.1497802734375,4,nan,nan
샕,U+C0D5,0,0,0,0,0,0.12744140625,0.734375,0.15643310546875,10,nan,nan
샖,U+C0D6,0,0,1,1,0,0.13262939453125,0.6484375,0.1539306640625,7,nan,nan
샗,U+C0D7,0,0,0,0,0,0.13409423828125,0.6640625,0.16387939453125,4,nan,nan
샘,U+C0D8,0,0,0,0,0,0.11907958984375,0.58831787109375,0.1280517578125,4,nan,nan
샙,U+C0D9,0,0,0,0,0,0.1077880859375,0.7283935546875,0.12127685546875,8,nan,nan
샚,U+C0DA,0,0,0,0,0,0.1348876953125,0.65728759765625,0.14410400390625,5,nan,nan
샛,U+C0DB,0,0,0,0,0,0.11761474609375,0.5712890625,0.11187744140625,2,nan,nan
샜,U+C0DC,0,0,0,0,0,0.1414794921875,0.7109375,0.13714599609375,5,nan,nan
생,U+C0DD,0,0,0,0,0,0.134765625,0.561767578125,0.10430908203125,3,nan,nan
샞,U+C0DE,0,0,1,1,0,0.12786865234375,0.765625,0.1326904296875,6,nan,nan
샟,U+C0DF,0,0,0,0,0,0.12921142578125,0.7578125,0.138427734375,13,nan,nan
샠,U+C0E0,0,0,1,1,0,0.11932373046875,0.60498046875,0.12158203125,4,nan,nan
샡,U+C0E1,0,0,1,1,0,0.14910888671875,0.59820556640625,0.14959716796875,10,nan,nan
샢,U+C0E2,0,0,0,0,0,0.1533203125,0.6640625,0.15008544921875,3,nan,nan
샣,U+C0E3,0,0,0,0,0,0.12847900390625,0.76904296875,0.11956787109375,7,nan,nan
샤,U+C0E4,0,0,0,0,0,0.08660888671875,0.587890625,0.08197021484375,2,nan,nan
샥,U+C0E5,0,0,0,0,0,0.10955810546875,0.779541015625,0.106689453125,3,nan,nan
샦,U+C0E6,0,0,1,1,0,0.1123046875,0.699951171875,0.11065673828125,4,nan,nan
샧,U+C0E7,0,0,0,0,0,0.13055419921875,0.77056884765625,0.115966796875,4,nan,nan
샨,U+C0E8,0,0,0,0,0,0.10601806640625,0.6697998046875,0.09820556640625,3,nan,nan
샩,U+C0E9,0,0,1,1,0,0.13043212890625,0.765625,0.1220703125,4,nan,nan
샪,U+C0EA,0,0,1,1,0,0.117919921875,0.7222900390625,0.12054443359375,6,nan,nan
샫,U+C0EB,0,0,1,1,0,0.12445068359375,0.70538330078125,0.11407470703125,3,nan,nan
샬,U+C0EC,0,0,0,0,0,0.122802734375,0.7265625,0.124267578125,4,nan,nan
샭,U+C0ED,0,0,0,0,0,0.1339111328125,0.7476806640625,0.13629150390625,5,nan,nan
샮,U+C0EE,0,0,0,0,0,0.1456298828125,0.7265625,0.15252685546875,5,nan,nan
샯,U+C0EF,0,0,0,0,0,0.14410400390625,0.7476806640625,0.16253662109375,5,nan,nan
샰,U+C0F0,0,0,0,0,0,0.13446044921875,0.7109375,0.1314697265625,6,nan,nan
샱,U+C0F1,0,0,0,0,0,0.13336181640625,0.703125,0.13812255859375,6,nan,nan
샲,U+C0F2,0,0,1,1,0,0.1114501953125,0.71875,0.1241455078125,7,nan,nan
샳,U+C0F3,0,0,0,0,0,0.1241455078125,0.7286376953125,0.1417236328125,7,nan,nan
샴,U+C0F4,0,0,0,0,0,0.12896728515625,0.759521484375,0.13037109375,4,nan,nan
샵,U+C0F5,0,0,0,0,0,0.12188720703125,0.7476806640625,0.118896484375,4,nan,nan
샶,U+C0F6,0,0,0,0,0,0.1407470703125,0.744140625,0.13836669921875,4,nan,nan
샷,U+C0F7,0,0,0,0,0,0.11358642578125,0.75531005859375,0.10382080078125,3,nan,nan
샸,U+C0F8,0,0,0,0,0,0.14306640625,0.80615234375,0.12005615234375,3,nan,nan
샹,U+C0F9,0,0,0,0,0,0.11309814453125,0.699951171875,0.0880126953125,5,nan,nan
샺,U+C0FA,0,0,1,1,0,0.12530517578125,0.74005126953125,0.1173095703125,4,nan,nan
샻,U+C0FB,0,0,0,0,0,0.1121826171875,0.703125,0.1202392578125,6,nan,nan
샼,U+C0FC,0,0,1,1,0,0.11846923828125,0.749267578125,0.11260986328125,5,nan,nan
샽,U+C0FD,0,0,1,1,0,0.13055419921875,0.718994140625,0.12921142578125,3,nan,nan
샾,U+C0FE,0,0,0,0,0,0.1484375,0.7578125,0.14105224609375,4,nan,nan
샿,U+C0FF,0,0,0,0,0,0.09765625,0.619384765625,0.103271484375,4,nan,nan
섀,U+C100,0,0,0,0,0,0.0975341796875,0.6024169921875,0.1060791015625,3,nan,nan
섁,U+C101,0,0,0,0,0,0.114990234375,0.6666259765625,0.1224365234375,6,nan,nan
섂,U+C102,0,0,1,1,0,0.12713623046875,0.8203125,0.13543701171875,9,nan,nan
섃,U+C103,0,0,0,0,0,0.14227294921875,0.765625,0.14483642578125,5,nan,nan
섄,U+C104,0,0,0,0,0,0.13531494140625,0.6796875,0.12860107421875,4,nan,nan
섅,U+C105,0,0,1,1,0,0.14947509765625,0.7459716796875,0.15179443359375,5,nan,nan
섆,U+C106,0,0,1,1,0,0.1439208984375,0.73638916015625,0.14739990234375,5,nan,nan
섇,U+C107,0,0,1,1,0,0.127685546875,0.60791015625,0.137451171875,4,nan,nan
섈,U+C108,0,0,0,0,0,0.14666748046875,0.65887451171875,0.14459228515625,3,nan,nan
섉,U+C109,0,0,0,0,0,0.15301513671875,0.7265625,0.16180419921875,8,nan,nan
섊,U+C10A,0,0,0,0,0,0.160888671875,0.6976318359375,0.17279052734375,6,nan,nan
섋,U+C10B,0,0,0,0,0,0.16802978515625,0.68115234375,0.1817626953125,2,nan,nan
섌,U+C10C,0,0,0,0,0,0.16021728515625,0.7056884765625,0.15045166015625,4,nan,nan
섍,U+C10D,0,0,0,0,0,0.16259765625,0.765625,0.16986083984375,6,nan,nan
섎,U+C10E,0,0,1,1,0,0.16546630859375,0.734375,0.1624755859375,4,nan,nan
섏,U+C10F,0,0,0,0,0,0.16680908203125,0.7906494140625,0.17645263671875,10,nan,nan
섐,U+C110,0,0,0,0,0,0.122314453125,0.68212890625,0.135986328125,11,nan,nan
섑,U+C111,0,0,0,0,0,0.13153076171875,0.6690673828125,0.14337158203125,4,nan,nan
섒,U+C112,0,0,0,0,0,0.1488037109375,0.68115234375,0.15203857421875,5,nan,nan
섓,U+C113,0,0,0,0,0,0.13616943359375,0.703125,0.1329345703125,2,nan,nan
섔,U+C114,0,0,0,0,0,0.146728515625,0.713134765625,0.14166259765625,5,nan,nan
섕,U+C115,0,0,0,0,0,0.11834716796875,0.54986572265625,0.0989990234375,5,nan,nan
섖,U+C116,0,0,1,1,0,0.146240234375,0.703125,0.14373779296875,3,nan,nan
섗,U+C117,0,0,0,0,0,0.14453125,0.828125,0.14935302734375,10,nan,nan
섘,U+C118,0,0,1,1,0,0.1485595703125,0.823974609375,0.15692138671875,9,nan,nan
섙,U+C119,0,0,1,1,0,0.160400390625,0.83160400390625,0.15484619140625,6,nan,nan
섚,U+C11A,0,0,0,0,0,0.14892578125,0.67437744140625,0.14892578125,5,nan,nan
섛,U+C11B,0,0,0,0,0,0.14593505859375,0.6328125,0.1171875,7,nan,nan
서,U+C11C,0,0,0,0,0,0.0947265625,0.5369873046875,0.0784912109375,2,nan,nan
석,U+C11D,0,0,0,0,0,0.1126708984375,0.6171875,0.1044921875,3,nan,nan
섞,U+C11E,0,0,1,1,0,0.11993408203125,0.77197265625,0.11968994140625,6,nan,nan
섟,U+C11F,0,0,0,0,0,0.14984130859375,0.734375,0.1239013671875,2,nan,nan
선,U+C120,0,0,0,0,0,0.10235595703125,0.6640625,0.10113525390625,4,nan,nan
섡,U+C121,0,0,1,1,0,0.1317138671875,0.6998291015625,0.122802734375,3,nan,nan
섢,U+C122,0,0,1,1,0,0.1248779296875,0.65185546875,0.118896484375,7,nan,nan
섣,U+C123,0,0,1,1,0,0.098388671875,0.52642822265625,0.1085205078125,4,nan,nan
설,U+C124,0,0,0,0,0,0.14227294921875,0.6484375,0.13214111328125,4,nan,nan
섥,U+C125,0,0,0,0,0,0.13531494140625,0.6484375,0.13916015625,4,nan,nan
섦,U+C126,0,0,0,0,0,0.1744384765625,0.78289794921875,0.1788330078125,15,nan,nan
섧,U+C127,0,0,0,0,1,0.1689453125,0.6875,0.15966796875,3,22.456389849369096,0.9483963985055518
섨,U+C128,0,0,0,0,0,0.1531982421875,0.78125,0.1519775390625,7,nan,nan
섩,U+C129,0,0,0,0,0,0.150390625,0.6640625,0.15411376953125,5,nan,nan
섪,U+C12A,0,0,1,1,0,0.13177490234375,0.7109375,0.135498046875,7,nan,nan
섫,U+C12B,0,0,0,0,0,0.1500244140625,0.6875,0.15496826171875,7,nan,nan
섬,U+C12C,0,0,0,0,0,0.11859130859375,0.651123046875,0.12261962890625,6,nan,nan
섭,U+C12D,0,0,0,0,0,0.12359619140625,0.61236572265625,0.12371826171875,6,nan,nan
섮,U+C12E,0,0,0,0,0,0.14337158203125,0.6953125,0.1409912109375,5,nan,nan
섯,U+C12F,0,0,0,0,0,0.12152099609375,0.599853515625,0.10101318359375,3,nan,nan
섰,U+C130,0,0,0,0,0,0.14324951171875,0.6844482421875,0.1221923828125,4,nan,nan
성,U+C131,0,0,0,0,0,0.141357421875,0.56591796875,0.09234619140625,4,nan,nan
섲,U+C132,0,0,1,1,0,0.12158203125,0.63812255859375,0.114013671875,4,nan,nan
섳,U+C133,0,0,0,0,0,0.12603759765625,0.651123046875,0.12298583984375,6,nan,nan
섴,U+C134,0,0,1,1,0,0.1142578125,0.56866455078125,0.10345458984375,4,nan,nan
섵,U+C135,0,0,1,1,0,0.13604736328125,0.55694580078125,0.12677001953125,4,nan,nan
섶,U+C136,0,0,0,0,0,0.14599609375,0.65887451171875,0.1336669921875,5,nan,nan
섷,U+C137,0,0,0,0,0,0.10601806640625,0.5733642578125,0.10540771484375,4,nan,nan
세,U+C138,0,0,0,0,0,0.11517333984375,0.6357421875,0.105224609375,4,nan,nan
섹,U+C139,0,0,0,0,0,0.11212158203125,0.7734375,0.12109375,7,nan,nan
섺,U+C13A,0,0,1,1,0,0.1551513671875,0.6640625,0.1383056640625,6,nan,nan
섻,U+C13B,0,0,0,0,0,0.15509033203125,0.75189208984375,0.14373779296875,6,nan,nan
센,U+C13C,0,0,0,0,0,0.1297607421875,0.6484375,0.1300048828125,4,nan,nan
섽,U+C13D,0,0,1,1,0,0.155029296875,0.72479248046875,0.1448974609375,5,nan,nan
섾,U+C13E,0,0,1,1,0,0.14788818359375,0.78125,0.14794921875,5,nan,nan
섿,U+C13F,0,0,1,1,0,0.14849853515625,0.6484375,0.13287353515625,3,nan,nan
셀,U+C140,0,0,0,0,0,0.1544189453125,0.671875,0.14642333984375,5,nan,nan
셁,U+C141,0,0,0,0,0,0.16937255859375,0.7109375,0.1573486328125,6,nan,nan
셂,U+C142,0,0,0,0,0,0.1644287109375,0.7698974609375,0.1639404296875,7,nan,nan
셃,U+C143,0,0,0,0,0,0.1727294921875,0.703125,0.16412353515625,4,nan,nan
셄,U+C144,0,0,0,0,0,0.15826416015625,0.7109375,0.15252685546875,5,nan,nan
셅,U+C145,0,0,0,0,0,0.1688232421875,0.7265625,0.1727294921875,4,nan,nan
셆,U+C146,0,0,1,1,0,0.15875244140625,0.765625,0.17236328125,5,nan,nan
셇,U+C147,0,0,0,0,0,0.17138671875,0.7265625,0.1717529296875,3,nan,nan
셈,U+C148,0,0,0,0,0,0.13092041015625,0.80224609375,0.1417236328125,13,nan,nan
셉,U+C149,0,0,0,0,0,0.13006591796875,0.7265625,0.13165283203125,4,nan,nan
셊,U+C14A,0,0,0,0,0,0.1494140625,0.688720703125,0.1429443359375,4,nan,nan
셋,U+C14B,0,0,0,0,0,0.142822265625,0.68212890625,0.1204833984375,5,nan,nan
셌,U+C14C,0,0,0,0,0,0.159423828125,0.68988037109375,0.13763427734375,4,nan,nan
셍,U+C14D,0,0,0,0,0,0.15234375,0.62786865234375,0.115234375,3,nan,nan
셎,U+C14E,0,0,1,1,0,0.13970947265625,0.794677734375,0.13348388671875,7,nan,nan
셏,U+C14F,0,0,0,0,0,0.15240478515625,0.6976318359375,0.13995361328125,4,nan,nan
셐,U+C150,0,0,1,1,0,0.15960693359375,0.7734375,0.14617919921875,4,nan,nan
셑,U+C151,0,0,1,1,0,0.17279052734375,0.67437744140625,0.15679931640625,5,nan,nan
셒,U+C152,0,0,0,0,0,0.175537109375,0.7109375,0.1553955078125,4,nan,nan
셓,U+C153,0,0,0,0,0,0.1446533203125,0.6484375,0.1202392578125,3,nan,nan
셔,U+C154,0,0,0,0,0,0.09344482421875,0.474609375,0.08331298828125,3,nan,nan
셕,U+C155,0,0,0,0,0,0.107666015625,0.6171875,0.11199951171875,3,nan,nan
셖,U+C156,0,0,1,1,0,0.12823486328125,0.658447265625,0.13946533203125,8,nan,nan
셗,U+C157,0,0,0,0,0,0.12933349609375,0.6844482421875,0.1234130859375,3,nan,nan
션,U+C158,0,0,0,0,0,0.110107421875,0.7421875,0.1173095703125,7,nan,nan
셙,U+C159,0,0,1,1,0,0.11456298828125,0.6875,0.11181640625,7,nan,nan
셚,U+C15A,0,0,1,1,0,0.09259033203125,0.62786865234375,0.1063232421875,5,nan,nan
셛,U+C15B,0,0,1,1,0,0.12396240234375,0.609375,0.11419677734375,3,nan,nan
셜,U+C15C,0,0,0,0,0,0.13385009765625,0.64337158203125,0.1383056640625,4,nan,nan
셝,U+C15D,0,0,0,0,0,0.1448974609375,0.60791015625,0.13629150390625,5,nan,nan
셞,U+C15E,0,0,0,0,0,0.15325927734375,0.6796875,0.160888671875,4,nan,nan
셟,U+C15F,0,0,0,0,0,0.16229248046875,0.815185546875,0.1802978515625,11,nan,nan
셠,U+C160,0,0,0,0,0,0.1385498046875,0.7109375,0.1484375,9,nan,nan
셡,U+C161,0,0,0,0,0,0.14373779296875,0.8046875,0.16436767578125,5,nan,nan
셢,U+C162,0,0,1,1,0,0.11309814453125,0.6103515625,0.129638671875,6,nan,nan
셣,U+C163,0,0,0,0,0,0.1295166015625,0.66375732421875,0.13201904296875,7,nan,nan
셤,U+C164,0,0,0,0,0,0.12432861328125,0.7421875,0.140869140625,8,nan,nan
셥,U+C165,0,0,0,0,0,0.124755859375,0.6171875,0.13275146484375,8,nan,nan
셦,U+C166,0,0,0,0,0,0.12237548828125,0.69427490234375,0.129638671875,5,nan,nan
셧,U+C167,0,0,0,0,0,0.12554931640625,0.7744140625,0.1141357421875,7,nan,nan
셨,U+C168,0,0,0,0,0,0.14227294921875,0.765625,0.130126953125,4,nan,nan
셩,U+C169,0,0,0,0,0,0.1458740234375,0.6356201171875,0.1124267578125,4,nan,nan
셪,U+C16A,0,0,1,1,0,0.1317138671875,0.6666259765625,0.1278076171875,4,nan,nan
셫,U+C16B,0,0,0,0,0,0.125,0.6484375,0.125732421875,7,nan,nan
셬,U+C16C,0,0,1,1,0,0.1209716796875,0.685546875,0.11993408203125,7,nan,nan
셭,U+C16D,0,0,1,1,0,0.14898681640625,0.62060546875,0.1468505859375,6,nan,nan
셮,U+C16E,0,0,0,0,0,0.13446044921875,0.5950927734375,0.13092041015625,4,nan,nan
셯,U+C16F,0,0,0,0,0,0.1173095703125,0.60809326171875,0.10693359375,8,nan,nan
셰,U+C170,0,0,0,0,0,0.110107421875,0.60540771484375,0.11444091796875,3,nan,nan
셱,U+C171,0,0,0,0,0,0.126220703125,0.6953125,0.12689208984375,4,nan,nan
셲,U+C172,0,0,1,1,0,0.1302490234375,0.703125,0.14605712890625,6,nan,nan
셳,U+C173,0,0,0,0,0,0.15997314453125,0.75189208984375,0.1549072265625,5,nan,nan
셴,U+C174,0,0,0,0,0,0.133056640625,0.7734375,0.13946533203125,9,nan,nan
셵,U+C175,0,0,1,1,0,0.14935302734375,0.7421875,0.14923095703125,6,nan,nan
셶,U+C176,0,0,1,1,0,0.15167236328125,0.734375,0.15484619140625,7,nan,nan
셷,U+C177,0,0,1,1,0,0.12481689453125,0.65625,0.1480712890625,6,nan,nan
셸,U+C178,0,0,0,0,0,0.14593505859375,0.6953125,0.15264892578125,5,nan,nan
셹,U+C179,0,0,0,0,0,0.17041015625,0.7109375,0.17169189453125,4,nan,nan
셺,U+C17A,0,0,0,0,0,0.15545654296875,0.713134765625,0.18170166015625,6,nan,nan
셻,U+C17B,0,0,0,0,0,0.163818359375,0.7109375,0.1744384765625,9,nan,nan
셼,U+C17C,0,0,0,0,0,0.1666259765625,0.7421875,0.16070556640625,4,nan,nan
셽,U+C17D,0,0,0,0,0,0.180908203125,0.7578125,0.191162109375,8,nan,nan
셾,U+C17E,0,0,1,1,0,0.18212890625,0.765625,0.18414306640625,9,nan,nan
셿,U+C17F,0,0,0,0,0,0.1807861328125,0.7578125,0.18023681640625,5,nan,nan
솀,U+C180,0,0,0,0,0,0.15234375,0.8359375,0.15716552734375,7,nan,nan
솁,U+C181,0,0,0,0,0,0.13397216796875,0.6875,0.14422607421875,8,nan,nan
솂,U+C182,0,0,0,0,0,0.1690673828125,0.765625,0.16473388671875,5,nan,nan
솃,U+C183,0,0,0,0,0,0.14227294921875,0.7421875,0.133056640625,5,nan,nan
솄,U+C184,0,0,0,0,0,0.17242431640625,0.703125,0.1590576171875,5,nan,nan
솅,U+C185,0,0,0,0,0,0.136962890625,0.671875,0.10809326171875,4,nan,nan
솆,U+C186,0,0,1,1,0,0.1409912109375,0.70538330078125,0.14453125,5,nan,nan
솇,U+C187,0,0,0,0,0,0.1375732421875,0.764404296875,0.146484375,7,nan,nan
솈,U+C188,0,0,1,1,0,0.1392822265625,0.7109375,0.1431884765625,11,nan,nan
솉,U+C189,0,0,1,1,0,0.165771484375,0.703125,0.166259765625,3,nan,nan
솊,U+C18A,0,0,0,0,0,0.16571044921875,0.68988037109375,0.16107177734375,4,nan,nan
솋,U+C18B,0,0,0,0,0,0.1214599609375,0.671875,0.1165771484375,7,nan,nan
소,U+C18C,0,0,0,0,0,0.0927734375,0.56195068359375,0.08251953125,3,nan,nan
속,U+C18D,0,0,0,0,0,0.12664794921875,0.78125,0.103515625,4,nan,nan
솎,U+C18E,0,0,1,1,0,0.13116455078125,0.8046875,0.1273193359375,6,nan,nan
솏,U+C18F,0,0,0,0,0,0.1240234375,0.78289794921875,0.12353515625,6,nan,nan
손,U+C190,0,0,0,0,0,0.11761474609375,0.8203125,0.10418701171875,3,nan,nan
솑,U+C191,0,0,1,1,0,0.14996337890625,0.8074951171875,0.1351318359375,3,nan,nan
솒,U+C192,0,0,1,1,0,0.156005859375,0.8203125,0.1470947265625,6,nan,nan
솓,U+C193,0,0,1,1,0,0.15093994140625,0.8203125,0.1356201171875,5,nan,nan
솔,U+C194,0,0,0,0,1,0.162109375,0.75,0.1502685546875,3,23.544549127937266,0.9471773615383016
솕,U+C195,0,0,0,0,0,0.15576171875,0.84375,0.14459228515625,4,nan,nan
솖,U+C196,0,0,0,0,0,0.1871337890625,0.84375,0.1883544921875,8,nan,nan
솗,U+C197,0,0,0,0,0,0.1572265625,0.7734375,0.1658935546875,6,nan,nan
솘,U+C198,0,0,0,0,0,0.14892578125,0.828125,0.1507568359375,4,nan,nan
솙,U+C199,0,0,0,0,0,0.14947509765625,0.8216552734375,0.15936279296875,7,nan,nan
솚,U+C19A,0,0,1,1,0,0.14959716796875,0.8203125,0.15643310546875,6,nan,nan
솛,U+C19B,0,0,0,0,0,0.161376953125,0.8125,0.16888427734375,8,nan,nan
솜,U+C19C,0,0,0,0,0,0.130615234375,0.7596435546875,0.1400146484375,3,nan,nan
솝,U+C19D,0,0,0,0,0,0.153076171875,0.7265625,0.12982177734375,4,nan,nan
솞,U+C19E,0,0,0,0,0,0.1466064453125,0.8046875,0.13543701171875,3,nan,nan
솟,U+C19F,0,0,0,0,0,0.12091064453125,0.7109375,0.096435546875,3,nan,nan
솠,U+C1A0,0,0,0,0,0,0.147216796875,0.7734375,0.12384033203125,4,nan,nan
송,U+C1A1,0,0,0,0,0,0.12933349609375,0.703125,0.0946044921875,3,nan,nan
솢,U+C1A2,0,0,1,1,0,0.13623046875,0.8125,0.1170654296875,4,nan,nan
솣,U+C1A3,0,0,0,0,0,0.13470458984375,0.79840087890625,0.1268310546875,4,nan,nan
솤,U+C1A4,0,0,1,1,0,0.13555908203125,0.70452880859375,0.1251220703125,4,nan,nan
솥,U+C1A5,0,0,1,1,0,0.15411376953125,0.796875,0.1414794921875,5,nan,nan
솦,U+C1A6,0,0,0,0,0,0.15582275390625,0.82940673828125,0.13934326171875,6,nan,nan
솧,U+C1A7,0,0,0,0,0,0.1309814453125,0.8359375,0.1319580078125,4,nan,nan
솨,U+C1A8,0,0,0,0,0,0.12225341796875,0.6470947265625,0.10516357421875,3,nan,nan
솩,U+C1A9,0,0,0,0,0,0.13189697265625,0.921875,0.12982177734375,4,nan,nan
솪,U+C1AA,0,0,1,1,0,0.1505126953125,0.8984375,0.14544677734375,6,nan,nan
솫,U+C1AB,0,0,0,0,0,0.1566162109375,0.8526611328125,0.15594482421875,5,nan,nan
솬,U+C1AC,0,0,0,0,0,0.11993408203125,0.78369140625,0.12811279296875,5,nan,nan
솭,U+C1AD,0,0,1,1,0,0.14813232421875,0.8228759765625,0.1488037109375,4,nan,nan
솮,U+C1AE,0,0,1,1,0,0.140625,0.796875,0.15032958984375,6,nan,nan
솯,U+C1AF,0,0,1,1,0,0.13507080078125,0.75537109375,0.14276123046875,4,nan,nan
솰,U+C1B0,0,0,0,0,0,0.1524658203125,0.81634521484375,0.15716552734375,4,nan,nan
솱,U+C1B1,0,0,0,0,0,0.1700439453125,0.8203125,0.16851806640625,5,nan,nan
솲,U+C1B2,0,0,0,0,0,0.17041015625,0.7421875,0.1669921875,5,nan,nan
솳,U+C1B3,0,0,0,0,0,0.1558837890625,0.80615234375,0.1787109375,7,nan,nan
솴,U+C1B4,0,0,0,0,0,0.15203857421875,0.8515625,0.16485595703125,6,nan,nan
솵,U+C1B5,0,0,0,0,0,0.15765380859375,0.7734375,0.15972900390625,6,nan,nan
솶,U+C1B6,0,0,1,1,0,0.147216796875,0.7596435546875,0.158203125,7,nan,nan
솷,U+C1B7,0,0,0,0,0,0.17657470703125,0.7890625,0.17681884765625,6,nan,nan
솸,U+C1B8,0,0,0,0,0,0.15460205078125,0.8265380859375,0.15264892578125,4,nan,nan
솹,U+C1B9,0,0,0,0,0,0.13720703125,0.78582763671875,0.14068603515625,4,nan,nan
솺,U+C1BA,0,0,0,0,0,0.15728759765625,0.81390380859375,0.15203857421875,4,nan,nan
솻,U+C1BB,0,0,0,0,0,0.15032958984375,0.7818603515625,0.12994384765625,4,nan,nan
솼,U+C1BC,0,0,0,0,0,0.160400390625,0.8382568359375,0.14630126953125,4,nan,nan
솽,U+C1BD,0,0,0,0,0,0.1328125,0.80499267578125,0.1328125,4,nan,nan
솾,U+C1BE,0,0,1,1,0,0.14617919921875,0.8046875,0.14410400390625,4,nan,nan
솿,U+C1BF,0,0,0,0,0,0.13739013671875,0.80108642578125,0.14544677734375,5,nan,nan
쇀,U+C1C0,0,0,1,1,0,0.1358642578125,0.7998046875,0.13922119140625,5,nan,nan
쇁,U+C1C1,0,0,1,1,0,0.15771484375,0.794677734375,0.16351318359375,4,nan,nan
쇂,U+C1C2,0,0,0,0,0,0.15606689453125,0.86041259765625,0.15936279296875,5,nan,nan
쇃,U+C1C3,0,0,0,0,0,0.13751220703125,0.7921142578125,0.12469482421875,5,nan,nan
쇄,U+C1C4,0,0,0,0,0,0.1263427734375,0.5565185546875,0.1170654296875,3,nan,nan
쇅,U+C1C5,0,0,0,0,0,0.13543701171875,0.68212890625,0.14752197265625,5,nan,nan
쇆,U+C1C6,0,0,1,1,0,0.15289306640625,0.703125,0.156982421875,4,nan,nan
쇇,U+C1C7,0,0,0,0,0,0.1614990234375,0.7578125,0.16375732421875,5,nan,nan
쇈,U+C1C8,0,0,0,0,0,0.140625,0.72088623046875,0.14324951171875,6,nan,nan
쇉,U+C1C9,0,0,1,1,0,0.15814208984375,0.75189208984375,0.15936279296875,6,nan,nan
쇊,U+C1CA,0,0,1,1,0,0.1683349609375,0.6953125,0.17315673828125,5,nan,nan
쇋,U+C1CB,0,0,1,1,0,0.145263671875,0.6265869140625,0.1513671875,3,nan,nan
쇌,U+C1CC,0,0,0,0,0,0.1534423828125,0.71875,0.16424560546875,5,nan,nan
쇍,U+C1CD,0,0,0,0,0,0.1624755859375,0.703125,0.1629638671875,6,nan,nan
쇎,U+C1CE,0,0,0,0,0,0.1639404296875,0.6666259765625,0.18194580078125,6,nan,nan
쇏,U+C1CF,0,0,0,0,0,0.1673583984375,0.6875,0.1851806640625,4,nan,nan
쇐,U+C1D0,0,0,0,0,0,0.17266845703125,0.703125,0.1790771484375,4,nan,nan
쇑,U+C1D1,0,0,0,0,0,0.16766357421875,0.75,0.17950439453125,7,nan,nan
쇒,U+C1D2,0,0,1,1,0,0.16552734375,0.7421875,0.181396484375,10,nan,nan
쇓,U+C1D3,0,0,0,0,0,0.16827392578125,0.75,0.1859130859375,7,nan,nan
쇔,U+C1D4,0,0,0,0,0,0.1279296875,0.6875,0.1553955078125,11,nan,nan
쇕,U+C1D5,0,0,0,0,0,0.143310546875,0.68988037109375,0.15362548828125,6,nan,nan
쇖,U+C1D6,0,0,0,0,0,0.15777587890625,0.75,0.16656494140625,5,nan,nan
쇗,U+C1D7,0,0,0,0,0,0.14263916015625,0.65185546875,0.13104248046875,4,nan,nan
쇘,U+C1D8,0,0,0,0,0,0.15570068359375,0.703857421875,0.1556396484375,5,nan,nan
쇙,U+C1D9,0,0,0,0,0,0.139892578125,0.6776123046875,0.13189697265625,5,nan,nan
쇚,U+C1DA,0,0,1,1,0,0.14776611328125,0.6953125,0.15313720703125,4,nan,nan
쇛,U+C1DB,0,0,0,0,0,0.15972900390625,0.71142578125,0.15887451171875,5,nan,nan
쇜,U+C1DC,0,0,1,1,0,0.14532470703125,0.7109375,0.1485595703125,4,nan,nan
쇝,U+C1DD,0,0,1,1,0,0.16998291015625,0.6953125,0.16558837890625,5,nan,nan
쇞,U+C1DE,0,0,0,0,0,0.15234375,0.764404296875,0.16046142578125,5,nan,nan
쇟,U+C1DF,0,0,0,0,0,0.14483642578125,0.671875,0.14312744140625,5,nan,nan
쇠,U+C1E0,0,0,0,0,0,0.1102294921875,0.454833984375,0.101806640625,3,nan,nan
쇡,U+C1E1,0,0,0,0,0,0.1259765625,0.6796875,0.118408203125,4,nan,nan
쇢,U+C1E2,0,0,1,1,0,0.1253662109375,0.62786865234375,0.125,5,nan,nan
쇣,U+C1E3,0,0,0,0,0,0.15948486328125,0.75,0.1483154296875,6,nan,nan
쇤,U+C1E4,0,0,0,0,0,0.11566162109375,0.5955810546875,0.12249755859375,4,nan,nan
쇥,U+C1E5,0,0,1,1,0,0.1572265625,0.6796875,0.14727783203125,4,nan,nan
쇦,U+C1E6,0,0,1,1,0,0.166748046875,0.65625,0.14739990234375,8,nan,nan
쇧,U+C1E7,0,0,1,1,0,0.1273193359375,0.5570068359375,0.1260986328125,4,nan,nan
쇨,U+C1E8,0,0,0,0,0,0.14752197265625,0.6484375,0.144287109375,4,nan,nan
쇩,U+C1E9,0,0,0,0,0,0.15618896484375,0.671875,0.162109375,4,nan,nan
쇪,U+C1EA,0,0,0,0,0,0.1566162109375,0.625,0.168701171875,5,nan,nan
쇫,U+C1EB,0,0,0,0,0,0.15045166015625,0.640625,0.16748046875,4,nan,nan
쇬,U+C1EC,0,0,0,0,0,0.15301513671875,0.7109375,0.1624755859375,8,nan,nan
쇭,U+C1ED,0,0,0,0,0,0.16424560546875,0.671875,0.160888671875,6,nan,nan
쇮,U+C1EE,0,0,1,1,0,0.161376953125,0.6953125,0.16619873046875,7,nan,nan
쇯,U+C1EF,0,0,0,0,0,0.18328857421875,0.713134765625,0.169189453125,5,nan,nan
쇰,U+C1F0,0,0,0,0,0,0.13104248046875,0.6337890625,0.1358642578125,5,nan,nan
쇱,U+C1F1,0,0,0,0,0,0.1270751953125,0.57806396484375,0.13336181640625,4,nan,nan
쇲,U+C1F2,0,0,0,0,0,0.1605224609375,0.703125,0.14947509765625,7,nan,nan
쇳,U+C1F3,0,0,0,0,0,0.1470947265625,0.630615234375,0.12322998046875,4,nan,nan
쇴,U+C1F4,0,0,0,0,0,0.15350341796875,0.7265625,0.14404296875,4,nan,nan
쇵,U+C1F5,0,0,0,0,0,0.09417724609375,0.47021484375,0.0999755859375,4,nan,nan
쇶,U+C1F6,0,0,1,1,0,0.142333984375,0.6796875,0.135009765625,5,nan,nan
쇷,U+C1F7,0,0,0,0,0,0.13427734375,0.7781982421875,0.12847900390625,6,nan,nan
쇸,U+C1F8,0,0,1,1,0,0.138916015625,0.625,0.13134765625,5,nan,nan
쇹,U+C1F9,0,0,1,1,0,0.16265869140625,0.625,0.1436767578125,5,nan,nan
쇺,U+C1FA,0,0,0,0,0,0.12786865234375,0.703125,0.1400146484375,5,nan,nan
쇻,U+C1FB,0,0,0,0,0,0.14013671875,0.6046142578125,0.111083984375,4,nan,nan
쇼,U+C1FC,0,0,0,0,0,0.09625244140625,0.51507568359375,0.0877685546875,2,nan,nan
쇽,U+C1FD,0,0,0,0,0,0.11114501953125,0.75,0.11639404296875,3,nan,nan
쇾,U+C1FE,0,0,1,1,0,0.13043212890625,0.8125,0.132080078125,8,nan,nan
쇿,U+C1FF,0,0,0,0,0,0.15032958984375,0.796875,0.14202880859375,4,nan,nan
숀,U+C200,0,0,0,0,0,0.12738037109375,0.7421875,0.11309814453125,3,nan,nan
숁,U+C201,0,0,1,1,0,0.1363525390625,0.8203125,0.13446044921875,7,nan,nan
숂,U+C202,0,0,1,1,0,0.14202880859375,0.82940673828125,0.14544677734375,6,nan,nan
숃,U+C203,0,0,1,1,0,0.17913818359375,0.828125,0.14691162109375,5,nan,nan
숄,U+C204,0,0,0,0,0,0.15252685546875,0.7890625,0.15753173828125,6,nan,nan
숅,U+C205,0,0,0,0,0,0.152099609375,0.7890625,0.1468505859375,5,nan,nan
숆,U+C206,0,0,0,0,0,0.14837646484375,0.73828125,0.16021728515625,7,nan,nan
숇,U+C207,0,0,0,0,0,0.15887451171875,0.796875,0.16552734375,7,nan,nan
숈,U+C208,0,0,0,0,0,0.1334228515625,0.78125,0.15020751953125,6,nan,nan
숉,U+C209,0,0,0,0,0,0.12530517578125,0.8203125,0.144775390625,11,nan,nan
숊,U+C20A,0,0,1,1,0,0.12933349609375,0.80615234375,0.148681640625,9,nan,nan
숋,U+C20B,0,0,0,0,0,0.14984130859375,0.8359375,0.15673828125,6,nan,nan
숌,U+C20C,0,0,0,0,0,0.14788818359375,0.8515625,0.14678955078125,4,nan,nan
숍,U+C20D,0,0,0,0,0,0.14154052734375,0.734375,0.1341552734375,3,nan,nan
숎,U+C20E,0,0,0,0,0,0.14202880859375,0.75189208984375,0.1527099609375,4,nan,nan
숏,U+C20F,0,0,0,0,0,0.13421630859375,0.75189208984375,0.11468505859375,3,nan,nan
숐,U+C210,0,0,0,0,0,0.1484375,0.796875,0.13397216796875,3,nan,nan
숑,U+C211,0,0,0,0,0,0.148681640625,0.84375,0.1307373046875,3,nan,nan
숒,U+C212,0,0,1,1,0,0.15374755859375,0.80615234375,0.13238525390625,7,nan,nan
숓,U+C213,0,0,0,0,0,0.13446044921875,0.8046875,0.14593505859375,5,nan,nan
숔,U+C214,0,0,1,1,0,0.14544677734375,0.71875,0.12823486328125,5,nan,nan
숕,U+C215,0,0,1,1,0,0.15924072265625,0.7421875,0.146728515625,4,nan,nan
숖,U+C216,0,0,0,0,0,0.158203125,0.84490966796875,0.15057373046875,5,nan,nan
숗,U+C217,0,0,0,0,0,0.1455078125,0.8359375,0.13690185546875,4,nan,nan
수,U+C218,0,0,0,0,0,0.08917236328125,0.68359375,0.0753173828125,2,nan,nan
숙,U+C219,0,0,0,0,0,0.1151123046875,0.67901611328125,0.10260009765625,3,nan,nan
숚,U+C21A,0,0,1,1,0,0.1199951171875,0.76068115234375,0.1142578125,6,nan,nan
숛,U+C21B,0,0,0,0,0,0.126220703125,0.68682861328125,0.11138916015625,5,nan,nan
순,U+C21C,0,0,0,0,0,0.0950927734375,0.66815185546875,0.095458984375,3,nan,nan
숝,U+C21D,0,0,1,1,0,0.1322021484375,0.6427001953125,0.11712646484375,4,nan,nan
숞,U+C21E,0,0,1,1,0,0.14111328125,0.7459716796875,0.13043212890625,3,nan,nan
숟,U+C21F,0,0,1,1,0,0.10894775390625,0.732421875,0.10992431640625,4,nan,nan
술,U+C220,0,0,0,0,0,0.13226318359375,0.7906494140625,0.1455078125,4,nan,nan
숡,U+C221,0,0,0,0,0,0.13714599609375,0.6640625,0.13604736328125,4,nan,nan
숢,U+C222,0,0,0,0,0,0.13372802734375,0.65887451171875,0.142333984375,7,nan,nan
숣,U+C223,0,0,0,0,0,0.1468505859375,0.65887451171875,0.1461181640625,3,nan,nan
숤,U+C224,0,0,0,0,0,0.14739990234375,0.78125,0.14910888671875,4,nan,nan
숥,U+C225,0,0,0,0,0,0.138427734375,0.79840087890625,0.14398193359375,6,nan,nan
숦,U+C226,0,0,1,1,0,0.117919921875,0.6866455078125,0.1295166015625,7,nan,nan
숧,U+C227,0,0,0,0,0,0.15032958984375,0.79840087890625,0.16046142578125,7,nan,nan
숨,U+C228,0,0,0,0,0,0.10699462890625,0.6246337890625,0.111328125,2,nan,nan
숩,U+C229,0,0,0,0,0,0.1175537109375,0.59820556640625,0.1165771484375,3,nan,nan
숪,U+C22A,0,0,0,0,0,0.11541748046875,0.67205810546875,0.12030029296875,5,nan,nan
숫,U+C22B,0,0,0,0,0,0.11663818359375,0.64849853515625,0.093505859375,3,nan,nan
숬,U+C22C,0,0,0,0,0,0.13629150390625,0.762939453125,0.12103271484375,5,nan,nan
숭,U+C22D,0,0,0,0,0,0.0904541015625,0.5712890625,0.084228515625,3,nan,nan
숮,U+C22E,0,0,1,1,0,0.10760498046875,0.60809326171875,0.100830078125,2,nan,nan
숯,U+C22F,0,0,0,0,0,0.123779296875,0.643310546875,0.1043701171875,2,nan,nan
숰,U+C230,0,0,1,1,0,0.1300048828125,0.6246337890625,0.13037109375,6,nan,nan
숱,U+C231,0,0,1,1,0,0.13677978515625,0.61798095703125,0.12823486328125,3,nan,nan
숲,U+C232,0,0,0,0,0,0.13409423828125,0.7596435546875,0.137451171875,4,nan,nan
숳,U+C233,0,0,0,0,0,0.13037109375,0.76739501953125,0.11431884765625,3,nan,nan
숴,U+C234,0,0,0,0,0,0.09747314453125,0.4986572265625,0.09130859375,3,nan,nan
숵,U+C235,0,0,0,0,0,0.11859130859375,0.68115234375,0.11944580078125,5,nan,nan
숶,U+C236,0,0,1,1,0,0.12744140625,0.68212890625,0.1380615234375,7,nan,nan
숷,U+C237,0,0,0,0,0,0.1484375,0.69427490234375,0.14569091796875,5,nan,nan
숸,U+C238,0,0,0,0,0,0.11651611328125,0.70892333984375,0.13018798828125,6,nan,nan
숹,U+C239,0,0,1,1,0,0.16326904296875,0.7476806640625,0.1513671875,4,nan,nan
숺,U+C23A,0,0,1,1,0,0.15887451171875,0.7152099609375,0.156494140625,8,nan,nan
숻,U+C23B,0,0,1,1,0,0.12908935546875,0.6842041015625,0.1300048828125,4,nan,nan
숼,U+C23C,0,0,0,0,0,0.1199951171875,0.6962890625,0.1331787109375,4,nan,nan
숽,U+C23D,0,0,0,0,0,0.15985107421875,0.71875,0.1839599609375,12,nan,nan
숾,U+C23E,0,0,0,0,0,0.17236328125,0.671875,0.1771240234375,5,nan,nan
숿,U+C23F,0,0,0,0,0,0.1729736328125,0.72088623046875,0.1795654296875,7,nan,nan
쉀,U+C240,0,0,0,0,0,0.16259765625,0.76739501953125,0.16259765625,4,nan,nan
쉁,U+C241,0,0,0,0,0,0.17315673828125,0.765625,0.179931640625,6,nan,nan
쉂,U+C242,0,0,1,1,0,0.18505859375,0.7596435546875,0.18304443359375,2,nan,nan
쉃,U+C243,0,0,0,0,0,0.18377685546875,0.765625,0.1807861328125,7,nan,nan
쉄,U+C244,0,0,0,0,0,0.13720703125,0.66815185546875,0.14227294921875,5,nan,nan
쉅,U+C245,0,0,0,0,0,0.133056640625,0.610107421875,0.13433837890625,6,nan,nan
쉆,U+C246,0,0,0,0,0,0.1634521484375,0.7109375,0.16253662109375,7,nan,nan
쉇,U+C247,0,0,0,0,0,0.12921142578125,0.6298828125,0.1162109375,7,nan,nan
쉈,U+C248,0,0,0,0,0,0.17828369140625,0.75189208984375,0.15057373046875,3,nan,nan
쉉,U+C249,0,0,0,0,0,0.1083984375,0.630126953125,0.112548828125,5,nan,nan
쉊,U+C24A,0,0,1,1,0,0.14324951171875,0.64849853515625,0.1396484375,4,nan,nan
쉋,U+C24B,0,0,0,0,0,0.1463623046875,0.6666259765625,0.14471435546875,3,nan,nan
쉌,U+C24C,0,0,1,1,0,0.1397705078125,0.590576171875,0.13409423828125,5,nan,nan
쉍,U+C24D,0,0,1,1,0,0.1502685546875,0.75,0.15728759765625,9,nan,nan
쉎,U+C24E,0,0,0,0,0,0.13739013671875,0.78289794921875,0.143798828125,5,nan,nan
쉏,U+C24F,0,0,0,0,0,0.15411376953125,0.63323974609375,0.12921142578125,5,nan,nan
쉐,U+C250,0,0,0,0,0,0.1346435546875,0.59814453125,0.1204833984375,4,nan,nan
쉑,U+C251,0,0,0,0,0,0.139404296875,0.7520751953125,0.13702392578125,5,nan,nan
쉒,U+C252,0,0,1,1,0,0.155029296875,0.73974609375,0.15740966796875,8,nan,nan
쉓,U+C253,0,0,0,0,0,0.1690673828125,0.78289794921875,0.16796875,7,nan,nan
쉔,U+C254,0,0,0,0,0,0.14111328125,0.689697265625,0.14697265625,4,nan,nan
쉕,U+C255,0,0,1,1,0,0.16363525390625,0.7476806640625,0.1787109375,5,nan,nan
쉖,U+C256,0,0,1,1,0,0.17889404296875,0.71875,0.1749267578125,4,nan,nan
쉗,U+C257,0,0,1,1,0,0.14892578125,0.63873291015625,0.15087890625,5,nan,nan
쉘,U+C258,0,0,0,0,0,0.16619873046875,0.734130859375,0.17901611328125,5,nan,nan
쉙,U+C259,0,0,0,0,0,0.1768798828125,0.762939453125,0.2091064453125,8,nan,nan
쉚,U+C25A,0,0,0,0,0,0.1817626953125,0.796875,0.20098876953125,12,nan,nan
쉛,U+C25B,0,0,0,0,0,0.17401123046875,0.673828125,0.1903076171875,7,nan,nan
쉜,U+C25C,0,0,0,0,0,0.1796875,0.779541015625,0.19140625,7,nan,nan
쉝,U+C25D,0,0,0,0,0,0.19677734375,0.75,0.21014404296875,9,nan,nan
쉞,U+C25E,0,0,1,1,0,0.18194580078125,0.753662109375,0.20233154296875,11,nan,nan
쉟,U+C25F,0,0,0,0,0,0.17840576171875,0.86334228515625,0.19439697265625,12,nan,nan
쉠,U+C260,0,0,0,0,0,0.1605224609375,0.76739501953125,0.1663818359375,8,nan,nan
쉡,U+C261,0,0,0,0,0,0.13397216796875,0.7027587890625,0.15618896484375,9,nan,nan
쉢,U+C262,0,0,0,0,0,0.17657470703125,0.7265625,0.18170166015625,7,nan,nan
쉣,U+C263,0,0,0,0,0,0.15936279296875,0.7459716796875,0.150390625,5,nan,nan
쉤,U+C264,0,0,0,0,0,0.15716552734375,0.72021484375,0.164306640625,10,nan,nan
쉥,U+C265,0,0,0,0,0,0.14019775390625,0.66650390625,0.1376953125,6,nan,nan
쉦,U+C266,0,0,1,1,0,0.15887451171875,0.7265625,0.16607666015625,6,nan,nan
쉧,U+C267,0,0,0,0,0,0.1634521484375,0.713134765625,0.1566162109375,7,nan,nan
쉨,U+C268,0,0,1,1,0,0.1611328125,0.692138671875,0.157958984375,6,nan,nan
쉩,U+C269,0,0,1,1,0,0.17340087890625,0.6646728515625,0.1810302734375,8,nan,nan
쉪,U+C26A,0,0,0,0,0,0.17669677734375,0.7734375,0.167724609375,4,nan,nan
쉫,U+C26B,0,0,0,0,0,0.15594482421875,0.67205810546875,0.1510009765625,6,nan,nan
쉬,U+C26C,0,0,0,0,0,0.090576171875,0.48046875,0.0830078125,3,nan,nan
쉭,U+C26D,0,0,0,0,0,0.1158447265625,0.7265625,0.1102294921875,3,nan,nan
쉮,U+C26E,0,0,1,1,0,0.12884521484375,0.69427490234375,0.1337890625,7,nan,nan
쉯,U+C26F,0,0,0,0,0,0.15509033203125,0.734130859375,0.14447021484375,5,nan,nan
쉰,U+C270,0,0,0,0,0,0.1309814453125,0.7109375,0.1253662109375,5,nan,nan
쉱,U+C271,0,0,1,1,0,0.14605712890625,0.77056884765625,0.1409912109375,3,nan,nan
쉲,U+C272,0,0,1,1,0,0.12689208984375,0.6925048828125,0.14007568359375,6,nan,nan
쉳,U+C273,0,0,1,1,0,0.123046875,0.65087890625,0.1285400390625,5,nan,nan
쉴,U+C274,0,0,0,0,0,0.13677978515625,0.6875,0.14093017578125,5,nan,nan
쉵,U+C275,0,0,0,0,0,0.15557861328125,0.68988037109375,0.16729736328125,7,nan,nan
쉶,U+C276,0,0,0,0,0,0.1590576171875,0.65887451171875,0.1739501953125,4,nan,nan
쉷,U+C277,0,0,0,0,0,0.15545654296875,0.71875,0.16845703125,5,nan,nan
쉸,U+C278,0,0,0,0,0,0.1533203125,0.75,0.1539306640625,3,nan,nan
쉹,U+C279,0,0,0,0,0,0.1566162109375,0.8046875,0.1671142578125,11,nan,nan
쉺,U+C27A,0,0,1,1,0,0.14825439453125,0.73828125,0.1593017578125,6,nan,nan
쉻,U+C27B,0,0,0,0,0,0.1580810546875,0.732421875,0.166259765625,7,nan,nan
쉼,U+C27C,0,0,0,0,0,0.13812255859375,0.63720703125,0.13934326171875,5,nan,nan
쉽,U+C27D,0,0,0,0,0,0.13580322265625,0.62255859375,0.12890625,7,nan,nan
쉾,U+C27E,0,0,0,0,0,0.1529541015625,0.722900390625,0.1507568359375,5,nan,nan
쉿,U+C27F,0,0,0,0,0,0.14007568359375,0.701904296875,0.12469482421875,5,nan,nan
슀,U+C280,0,0,0,0,0,0.1455078125,0.765625,0.13897705078125,5,nan,nan
슁,U+C281,0,0,0,0,0,0.11126708984375,0.60699462890625,0.10565185546875,4,nan,nan
슂,U+C282,0,0,1,1,0,0.13970947265625,0.7265625,0.13653564453125,5,nan,nan
슃,U+C283,0,0,0,0,0,0.14471435546875,0.703125,0.1357421875,4,nan,nan
슄,U+C284,0,0,1,1,0,0.1317138671875,0.62255859375,0.1229248046875,6,nan,nan
슅,U+C285,0,0,1,1,0,0.150146484375,0.6640625,0.14251708984375,3,nan,nan
슆,U+C286,0,0,0,0,0,0.13140869140625,0.8515625,0.13787841796875,5,nan,nan
슇,U+C287,0,0,0,0,0,0.14434814453125,0.6201171875,0.1253662109375,4,nan,nan
슈,U+C288,0,0,0,0,0,0.08734130859375,0.6146240234375,0.083984375,3,nan,nan
슉,U+C289,0,0,0,0,0,0.15277099609375,0.828125,0.12274169921875,2,nan,nan
슊,U+C28A,0,0,1,1,0,0.13128662109375,0.8125,0.13543701171875,7,nan,nan
슋,U+C28B,0,0,0,0,0,0.13787841796875,0.7520751953125,0.12432861328125,7,nan,nan
슌,U+C28C,0,0,0,0,0,0.10894775390625,0.67547607421875,0.11376953125,3,nan,nan
슍,U+C28D,0,0,1,1,0,0.1561279296875,0.69268798828125,0.136474609375,3,nan,nan
슎,U+C28E,0,0,1,1,0,0.1468505859375,0.73638916015625,0.133056640625,6,nan,nan
슏,U+C28F,0,0,1,1,0,0.12799072265625,0.7578125,0.12322998046875,4,nan,nan
슐,U+C290,0,0,0,0,0,0.16607666015625,0.8046875,0.1512451171875,4,nan,nan
슑,U+C291,0,0,0,0,0,0.15667724609375,0.7286376953125,0.1529541015625,3,nan,nan
슒,U+C292,0,0,0,0,0,0.158935546875,0.6998291015625,0.15374755859375,5,nan,nan
슓,U+C293,0,0,0,0,0,0.15606689453125,0.72088623046875,0.162109375,6,nan,nan
슔,U+C294,0,0,0,0,0,0.15130615234375,0.875,0.15863037109375,5,nan,nan
슕,U+C295,0,0,0,0,0,0.1448974609375,0.732421875,0.15008544921875,7,nan,nan
슖,U+C296,0,0,1,1,0,0.14697265625,0.79840087890625,0.1478271484375,4,nan,nan
슗,U+C297,0,0,0,0,0,0.16815185546875,0.8125,0.172119140625,5,nan,nan
슘,U+C298,0,0,0,0,0,0.12628173828125,0.7357177734375,0.1260986328125,2,nan,nan
슙,U+C299,0,0,0,0,0,0.1405029296875,0.6776123046875,0.12945556640625,6,nan,nan
슚,U+C29A,0,0,0,0,0,0.13067626953125,0.75823974609375,0.12860107421875,3,nan,nan
슛,U+C29B,0,0,0,0,0,0.1361083984375,0.69580078125,0.11077880859375,3,nan,nan
슜,U+C29C,0,0,0,0,0,0.14501953125,0.749267578125,0.12347412109375,3,nan,nan
슝,U+C29D,0,0,0,0,0,0.0888671875,0.545166015625,0.0872802734375,3,nan,nan
슞,U+C29E,0,0,1,1,0,0.1348876953125,0.64990234375,0.11663818359375,2,nan,nan
슟,U+C29F,0,0,0,0,0,0.13372802734375,0.64599609375,0.10772705078125,3,nan,nan
슠,U+C2A0,0,0,1,1,0,0.13824462890625,0.7073974609375,0.12841796875,8,nan,nan
슡,U+C2A1,0,0,1,1,0,0.14678955078125,0.68212890625,0.133544921875,4,nan,nan
슢,U+C2A2,0,0,0,0,0,0.1552734375,0.7890625,0.15673828125,4,nan,nan
슣,U+C2A3,0,0,0,0,0,0.1429443359375,0.71875,0.13812255859375,4,nan,nan
스,U+C2A4,0,0,0,0,0,0.0694580078125,0.45654296875,0.0615234375,2,nan,nan
슥,U+C2A5,0,0,0,0,0,0.10040283203125,0.7532958984375,0.0947265625,4,nan,nan
슦,U+C2A6,0,0,1,1,0,0.11407470703125,0.775146484375,0.11529541015625,6,nan,nan
슧,U+C2A7,0,0,0,0,0,0.1363525390625,0.7532958984375,0.116943359375,3,nan,nan
슨,U+C2A8,0,0,0,0,0,0.1156005859375,0.794677734375,0.09674072265625,5,nan,nan
슩,U+C2A9,0,0,1,1,0,0.13726806640625,0.66900634765625,0.11383056640625,4,nan,nan
슪,U+C2AA,0,0,1,1,0,0.1484375,0.7408447265625,0.134033203125,5,nan,nan
슫,U+C2AB,0,0,1,1,0,0.1224365234375,0.80615234375,0.10931396484375,4,nan,nan
슬,U+C2AC,0,0,0,0,0,0.15191650390625,0.787109375,0.14166259765625,6,nan,nan
슭,U+C2AD,0,0,0,0,0,0.14959716796875,0.76739501953125,0.1463623046875,3,nan,nan
슮,U+C2AE,0,0,0,0,0,0.1365966796875,0.6884765625,0.13946533203125,7,nan,nan
슯,U+C2AF,0,0,0,0,0,0.14739990234375,0.6942138671875,0.15887451171875,5,nan,nan
슰,U+C2B0,0,0,0,0,0,0.1336669921875,0.763427734375,0.14031982421875,7,nan,nan
슱,U+C2B1,0,0,0,0,0,0.14727783203125,0.75439453125,0.14801025390625,7,nan,nan
슲,U+C2B2,0,0,1,1,0,0.13555908203125,0.738525390625,0.15521240234375,8,nan,nan
슳,U+C2B3,0,0,0,0,0,0.15765380859375,0.80615234375,0.1514892578125,5,nan,nan
슴,U+C2B4,0,0,0,0,0,0.11492919921875,0.634521484375,0.11895751953125,4,nan,nan
습,U+C2B5,0,0,0,0,0,0.1099853515625,0.63555908203125,0.1138916015625,5,nan,nan
슶,U+C2B6,0,0,0,0,0,0.14044189453125,0.662109375,0.12432861328125,3,nan,nan
슷,U+C2B7,0,0,0,0,0,0.114013671875,0.71905517578125,0.0927734375,2,nan,nan
슸,U+C2B8,0,0,0,0,0,0.12994384765625,0.750732421875,0.11083984375,4,nan,nan
승,U+C2B9,0,0,0,0,0,0.09417724609375,0.6331787109375,0.08270263671875,3,nan,nan
슺,U+C2BA,0,0,1,1,0,0.1259765625,0.6697998046875,0.09869384765625,3,nan,nan
슻,U+C2BB,0,0,0,0,0,0.119384765625,0.6884765625,0.1162109375,5,nan,nan
슼,U+C2BC,0,0,1,1,0,0.11297607421875,0.66650390625,0.10858154296875,4,nan,nan
슽,U+C2BD,0,0,1,1,0,0.15740966796875,0.70953369140625,0.13214111328125,4,nan,nan
슾,U+C2BE,0,0,0,0,0,0.16033935546875,0.80419921875,0.1279296875,3,nan,nan
슿,U+C2BF,0,0,0,0,0,0.12103271484375,0.69427490234375,0.1055908203125,4,nan,nan
싀,U+C2C0,0,0,0,0,0,0.10772705078125,0.50921630859375,0.08953857421875,2,nan,nan
싁,U+C2C1,0,0,0,0,0,0.1160888671875,0.640869140625,0.1053466796875,4,nan,nan
싂,U+C2C2,0,0,1,1,0,0.1126708984375,0.750732421875,0.11187744140625,8,nan,nan
싃,U+C2C3,0,0,0,0,0,0.12744140625,0.7109375,0.12646484375,8,nan,nan
싄,U+C2C4,0,0,0,0,0,0.10577392578125,0.658447265625,0.1080322265625,5,nan,nan
싅,U+C2C5,0,0,1,1,0,0.1192626953125,0.72509765625,0.12689208984375,5,nan,nan
싆,U+C2C6,0,0,1,1,0,0.13714599609375,0.6356201171875,0.1292724609375,5,nan,nan
싇,U+C2C7,0,0,1,1,0,0.13970947265625,0.6796875,0.1185302734375,5,nan,nan
싈,U+C2C8,0,0,0,0,0,0.13861083984375,0.671875,0.13958740234375,8,nan,nan
싉,U+C2C9,0,0,0,0,0,0.14215087890625,0.787109375,0.14337158203125,8,nan,nan
싊,U+C2CA,0,0,0,0,0,0.132568359375,0.64599609375,0.15216064453125,8,nan,nan
싋,U+C2CB,0,0,0,0,0,0.12176513671875,0.640625,0.15362548828125,8,nan,nan
싌,U+C2CC,0,0,0,0,0,0.15130615234375,0.7578125,0.1502685546875,8,nan,nan
싍,U+C2CD,0,0,0,0,0,0.13519287109375,0.6976318359375,0.1494140625,9,nan,nan
싎,U+C2CE,0,0,1,1,0,0.1329345703125,0.6796875,0.15087890625,9,nan,nan
싏,U+C2CF,0,0,0,0,0,0.1617431640625,0.8671875,0.17364501953125,11,nan,nan
싐,U+C2D0,0,0,0,0,0,0.11724853515625,0.5955810546875,0.1273193359375,6,nan,nan
싑,U+C2D1,0,0,0,0,0,0.10504150390625,0.5570068359375,0.11553955078125,5,nan,nan
싒,U+C2D2,0,0,0,0,0,0.12554931640625,0.7305908203125,0.130126953125,6,nan,nan
싓,U+C2D3,0,0,0,0,0,0.11456298828125,0.60284423828125,0.109130859375,5,nan,nan
싔,U+C2D4,0,0,0,0,0,0.12664794921875,0.65185546875,0.12841796875,5,nan,nan
싕,U+C2D5,0,0,0,0,0,0.1077880859375,0.5908203125,0.09600830078125,3,nan,nan
싖,U+C2D6,0,0,1,1,0,0.126220703125,0.63323974609375,0.1171875,5,nan,nan
싗,U+C2D7,0,0,0,0,0,0.12774658203125,0.6875,0.134521484375,6,nan,nan
싘,U+C2D8,0,0,1,1,0,0.14361572265625,0.610595703125,0.12689208984375,3,nan,nan
싙,U+C2D9,0,0,1,1,0,0.15655517578125,0.71875,0.14215087890625,4,nan,nan
싚,U+C2DA,0,0,0,0,0,0.1136474609375,0.5859375,0.1123046875,5,nan,nan
싛,U+C2DB,0,0,0,0,0,0.1297607421875,0.59375,0.11334228515625,6,nan,nan
시,U+C2DC,0,0,0,0,0,0.083984375,0.657958984375,0.07659912109375,3,nan,nan
식,U+C2DD,0,0,0,0,0,0.0968017578125,0.5546875,0.087646484375,3,nan,nan
싞,U+C2DE,0,0,1,1,0,0.08404541015625,0.5537109375,0.0928955078125,6,nan,nan
싟,U+C2DF,0,0,0,0,0,0.1097412109375,0.692138671875,0.1092529296875,3,nan,nan
신,U+C2E0,0,0,0,0,0,0.0936279296875,0.6103515625,0.0848388671875,3,nan,nan
싡,U+C2E1,0,0,1,1,0,0.106689453125,0.66259765625,0.10394287109375,3,nan,nan
싢,U+C2E2,0,0,1,1,0,0.124267578125,0.828125,0.1329345703125,6,nan,nan
싣,U+C2E3,0,0,1,1,0,0.086181640625,0.5546875,0.0908203125,3,nan,nan
실,U+C2E4,0,0,0,0,0,0.12200927734375,0.640625,0.117431640625,4,nan,nan
싥,U+C2E5,0,0,0,0,0,0.12469482421875,0.7265625,0.14227294921875,6,nan,nan
싦,U+C2E6,0,0,0,0,0,0.1324462890625,0.7265625,0.154296875,16,nan,nan
싧,U+C2E7,0,0,0,0,0,0.15631103515625,0.796875,0.15472412109375,5,nan,nan
싨,U+C2E8,0,0,0,0,0,0.14898681640625,0.7109375,0.1373291015625,4,nan,nan
싩,U+C2E9,0,0,0,0,0,0.131103515625,0.775146484375,0.14654541015625,9,nan,nan
싪,U+C2EA,0,0,1,1,0,0.11956787109375,0.6953125,0.1270751953125,6,nan,nan
싫,U+C2EB,0,0,0,0,0,0.14111328125,0.7305908203125,0.15704345703125,8,nan,nan
심,U+C2EC,0,0,0,0,0,0.112060546875,0.640625,0.1180419921875,5,nan,nan
십,U+C2ED,0,0,0,0,0,0.1142578125,0.6328125,0.119873046875,5,nan,nan
싮,U+C2EE,0,0,0,0,0,0.126953125,0.6875,0.13043212890625,2,nan,nan
싯,U+C2EF,0,0,0,0,0,0.10516357421875,0.6031494140625,0.0870361328125,3,nan,nan
싰,U+C2F0,0,0,0,0,0,0.112060546875,0.6328125,0.1085205078125,4,nan,nan
싱,U+C2F1,0,0,0,0,0,0.07843017578125,0.4364013671875,0.06671142578125,3,nan,nan
싲,U+C2F2,0,0,1,1,0,0.1044921875,0.630615234375,0.107421875,2,nan,nan
싳,U+C2F3,0,0,0,0,0,0.11016845703125,0.6328125,0.10723876953125,6,nan,nan
싴,U+C2F4,0,0,1,1,0,0.1190185546875,0.7265625,0.1080322265625,7,nan,nan
싵,U+C2F5,0,0,1,1,0,0.1275634765625,0.59375,0.12115478515625,3,nan,nan
싶,U+C2F6,0,0,0,0,0,0.1185302734375,0.661376953125,0.12274169921875,3,nan,nan
싷,U+C2F7,0,0,0,0,0,0.09796142578125,0.54931640625,0.0870361328125,5,nan,nan
싸,U+C2F8,0,0,0,0,0,0.123291015625,0.69268798828125,0.09820556640625,2,nan,nan
싹,U+C2F9,0,0,0,0,0,0.116455078125,0.8125,0.116455078125,4,nan,nan
싺,U+C2FA,0,0,1,1,0,0.14935302734375,0.8074951171875,0.14276123046875,5,nan,nan
싻,U+C2FB,0,0,0,0,0,0.13134765625,0.810791015625,0.1214599609375,4,nan,nan
싼,U+C2FC,0,0,0,0,0,0.12469482421875,0.809814453125,0.1187744140625,3,nan,nan
싽,U+C2FD,0,0,1,1,0,0.1517333984375,0.8382568359375,0.14215087890625,3,nan,nan
싾,U+C2FE,0,0,1,1,0,0.15399169921875,0.84375,0.1549072265625,6,nan,nan
싿,U+C2FF,0,0,1,1,0,0.1309814453125,0.823974609375,0.12982177734375,3,nan,nan
쌀,U+C300,0,0,0,0,0,0.15594482421875,0.8125,0.15179443359375,3,nan,nan
쌁,U+C301,0,0,0,0,0,0.15374755859375,0.8359375,0.15191650390625,7,nan,nan
쌂,U+C302,0,0,0,0,0,0.1748046875,0.828125,0.17919921875,4,nan,nan
쌃,U+C303,0,0,0,0,0,0.16973876953125,0.8515625,0.17559814453125,4,nan,nan
쌄,U+C304,0,0,0,0,0,0.164306640625,0.8228759765625,0.15216064453125,4,nan,nan
쌅,U+C305,0,0,0,0,0,0.15069580078125,0.8359375,0.161376953125,4,nan,nan
쌆,U+C306,0,0,1,1,0,0.175537109375,0.8125,0.1708984375,5,nan,nan
쌇,U+C307,0,0,0,0,0,0.17938232421875,0.8359375,0.17791748046875,4,nan,nan
쌈,U+C308,0,0,0,0,0,0.1478271484375,0.79022216796875,0.13714599609375,4,nan,nan
쌉,U+C309,0,0,0,0,0,0.13946533203125,0.729736328125,0.1304931640625,3,nan,nan
쌊,U+C30A,0,0,0,0,0,0.14202880859375,0.80224609375,0.145263671875,3,nan,nan
쌋,U+C30B,0,0,0,0,0,0.11846923828125,0.791015625,0.10888671875,3,nan,nan
쌌,U+C30C,0,0,0,0,0,0.1531982421875,0.83331298828125,0.1334228515625,2,nan,nan
쌍,U+C30D,0,0,0,0,0,0.14520263671875,0.7418212890625,0.1077880859375,5,nan,nan
쌎,U+C30E,0,0,1,1,0,0.13800048828125,0.84490966796875,0.13494873046875,4,nan,nan
쌏,U+C30F,0,0,0,0,0,0.1319580078125,0.828125,0.1407470703125,9,nan,nan
쌐,U+C310,0,0,1,1,0,0.1495361328125,0.828125,0.131103515625,3,nan,nan
쌑,U+C311,0,0,1,1,0,0.14251708984375,0.7906494140625,0.1458740234375,2,nan,nan
쌒,U+C312,0,0,0,0,0,0.16241455078125,0.8671875,0.1536865234375,3,nan,nan
쌓,U+C313,0,0,0,0,0,0.135498046875,0.84375,0.13336181640625,7,nan,nan
쌔,U+C314,0,0,0,0,0,0.13519287109375,0.6109619140625,0.1136474609375,2,nan,nan
쌕,U+C315,0,0,0,0,0,0.12933349609375,0.7476806640625,0.13421630859375,3,nan,nan
쌖,U+C316,0,0,1,1,0,0.1307373046875,0.69818115234375,0.14007568359375,4,nan,nan
쌗,U+C317,0,0,0,0,0,0.14471435546875,0.705810546875,0.1458740234375,4,nan,nan
쌘,U+C318,0,0,0,0,0,0.14251708984375,0.7459716796875,0.1370849609375,3,nan,nan
쌙,U+C319,0,0,1,1,0,0.150146484375,0.7568359375,0.15142822265625,5,nan,nan
쌚,U+C31A,0,0,1,1,0,0.14996337890625,0.74005126953125,0.1622314453125,4,nan,nan
쌛,U+C31B,0,0,1,1,0,0.1466064453125,0.71636962890625,0.14056396484375,3,nan,nan
쌜,U+C31C,0,0,0,0,0,0.159912109375,0.75,0.17071533203125,4,nan,nan
쌝,U+C31D,0,0,0,0,0,0.1566162109375,0.71875,0.174560546875,5,nan,nan
쌞,U+C31E,0,0,0,0,0,0.1663818359375,0.744140625,0.1898193359375,4,nan,nan
쌟,U+C31F,0,0,0,0,0,0.157958984375,0.74169921875,0.1796875,3,nan,nan
쌠,U+C320,0,0,0,0,0,0.1614990234375,0.7421875,0.1737060546875,5,nan,nan
쌡,U+C321,0,0,0,0,0,0.1619873046875,0.8074951171875,0.18731689453125,6,nan,nan
쌢,U+C322,0,0,1,1,0,0.15521240234375,0.7265625,0.18115234375,6,nan,nan
쌣,U+C323,0,0,0,0,0,0.17279052734375,0.796875,0.19000244140625,5,nan,nan
쌤,U+C324,0,0,0,0,0,0.15478515625,0.69140625,0.147216796875,3,nan,nan
쌥,U+C325,0,0,0,0,0,0.14349365234375,0.7265625,0.14697265625,4,nan,nan
쌦,U+C326,0,0,0,0,0,0.141845703125,0.720703125,0.15869140625,6,nan,nan
쌧,U+C327,0,0,0,0,0,0.1307373046875,0.7073974609375,0.13226318359375,3,nan,nan
쌨,U+C328,0,0,0,0,0,0.14556884765625,0.729736328125,0.14208984375,5,nan,nan
쌩,U+C329,0,0,0,0,0,0.145751953125,0.708984375,0.11932373046875,5,nan,nan
쌪,U+C32A,0,0,1,1,0,0.1453857421875,0.7237548828125,0.14801025390625,4,nan,nan
쌫,U+C32B,0,0,0,0,0,0.1463623046875,0.729736328125,0.1505126953125,4,nan,nan
쌬,U+C32C,0,0,1,1,0,0.13763427734375,0.7265625,0.13983154296875,7,nan,nan
쌭,U+C32D,0,0,1,1,0,0.17095947265625,0.73828125,0.17132568359375,5,nan,nan
쌮,U+C32E,0,0,0,0,0,0.15911865234375,0.718994140625,0.1597900390625,3,nan,nan
쌯,U+C32F,0,0,0,0,0,0.142822265625,0.753662109375,0.144287109375,8,nan,nan
쌰,U+C330,0,0,0,0,0,0.1258544921875,0.640380859375,0.0958251953125,2,nan,nan
쌱,U+C331,0,0,0,0,0,0.14276123046875,0.9766845703125,0.13128662109375,3,nan,nan
쌲,U+C332,0,0,1,1,0,0.146240234375,0.9158935546875,0.14251708984375,3,nan,nan
쌳,U+C333,0,0,0,0,0,0.1431884765625,0.8779296875,0.1407470703125,4,nan,nan
쌴,U+C334,0,0,0,0,0,0.1466064453125,0.87738037109375,0.1241455078125,3,nan,nan
쌵,U+C335,0,0,1,1,0,0.15277099609375,0.92340087890625,0.1536865234375,4,nan,nan
쌶,U+C336,0,0,1,1,0,0.1412353515625,0.810791015625,0.1500244140625,5,nan,nan
쌷,U+C337,0,0,1,1,0,0.15435791015625,0.87591552734375,0.138671875,3,nan,nan
쌸,U+C338,0,0,0,0,0,0.16595458984375,0.859375,0.153076171875,4,nan,nan
쌹,U+C339,0,0,0,0,0,0.16314697265625,0.8828125,0.162353515625,4,nan,nan
쌺,U+C33A,0,0,0,0,0,0.16156005859375,0.84490966796875,0.17706298828125,4,nan,nan
쌻,U+C33B,0,0,0,0,0,0.1563720703125,0.815185546875,0.1826171875,5,nan,nan
쌼,U+C33C,0,0,0,0,0,0.16259765625,0.84375,0.15765380859375,4,nan,nan
쌽,U+C33D,0,0,0,0,0,0.14617919921875,0.8526611328125,0.1708984375,9,nan,nan
쌾,U+C33E,0,0,1,1,0,0.14923095703125,0.859375,0.16107177734375,5,nan,nan
쌿,U+C33F,0,0,0,0,0,0.146484375,0.90625,0.16644287109375,9,nan,nan
썀,U+C340,0,0,0,0,0,0.160888671875,0.8544921875,0.15655517578125,3,nan,nan
썁,U+C341,0,0,0,0,0,0.14691162109375,0.907470703125,0.1524658203125,3,nan,nan
썂,U+C342,0,0,0,0,0,0.154052734375,0.78826904296875,0.1529541015625,4,nan,nan
썃,U+C343,0,0,0,0,0,0.12457275390625,0.83544921875,0.11749267578125,6,nan,nan
썄,U+C344,0,0,0,0,0,0.1495361328125,0.86431884765625,0.136474609375,2,nan,nan
썅,U+C345,0,0,0,0,0,0.1373291015625,0.83056640625,0.1220703125,4,nan,nan
썆,U+C346,0,0,1,1,0,0.16278076171875,0.885498046875,0.15447998046875,3,nan,nan
썇,U+C347,0,0,0,0,0,0.1441650390625,0.859375,0.14764404296875,5,nan,nan
썈,U+C348,0,0,1,1,0,0.13812255859375,0.875,0.14398193359375,3,nan,nan
썉,U+C349,0,0,1,1,0,0.1627197265625,0.8216552734375,0.15301513671875,3,nan,nan
썊,U+C34A,0,0,0,0,0,0.16558837890625,0.938232421875,0.1640625,3,nan,nan
썋,U+C34B,0,0,0,0,0,0.11865234375,0.8203125,0.1279296875,5,nan,nan
썌,U+C34C,0,0,0,0,0,0.13262939453125,0.6192626953125,0.1240234375,2,nan,nan
썍,U+C34D,0,0,0,0,0,0.13519287109375,0.74462890625,0.1307373046875,3,nan,nan
썎,U+C34E,0,0,1,1,0,0.14190673828125,0.7568359375,0.14654541015625,4,nan,nan
썏,U+C34F,0,0,0,0,0,0.1639404296875,0.78125,0.15460205078125,4,nan,nan
썐,U+C350,0,0,0,0,0,0.16253662109375,0.7734375,0.1396484375,4,nan,nan
썑,U+C351,0,0,1,1,0,0.1590576171875,0.8046875,0.15948486328125,7,nan,nan
썒,U+C352,0,0,1,1,0,0.15338134765625,0.7476806640625,0.16766357421875,7,nan,nan
썓,U+C353,0,0,1,1,0,0.16070556640625,0.77325439453125,0.1512451171875,3,nan,nan
썔,U+C354,0,0,0,0,0,0.17584228515625,0.796875,0.169189453125,5,nan,nan
썕,U+C355,0,0,0,0,0,0.16851806640625,0.765625,0.1766357421875,4,nan,nan
썖,U+C356,0,0,0,0,0,0.1588134765625,0.71142578125,0.1878662109375,6,nan,nan
썗,U+C357,0,0,0,0,0,0.163818359375,0.74169921875,0.17889404296875,5,nan,nan
썘,U+C358,0,0,0,0,0,0.17694091796875,0.78125,0.17913818359375,6,nan,nan
썙,U+C359,0,0,0,0,0,0.15435791015625,0.7265625,0.18353271484375,5,nan,nan
썚,U+C35A,0,0,1,1,0,0.16070556640625,0.703857421875,0.1839599609375,3,nan,nan
썛,U+C35B,0,0,0,0,0,0.16357421875,0.72088623046875,0.17926025390625,6,nan,nan
썜,U+C35C,0,0,0,0,0,0.17388916015625,0.75823974609375,0.15814208984375,3,nan,nan
썝,U+C35D,0,0,0,0,0,0.165283203125,0.75823974609375,0.1536865234375,4,nan,nan
썞,U+C35E,0,0,0,0,0,0.15460205078125,0.71319580078125,0.1578369140625,4,nan,nan
썟,U+C35F,0,0,0,0,0,0.14923095703125,0.726318359375,0.13385009765625,3,nan,nan
썠,U+C360,0,0,0,0,0,0.16156005859375,0.7890625,0.15057373046875,4,nan,nan
썡,U+C361,0,0,0,0,0,0.140869140625,0.68084716796875,0.1239013671875,4,nan,nan
썢,U+C362,0,0,1,1,0,0.16363525390625,0.775146484375,0.149169921875,4,nan,nan
썣,U+C363,0,0,0,0,0,0.16168212890625,0.7613525390625,0.1583251953125,4,nan,nan
썤,U+C364,0,0,1,1,0,0.147705078125,0.718994140625,0.1407470703125,3,nan,nan
썥,U+C365,0,0,1,1,0,0.1767578125,0.7906494140625,0.17437744140625,5,nan,nan
썦,U+C366,0,0,0,0,0,0.15802001953125,0.7177734375,0.1619873046875,3,nan,nan
썧,U+C367,0,0,0,0,0,0.134521484375,0.7596435546875,0.14044189453125,3,nan,nan
써,U+C368,0,0,0,0,0,0.11602783203125,0.603515625,0.10223388671875,3,nan,nan
썩,U+C369,0,0,0,0,0,0.12261962890625,0.7421875,0.11767578125,3,nan,nan
썪,U+C36A,0,0,1,1,0,0.146728515625,0.732421875,0.1337890625,9,nan,nan
썫,U+C36B,0,0,0,0,0,0.1646728515625,0.688720703125,0.1392822265625,3,nan,nan
썬,U+C36C,0,0,0,0,0,0.13360595703125,0.6875,0.1180419921875,3,nan,nan
썭,U+C36D,0,0,1,1,0,0.13916015625,0.7056884765625,0.14794921875,5,nan,nan
썮,U+C36E,0,0,1,1,0,0.1446533203125,0.720703125,0.1409912109375,7,nan,nan
썯,U+C36F,0,0,1,1,0,0.12933349609375,0.64337158203125,0.12969970703125,3,nan,nan
썰,U+C370,0,0,0,0,0,0.15606689453125,0.703125,0.15606689453125,4,nan,nan
썱,U+C371,0,0,0,0,0,0.17401123046875,0.7998046875,0.169189453125,4,nan,nan
썲,U+C372,0,0,0,0,0,0.18408203125,0.837158203125,0.17852783203125,5,nan,nan
썳,U+C373,0,0,0,0,0,0.1881103515625,0.692138671875,0.17791748046875,3,nan,nan
썴,U+C374,0,0,0,0,0,0.17816162109375,0.7421875,0.16180419921875,3,nan,nan
썵,U+C375,0,0,0,0,0,0.16796875,0.7421875,0.17181396484375,4,nan,nan
썶,U+C376,0,0,1,1,0,0.16644287109375,0.703857421875,0.16461181640625,4,nan,nan
썷,U+C377,0,0,0,0,0,0.177734375,0.75189208984375,0.1796875,11,nan,nan
썸,U+C378,0,0,0,0,0,0.15130615234375,0.6875,0.13787841796875,2,nan,nan
썹,U+C379,0,0,0,0,0,0.1484375,0.7265625,0.14141845703125,4,nan,nan
썺,U+C37A,0,0,0,0,0,0.17559814453125,0.6875,0.1536865234375,3,nan,nan
썻,U+C37B,0,0,0,0,0,0.13714599609375,0.6591796875,0.11029052734375,3,nan,nan
썼,U+C37C,0,0,0,0,0,0.13885498046875,0.6866455078125,0.12677001953125,4,nan,nan
썽,U+C37D,0,0,0,0,0,0.15771484375,0.6053466796875,0.1129150390625,3,nan,nan
썾,U+C37E,0,0,1,1,0,0.13568115234375,0.65728759765625,0.1290283203125,4,nan,nan
썿,U+C37F,0,0,0,0,0,0.14532470703125,0.6976318359375,0.13641357421875,5,nan,nan
쎀,U+C380,0,0,1,1,0,0.14056396484375,0.703125,0.138671875,5,nan,nan
쎁,U+C381,0,0,1,1,0,0.14935302734375,0.671875,0.14080810546875,5,nan,nan
쎂,U+C382,0,0,0,0,0,0.147705078125,0.66064453125,0.14306640625,2,nan,nan
쎃,U+C383,0,0,0,0,0,0.12225341796875,0.6666259765625,0.1217041015625,4,nan,nan
쎄,U+C384,0,0,0,0,0,0.129150390625,0.63446044921875,0.11810302734375,3,nan,nan
쎅,U+C385,0,0,0,0,0,0.13873291015625,0.73638916015625,0.14013671875,4,nan,nan
쎆,U+C386,0,0,1,1,0,0.1522216796875,0.7596435546875,0.153564453125,4,nan,nan
쎇,U+C387,0,0,0,0,0,0.15985107421875,0.701904296875,0.1458740234375,4,nan,nan
쎈,U+C388,0,0,0,0,0,0.152587890625,0.71875,0.1409912109375,4,nan,nan
쎉,U+C389,0,0,1,1,0,0.166748046875,0.722900390625,0.1669921875,5,nan,nan
쎊,U+C38A,0,0,1,1,0,0.17333984375,0.7734375,0.167724609375,6,nan,nan
쎋,U+C38B,0,0,1,1,0,0.16229248046875,0.7286376953125,0.1484375,4,nan,nan
쎌,U+C38C,0,0,0,0,0,0.1611328125,0.734375,0.16748046875,6,nan,nan
쎍,U+C38D,0,0,0,0,0,0.17169189453125,0.7421875,0.17791748046875,5,nan,nan
쎎,U+C38E,0,0,0,0,0,0.18115234375,0.70751953125,0.2005615234375,4,nan,nan
쎏,U+C38F,0,0,0,0,0,0.16802978515625,0.7265625,0.1842041015625,6,nan,nan
쎐,U+C390,0,0,0,0,0,0.18731689453125,0.7265625,0.178955078125,7,nan,nan
쎑,U+C391,0,0,0,0,0,0.1807861328125,0.73638916015625,0.19744873046875,5,nan,nan
쎒,U+C392,0,0,1,1,0,0.173828125,0.7421875,0.1893310546875,4,nan,nan
쎓,U+C393,0,0,0,0,0,0.191650390625,0.765625,0.19940185546875,8,nan,nan
쎔,U+C394,0,0,0,0,0,0.150634765625,0.703857421875,0.15338134765625,6,nan,nan
쎕,U+C395,0,0,0,0,0,0.13909912109375,0.66375732421875,0.1380615234375,5,nan,nan
쎖,U+C396,0,0,0,0,0,0.1712646484375,0.70538330078125,0.1715087890625,6,nan,nan
쎗,U+C397,0,0,0,0,0,0.15228271484375,0.699951171875,0.1356201171875,2,nan,nan
쎘,U+C398,0,0,0,0,0,0.15423583984375,0.74005126953125,0.14910888671875,5,nan,nan
쎙,U+C399,0,0,0,0,0,0.1646728515625,0.6646728515625,0.134521484375,3,nan,nan
쎚,U+C39A,0,0,1,1,0,0.15167236328125,0.7265625,0.143310546875,5,nan,nan
쎛,U+C39B,0,0,0,0,0,0.1539306640625,0.72479248046875,0.14544677734375,5,nan,nan
쎜,U+C39C,0,0,1,1,0,0.15118408203125,0.72088623046875,0.1419677734375,6,nan,nan
쎝,U+C39D,0,0,1,1,0,0.17401123046875,0.7265625,0.16180419921875,4,nan,nan
쎞,U+C39E,0,0,0,0,0,0.16107177734375,0.71875,0.15838623046875,7,nan,nan
쎟,U+C39F,0,0,0,0,0,0.1312255859375,0.7286376953125,0.125732421875,7,nan,nan
쎠,U+C3A0,0,0,0,0,0,0.1275634765625,0.57037353515625,0.10638427734375,2,nan,nan
쎡,U+C3A1,0,0,0,0,0,0.1312255859375,0.63812255859375,0.1270751953125,4,nan,nan
쎢,U+C3A2,0,0,1,1,0,0.14886474609375,0.720703125,0.14239501953125,5,nan,nan
쎣,U+C3A3,0,0,0,0,0,0.15673828125,0.701904296875,0.14044189453125,4,nan,nan
쎤,U+C3A4,0,0,0,0,0,0.1451416015625,0.6796875,0.12432861328125,4,nan,nan
쎥,U+C3A5,0,0,1,1,0,0.15521240234375,0.670166015625,0.15130615234375,7,nan,nan
쎦,U+C3A6,0,0,1,1,0,0.14923095703125,0.6561279296875,0.15167236328125,6,nan,nan
쎧,U+C3A7,0,0,1,1,0,0.14556884765625,0.73638916015625,0.13818359375,7,nan,nan
쎨,U+C3A8,0,0,0,0,0,0.15179443359375,0.7265625,0.13995361328125,8,nan,nan
쎩,U+C3A9,0,0,0,0,0,0.15545654296875,0.6666259765625,0.15673828125,6,nan,nan
쎪,U+C3AA,0,0,0,0,0,0.172607421875,0.8125,0.176025390625,8,nan,nan
쎫,U+C3AB,0,0,0,0,0,0.16998291015625,0.6875,0.1778564453125,5,nan,nan
쎬,U+C3AC,0,0,0,0,0,0.176513671875,0.8216552734375,0.1617431640625,7,nan,nan
쎭,U+C3AD,0,0,0,0,0,0.16900634765625,0.72088623046875,0.16754150390625,6,nan,nan
쎮,U+C3AE,0,0,1,1,0,0.1708984375,0.7578125,0.17694091796875,4,nan,nan
쎯,U+C3AF,0,0,0,0,0,0.17755126953125,0.722900390625,0.1717529296875,5,nan,nan
쎰,U+C3B0,0,0,0,0,0,0.1434326171875,0.640869140625,0.13543701171875,4,nan,nan
쎱,U+C3B1,0,0,0,0,0,0.1513671875,0.671875,0.13629150390625,6,nan,nan
쎲,U+C3B2,0,0,0,0,0,0.15716552734375,0.6866455078125,0.1453857421875,5,nan,nan
쎳,U+C3B3,0,0,0,0,0,0.14923095703125,0.6646728515625,0.1243896484375,3,nan,nan
쎴,U+C3B4,0,0,0,0,0,0.16815185546875,0.70751953125,0.1407470703125,5,nan,nan
쎵,U+C3B5,0,0,0,0,0,0.15887451171875,0.6767578125,0.1168212890625,5,nan,nan
쎶,U+C3B6,0,0,1,1,0,0.1461181640625,0.640380859375,0.1329345703125,5,nan,nan
쎷,U+C3B7,0,0,0,0,0,0.15460205078125,0.68212890625,0.139892578125,4,nan,nan
쎸,U+C3B8,0,0,1,1,0,0.14031982421875,0.703125,0.1263427734375,4,nan,nan
쎹,U+C3B9,0,0,1,1,0,0.1595458984375,0.6690673828125,0.1431884765625,6,nan,nan
쎺,U+C3BA,0,0,0,0,0,0.14990234375,0.671875,0.13995361328125,5,nan,nan
쎻,U+C3BB,0,0,0,0,0,0.1456298828125,0.6976318359375,0.13409423828125,5,nan,nan
쎼,U+C3BC,0,0,0,0,0,0.143798828125,0.61572265625,0.12664794921875,2,nan,nan
쎽,U+C3BD,0,0,0,0,0,0.15264892578125,0.7734375,0.14697265625,5,nan,nan
쎾,U+C3BE,0,0,1,1,0,0.15814208984375,0.7578125,0.1519775390625,7,nan,nan
쎿,U+C3BF,0,0,0,0,0,0.16925048828125,0.75189208984375,0.15386962890625,4,nan,nan
쏀,U+C3C0,0,0,0,0,1,0.15667724609375,0.734375,0.14013671875,4,23.223058997730064,0.9552020172896141
쏁,U+C3C1,0,0,1,1,0,0.17913818359375,0.753662109375,0.17181396484375,6,nan,nan
쏂,U+C3C2,0,0,1,1,0,0.1832275390625,0.76904296875,0.17193603515625,8,nan,nan
쏃,U+C3C3,0,0,1,1,0,0.1636962890625,0.7578125,0.15228271484375,6,nan,nan
쏄,U+C3C4,0,0,0,0,0,0.1810302734375,0.7421875,0.1724853515625,5,nan,nan
쏅,U+C3C5,0,0,0,0,0,0.178466796875,0.734375,0.19036865234375,6,nan,nan
쏆,U+C3C6,0,0,0,0,0,0.18304443359375,0.713134765625,0.19525146484375,8,nan,nan
쏇,U+C3C7,0,0,0,0,0,0.1751708984375,0.744140625,0.18231201171875,8,nan,nan
쏈,U+C3C8,0,0,0,0,0,0.1839599609375,0.7734375,0.17645263671875,5,nan,nan
쏉,U+C3C9,0,0,0,0,0,0.1817626953125,0.7476806640625,0.20245361328125,7,nan,nan
쏊,U+C3CA,0,0,1,1,0,0.1866455078125,0.7476806640625,0.18853759765625,8,nan,nan
쏋,U+C3CB,0,0,0,0,0,0.19970703125,0.76739501953125,0.20611572265625,6,nan,nan
쏌,U+C3CC,0,0,0,0,0,0.17706298828125,0.734375,0.16387939453125,9,nan,nan
쏍,U+C3CD,0,0,0,0,0,0.15814208984375,0.72088623046875,0.16375732421875,8,nan,nan
쏎,U+C3CE,0,0,0,0,0,0.180908203125,0.7286376953125,0.1693115234375,7,nan,nan
쏏,U+C3CF,0,0,0,0,0,0.15423583984375,0.73828125,0.14129638671875,5,nan,nan
쏐,U+C3D0,0,0,0,0,0,0.17822265625,0.76904296875,0.1649169921875,5,nan,nan
쏑,U+C3D1,0,0,0,0,0,0.17462158203125,0.75,0.14141845703125,5,nan,nan
쏒,U+C3D2,0,0,1,1,0,0.16265869140625,0.7578125,0.1527099609375,5,nan,nan
쏓,U+C3D3,0,0,0,0,0,0.16168212890625,0.7265625,0.160400390625,5,nan,nan
쏔,U+C3D4,0,0,1,1,0,0.146240234375,0.75,0.154296875,12,nan,nan
쏕,U+C3D5,0,0,1,1,0,0.1651611328125,0.7265625,0.16802978515625,4,nan,nan
쏖,U+C3D6,0,0,0,0,0,0.17919921875,0.6842041015625,0.16607666015625,7,nan,nan
쏗,U+C3D7,0,0,0,0,0,0.14752197265625,0.7421875,0.15155029296875,7,nan,nan
쏘,U+C3D8,0,0,0,0,0,0.107666015625,0.58123779296875,0.09466552734375,2,nan,nan
쏙,U+C3D9,0,0,0,0,0,0.14691162109375,0.7421875,0.126708984375,2,nan,nan
쏚,U+C3DA,0,0,1,1,0,0.1591796875,0.9921875,0.15032958984375,10,nan,nan
쏛,U+C3DB,0,0,0,0,0,0.15289306640625,0.7265625,0.13739013671875,3,nan,nan
쏜,U+C3DC,0,0,0,0,0,0.1422119140625,0.671875,0.12567138671875,4,nan,nan
쏝,U+C3DD,0,0,1,1,0,0.1741943359375,0.734375,0.148681640625,7,nan,nan
쏞,U+C3DE,0,0,1,1,0,0.19232177734375,0.765625,0.16015625,5,nan,nan
쏟,U+C3DF,0,0,1,1,0,0.17071533203125,0.796875,0.14813232421875,4,nan,nan
쏠,U+C3E0,0,0,0,0,0,0.18621826171875,0.7265625,0.17327880859375,5,nan,nan
쏡,U+C3E1,0,0,0,0,0,0.178955078125,0.7265625,0.16485595703125,7,nan,nan
쏢,U+C3E2,0,0,0,0,0,0.1842041015625,0.8046875,0.18804931640625,6,nan,nan
쏣,U+C3E3,0,0,0,0,0,0.2047119140625,0.7265625,0.18438720703125,3,nan,nan
쏤,U+C3E4,0,0,0,0,0,0.19012451171875,0.7890625,0.18194580078125,5,nan,nan
쏥,U+C3E5,0,0,0,0,0,0.18414306640625,0.75,0.18072509765625,7,nan,nan
쏦,U+C3E6,0,0,1,1,0,0.1854248046875,0.765625,0.1800537109375,7,nan,nan
쏧,U+C3E7,0,0,0,0,0,0.16046142578125,0.8359375,0.169189453125,11,nan,nan
쏨,U+C3E8,0,0,0,0,0,0.15789794921875,0.84375,0.1572265625,5,nan,nan
쏩,U+C3E9,0,0,0,0,0,0.160400390625,0.6640625,0.13116455078125,3,nan,nan
쏪,U+C3EA,0,0,0,0,0,0.177978515625,0.7109375,0.15460205078125,5,nan,nan
쏫,U+C3EB,0,0,0,0,0,0.14208984375,0.6875,0.11639404296875,3,nan,nan
쏬,U+C3EC,0,0,0,0,0,0.1593017578125,0.6640625,0.1290283203125,3,nan,nan
쏭,U+C3ED,0,0,0,0,0,0.14654541015625,0.6875,0.115478515625,4,nan,nan
쏮,U+C3EE,0,0,1,1,0,0.15643310546875,0.7578125,0.1302490234375,3,nan,nan
쏯,U+C3EF,0,0,0,0,0,0.15869140625,0.7421875,0.1478271484375,6,nan,nan
쏰,U+C3F0,0,0,1,1,0,0.15216064453125,0.734375,0.13897705078125,4,nan,nan
쏱,U+C3F1,0,0,1,1,0,0.17169189453125,0.78125,0.16986083984375,4,nan,nan
쏲,U+C3F2,0,0,0,0,0,0.1893310546875,0.828125,0.1671142578125,5,nan,nan
쏳,U+C3F3,0,0,0,0,0,0.1737060546875,0.7578125,0.152099609375,5,nan,nan
쏴,U+C3F4,0,0,0,0,0,0.138916015625,0.76739501953125,0.1348876953125,2,nan,nan
쏵,U+C3F5,0,0,0,0,0,0.14447021484375,0.89208984375,0.148681640625,5,nan,nan
쏶,U+C3F6,0,0,1,1,0,0.15057373046875,0.9459228515625,0.15338134765625,5,nan,nan
쏷,U+C3F7,0,0,0,0,0,0.16168212890625,0.96893310546875,0.1722412109375,7,nan,nan
쏸,U+C3F8,0,0,0,0,0,0.15753173828125,0.8861083984375,0.15118408203125,5,nan,nan
쏹,U+C3F9,0,0,1,1,0,0.16497802734375,0.92315673828125,0.17718505859375,7,nan,nan
쏺,U+C3FA,0,0,1,1,0,0.17474365234375,0.8258056640625,0.1790771484375,6,nan,nan
쏻,U+C3FB,0,0,1,1,0,0.173583984375,0.90789794921875,0.171142578125,4,nan,nan
쏼,U+C3FC,0,0,0,0,0,0.17437744140625,0.8984375,0.18768310546875,4,nan,nan
쏽,U+C3FD,0,0,0,0,0,0.18267822265625,0.921875,0.19805908203125,5,nan,nan
쏾,U+C3FE,0,0,0,0,0,0.1893310546875,0.907470703125,0.20086669921875,4,nan,nan
쏿,U+C3FF,0,0,0,0,0,0.18975830078125,0.90789794921875,0.19866943359375,8,nan,nan
쐀,U+C400,0,0,0,0,0,0.1688232421875,0.8984375,0.1724853515625,8,nan,nan
쐁,U+C401,0,0,0,0,0,0.16131591796875,0.8671875,0.1793212890625,5,nan,nan
쐂,U+C402,0,0,1,1,0,0.16766357421875,0.8828125,0.18402099609375,7,nan,nan
쐃,U+C403,0,0,0,0,0,0.2099609375,0.859375,0.2120361328125,4,nan,nan
쐄,U+C404,0,0,0,0,0,0.18408203125,0.91552734375,0.17584228515625,5,nan,nan
쐅,U+C405,0,0,0,0,0,0.17236328125,0.946044921875,0.18133544921875,8,nan,nan
쐆,U+C406,0,0,0,0,0,0.18255615234375,0.92242431640625,0.178955078125,6,nan,nan
쐇,U+C407,0,0,0,0,0,0.1566162109375,0.91552734375,0.14520263671875,5,nan,nan
쐈,U+C408,0,0,0,0,0,0.177001953125,0.9158935546875,0.1708984375,5,nan,nan
쐉,U+C409,0,0,0,0,0,0.1651611328125,0.946044921875,0.146728515625,4,nan,nan
쐊,U+C40A,0,0,1,1,0,0.1798095703125,0.915771484375,0.17425537109375,4,nan,nan
쐋,U+C40B,0,0,0,0,0,0.16748046875,0.90692138671875,0.17474365234375,7,nan,nan
쐌,U+C40C,0,0,1,1,0,0.16455078125,0.8544921875,0.16046142578125,6,nan,nan
쐍,U+C40D,0,0,1,1,0,0.18023681640625,0.89208984375,0.183837890625,4,nan,nan
쐎,U+C40E,0,0,0,0,0,0.18377685546875,0.946044921875,0.1839599609375,3,nan,nan
쐏,U+C40F,0,0,0,0,0,0.18450927734375,0.875,0.16424560546875,6,nan,nan
쐐,U+C410,0,0,0,0,0,0.15576171875,0.5947265625,0.14190673828125,2,nan,nan
쐑,U+C411,0,0,0,0,0,0.16290283203125,0.78582763671875,0.16900634765625,6,nan,nan
쐒,U+C412,0,0,1,1,0,0.17822265625,0.7532958984375,0.17010498046875,4,nan,nan
쐓,U+C413,0,0,0,0,0,0.177490234375,0.73974609375,0.1688232421875,5,nan,nan
쐔,U+C414,0,0,0,0,0,0.1602783203125,0.78289794921875,0.169921875,5,nan,nan
쐕,U+C415,0,0,1,1,0,0.202880859375,0.78125,0.1871337890625,4,nan,nan
쐖,U+C416,0,0,1,1,0,0.195556640625,0.80615234375,0.1953125,7,nan,nan
쐗,U+C417,0,0,1,1,0,0.19482421875,0.7744140625,0.17413330078125,3,nan,nan
쐘,U+C418,0,0,0,0,0,0.19403076171875,0.7476806640625,0.20050048828125,5,nan,nan
쐙,U+C419,0,0,0,0,0,0.18890380859375,0.76739501953125,0.203369140625,6,nan,nan
쐚,U+C41A,0,0,0,0,0,0.201416015625,0.75531005859375,0.20867919921875,5,nan,nan
쐛,U+C41B,0,0,0,0,0,0.21331787109375,0.7781982421875,0.19451904296875,4,nan,nan
쐜,U+C41C,0,0,0,0,0,0.2012939453125,0.8046875,0.20025634765625,5,nan,nan
쐝,U+C41D,0,0,0,0,0,0.20416259765625,0.749267578125,0.207763671875,5,nan,nan
쐞,U+C41E,0,0,1,1,0,0.2022705078125,0.775146484375,0.20404052734375,6,nan,nan
쐟,U+C41F,0,0,0,0,0,0.21588134765625,0.78582763671875,0.21124267578125,7,nan,nan
쐠,U+C420,0,0,0,0,0,0.18243408203125,0.73553466796875,0.1802978515625,6,nan,nan
쐡,U+C421,0,0,0,0,0,0.17266845703125,0.732421875,0.17755126953125,5,nan,nan
쐢,U+C422,0,0,0,0,0,0.194580078125,0.759521484375,0.18817138671875,5,nan,nan
쐣,U+C423,0,0,0,0,0,0.1783447265625,0.72296142578125,0.1578369140625,3,nan,nan
쐤,U+C424,0,0,0,0,0,0.19403076171875,0.7657470703125,0.1768798828125,6,nan,nan
쐥,U+C425,0,0,0,0,0,0.19696044921875,0.79345703125,0.1650390625,4,nan,nan
쐦,U+C426,0,0,1,1,0,0.18701171875,0.77325439453125,0.17181396484375,4,nan,nan
쐧,U+C427,0,0,0,0,0,0.20050048828125,0.79345703125,0.180908203125,5,nan,nan
쐨,U+C428,0,0,1,1,0,0.1722412109375,0.7921142578125,0.17425537109375,5,nan,nan
쐩,U+C429,0,0,1,1,0,0.1805419921875,0.7890625,0.1824951171875,3,nan,nan
쐪,U+C42A,0,0,0,0,0,0.19525146484375,0.77056884765625,0.18817138671875,3,nan,nan
쐫,U+C42B,0,0,0,0,0,0.201904296875,0.8125,0.18096923828125,8,nan,nan
쐬,U+C42C,0,0,0,0,0,0.1243896484375,0.5921630859375,0.12652587890625,3,nan,nan
쐭,U+C42D,0,0,0,0,0,0.14300537109375,0.71875,0.13897705078125,4,nan,nan
쐮,U+C42E,0,0,1,1,0,0.159912109375,0.7109375,0.15625,6,nan,nan
쐯,U+C42F,0,0,0,0,0,0.171142578125,0.76739501953125,0.15460205078125,8,nan,nan
쐰,U+C430,0,0,0,0,0,0.15673828125,0.7265625,0.14544677734375,3,nan,nan
쐱,U+C431,0,0,1,1,0,0.15911865234375,0.722900390625,0.1556396484375,5,nan,nan
쐲,U+C432,0,0,1,1,0,0.1885986328125,0.70538330078125,0.1732177734375,6,nan,nan
쐳,U+C433,0,0,1,1,0,0.15673828125,0.671875,0.1492919921875,5,nan,nan
쐴,U+C434,0,0,0,0,0,0.156982421875,0.67437744140625,0.163330078125,6,nan,nan
쐵,U+C435,0,0,0,0,0,0.1700439453125,0.6953125,0.1785888671875,3,nan,nan
쐶,U+C436,0,0,0,0,0,0.19439697265625,0.69427490234375,0.19146728515625,3,nan,nan
쐷,U+C437,0,0,0,0,0,0.1768798828125,0.74169921875,0.18328857421875,7,nan,nan
쐸,U+C438,0,0,0,0,0,0.17974853515625,0.7305908203125,0.173095703125,7,nan,nan
쐹,U+C439,0,0,0,0,0,0.18402099609375,0.6962890625,0.1920166015625,4,nan,nan
쐺,U+C43A,0,0,1,1,0,0.1629638671875,0.69427490234375,0.16729736328125,9,nan,nan
쐻,U+C43B,0,0,0,0,0,0.20904541015625,0.6953125,0.19757080078125,4,nan,nan
쐼,U+C43C,0,0,0,0,0,0.155517578125,0.6690673828125,0.15362548828125,5,nan,nan
쐽,U+C43D,0,0,0,0,0,0.16082763671875,0.651123046875,0.1494140625,3,nan,nan
쐾,U+C43E,0,0,0,0,0,0.18109130859375,0.7305908203125,0.1661376953125,7,nan,nan
쐿,U+C43F,0,0,0,0,0,0.16162109375,0.6298828125,0.13714599609375,4,nan,nan
쑀,U+C440,0,0,0,0,0,0.17724609375,0.699951171875,0.14971923828125,3,nan,nan
쑁,U+C441,0,0,0,0,0,0.15966796875,0.6640625,0.13641357421875,4,nan,nan
쑂,U+C442,0,0,1,1,0,0.15399169921875,0.6767578125,0.1495361328125,4,nan,nan
쑃,U+C443,0,0,0,0,0,0.1771240234375,0.6953125,0.1556396484375,8,nan,nan
쑄,U+C444,0,0,1,1,0,0.1514892578125,0.6796875,0.1490478515625,5,nan,nan
쑅,U+C445,0,0,1,1,0,0.16021728515625,0.6796875,0.1676025390625,4,nan,nan
쑆,U+C446,0,0,0,0,0,0.1512451171875,0.6796875,0.13995361328125,5,nan,nan
쑇,U+C447,0,0,0,0,0,0.1744384765625,0.6953125,0.166748046875,7,nan,nan
쑈,U+C448,0,0,0,0,0,0.1201171875,0.66796875,0.11798095703125,3,nan,nan
쑉,U+C449,0,0,0,0,0,0.15264892578125,0.7459716796875,0.13751220703125,4,nan,nan
쑊,U+C44A,0,0,1,1,0,0.169677734375,0.7578125,0.158203125,5,nan,nan
쑋,U+C44B,0,0,0,0,0,0.1607666015625,0.7890625,0.1517333984375,5,nan,nan
쑌,U+C44C,0,0,0,0,0,0.14923095703125,0.7109375,0.1295166015625,4,nan,nan
쑍,U+C44D,0,0,1,1,0,0.17919921875,0.7734375,0.161376953125,5,nan,nan
쑎,U+C44E,0,0,1,1,0,0.1783447265625,0.8515625,0.16851806640625,4,nan,nan
쑏,U+C44F,0,0,1,1,0,0.1676025390625,0.765625,0.14715576171875,6,nan,nan
쑐,U+C450,0,0,0,0,0,0.17718505859375,0.7578125,0.17181396484375,4,nan,nan
쑑,U+C451,0,0,0,0,0,0.18731689453125,0.7734375,0.18072509765625,4,nan,nan
쑒,U+C452,0,0,0,0,0,0.209716796875,0.7734375,0.19927978515625,3,nan,nan
쑓,U+C453,0,0,0,0,0,0.194091796875,0.75,0.19512939453125,4,nan,nan
쑔,U+C454,0,0,0,0,0,0.17388916015625,0.8125,0.18212890625,6,nan,nan
쑕,U+C455,0,0,0,0,0,0.18475341796875,0.796875,0.1884765625,4,nan,nan
쑖,U+C456,0,0,1,1,0,0.176513671875,0.8359375,0.1826171875,7,nan,nan
쑗,U+C457,0,0,0,0,0,0.1778564453125,0.8046875,0.18902587890625,8,nan,nan
쑘,U+C458,0,0,0,0,0,0.16363525390625,0.78125,0.16082763671875,5,nan,nan
쑙,U+C459,0,0,0,0,0,0.183837890625,0.7265625,0.15869140625,4,nan,nan
쑚,U+C45A,0,0,0,0,0,0.1826171875,0.78125,0.16424560546875,6,nan,nan
쑛,U+C45B,0,0,0,0,0,0.15948486328125,0.7578125,0.13232421875,5,nan,nan
쑜,U+C45C,0,0,0,0,0,0.16748046875,0.68988037109375,0.15032958984375,5,nan,nan
쑝,U+C45D,0,0,0,0,0,0.1353759765625,0.671875,0.11865234375,3,nan,nan
쑞,U+C45E,0,0,1,1,0,0.1669921875,0.7265625,0.1507568359375,5,nan,nan
쑟,U+C45F,0,0,0,0,0,0.17266845703125,0.75,0.17816162109375,8,nan,nan
쑠,U+C460,0,0,1,1,0,0.165283203125,0.7265625,0.15472412109375,7,nan,nan
쑡,U+C461,0,0,1,1,0,0.174560546875,0.78125,0.17340087890625,5,nan,nan
쑢,U+C462,0,0,0,0,0,0.19171142578125,0.828125,0.16900634765625,6,nan,nan
쑣,U+C463,0,0,0,0,0,0.197021484375,0.8203125,0.16796875,4,nan,nan
쑤,U+C464,0,0,0,0,0,0.11199951171875,0.6749267578125,0.09893798828125,2,nan,nan
쑥,U+C465,0,0,0,0,0,0.14447021484375,0.7286376953125,0.129638671875,3,nan,nan
쑦,U+C466,0,0,1,1,0,0.15185546875,0.775146484375,0.14337158203125,4,nan,nan
쑧,U+C467,0,0,0,0,0,0.15899658203125,0.74169921875,0.142822265625,4,nan,nan
쑨,U+C468,0,0,0,0,0,0.13726806640625,0.7237548828125,0.12274169921875,3,nan,nan
쑩,U+C469,0,0,1,1,0,0.16375732421875,0.7421875,0.1485595703125,3,nan,nan
쑪,U+C46A,0,0,1,1,0,0.1490478515625,0.76904296875,0.15228271484375,5,nan,nan
쑫,U+C46B,0,0,1,1,0,0.15289306640625,0.72088623046875,0.140380859375,3,nan,nan
쑬,U+C46C,0,0,0,0,0,0.1798095703125,0.7578125,0.16229248046875,4,nan,nan
쑭,U+C46D,0,0,0,0,0,0.18634033203125,0.8046875,0.176513671875,3,nan,nan
쑮,U+C46E,0,0,0,0,0,0.188232421875,0.796875,0.187744140625,4,nan,nan
쑯,U+C46F,0,0,0,0,0,0.18548583984375,0.78125,0.1865234375,3,nan,nan
쑰,U+C470,0,0,0,0,0,0.184326171875,0.8125,0.17333984375,4,nan,nan
쑱,U+C471,0,0,0,0,0,0.19061279296875,0.828125,0.1849365234375,2,nan,nan
쑲,U+C472,0,0,1,1,0,0.17437744140625,0.890625,0.18914794921875,6,nan,nan
쑳,U+C473,0,0,0,0,0,0.19110107421875,0.8046875,0.1898193359375,3,nan,nan
쑴,U+C474,0,0,0,0,0,0.13873291015625,0.651123046875,0.13726806640625,3,nan,nan
쑵,U+C475,0,0,0,0,0,0.1514892578125,0.713134765625,0.1513671875,5,nan,nan
쑶,U+C476,0,0,0,0,0,0.1668701171875,0.74005126953125,0.14630126953125,4,nan,nan
쑷,U+C477,0,0,0,0,0,0.139892578125,0.62774658203125,0.11395263671875,3,nan,nan
쑸,U+C478,0,0,0,0,0,0.173828125,0.7734375,0.14056396484375,4,nan,nan
쑹,U+C479,0,0,0,0,0,0.146240234375,0.64337158203125,0.1165771484375,2,nan,nan
쑺,U+C47A,0,0,1,1,0,0.1527099609375,0.68115234375,0.13604736328125,3,nan,nan
쑻,U+C47B,0,0,0,0,0,0.1632080078125,0.6875,0.146728515625,2,nan,nan
쑼,U+C47C,0,0,1,1,0,0.16363525390625,0.68212890625,0.150390625,3,nan,nan
쑽,U+C47D,0,0,1,1,0,0.16632080078125,0.661376953125,0.1507568359375,3,nan,nan
쑾,U+C47E,0,0,0,0,0,0.17108154296875,0.8836669921875,0.15692138671875,9,nan,nan
쑿,U+C47F,0,0,0,0,0,0.15643310546875,0.765625,0.14794921875,6,nan,nan
쒀,U+C480,0,0,0,0,0,0.119873046875,0.5548095703125,0.1256103515625,4,nan,nan
쒁,U+C481,0,0,0,0,0,0.13330078125,0.69818115234375,0.14544677734375,6,nan,nan
쒂,U+C482,0,0,1,1,0,0.16259765625,0.6998291015625,0.1690673828125,8,nan,nan
쒃,U+C483,0,0,0,0,0,0.1756591796875,0.83056640625,0.16534423828125,7,nan,nan
쒄,U+C484,0,0,0,0,0,0.15228271484375,0.6942138671875,0.146240234375,5,nan,nan
쒅,U+C485,0,0,1,1,0,0.1806640625,0.78125,0.18585205078125,10,nan,nan
쒆,U+C486,0,0,1,1,0,0.20367431640625,0.7734375,0.19427490234375,8,nan,nan
쒇,U+C487,0,0,1,1,0,0.15313720703125,0.713134765625,0.15606689453125,5,nan,nan
쒈,U+C488,0,0,0,0,0,0.17291259765625,0.6953125,0.18072509765625,6,nan,nan
쒉,U+C489,0,0,0,0,0,0.1873779296875,0.8359375,0.18890380859375,13,nan,nan
쒊,U+C48A,0,0,0,0,0,0.176025390625,0.7286376953125,0.18487548828125,9,nan,nan
쒋,U+C48B,0,0,0,0,0,0.1851806640625,0.6796875,0.18841552734375,8,nan,nan
쒌,U+C48C,0,0,0,0,0,0.175537109375,0.8216552734375,0.18310546875,17,nan,nan
쒍,U+C48D,0,0,0,0,0,0.18267822265625,0.703125,0.1875,11,nan,nan
쒎,U+C48E,0,0,1,1,0,0.2113037109375,0.7109375,0.19122314453125,6,nan,nan
쒏,U+C48F,0,0,0,0,0,0.19140625,0.671875,0.18170166015625,6,nan,nan
쒐,U+C490,0,0,0,0,0,0.1734619140625,0.67437744140625,0.1578369140625,6,nan,nan
쒑,U+C491,0,0,0,0,0,0.17022705078125,0.7109375,0.15093994140625,9,nan,nan
쒒,U+C492,0,0,0,0,0,0.1851806640625,0.8125,0.18316650390625,10,nan,nan
쒓,U+C493,0,0,0,0,0,0.15948486328125,0.6976318359375,0.1468505859375,6,nan,nan
쒔,U+C494,0,0,0,0,0,0.18194580078125,0.84490966796875,0.1741943359375,8,nan,nan
쒕,U+C495,0,0,0,0,0,0.182373046875,0.7421875,0.15496826171875,5,nan,nan
쒖,U+C496,0,0,1,1,0,0.17645263671875,0.75,0.17071533203125,14,nan,nan
쒗,U+C497,0,0,0,0,0,0.18109130859375,0.70953369140625,0.171875,5,nan,nan
쒘,U+C498,0,0,1,1,0,0.16534423828125,0.69818115234375,0.1707763671875,8,nan,nan
쒙,U+C499,0,0,1,1,0,0.171630859375,0.6767578125,0.17254638671875,6,nan,nan
쒚,U+C49A,0,0,0,0,0,0.16290283203125,0.84375,0.175048828125,10,nan,nan
쒛,U+C49B,0,0,0,0,0,0.18048095703125,0.671875,0.16796875,9,nan,nan
쒜,U+C49C,0,0,0,0,0,0.1435546875,0.6910400390625,0.1396484375,4,nan,nan
쒝,U+C49D,0,0,0,0,0,0.1693115234375,0.789306640625,0.1700439453125,5,nan,nan
쒞,U+C49E,0,0,1,1,0,0.1954345703125,0.796875,0.18157958984375,5,nan,nan
쒟,U+C49F,0,0,0,0,0,0.17755126953125,0.7421875,0.1722412109375,6,nan,nan
쒠,U+C4A0,0,0,0,0,0,0.1859130859375,0.74810791015625,0.19464111328125,4,nan,nan
쒡,U+C4A1,0,0,1,1,0,0.1922607421875,0.775146484375,0.19342041015625,7,nan,nan
쒢,U+C4A2,0,0,1,1,0,0.1971435546875,0.75189208984375,0.19110107421875,6,nan,nan
쒣,U+C4A3,0,0,1,1,0,0.19110107421875,0.73114013671875,0.1864013671875,5,nan,nan
쒤,U+C4A4,0,0,0,0,0,0.17919921875,0.749267578125,0.189697265625,10,nan,nan
쒥,U+C4A5,0,0,0,0,0,0.21380615234375,0.749267578125,0.21435546875,6,nan,nan
쒦,U+C4A6,0,0,0,0,0,0.2064208984375,0.75189208984375,0.21630859375,7,nan,nan
쒧,U+C4A7,0,0,0,0,0,0.18829345703125,0.7734375,0.20440673828125,9,nan,nan
쒨,U+C4A8,0,0,0,0,0,0.20928955078125,0.8046875,0.199951171875,6,nan,nan
쒩,U+C4A9,0,0,0,0,0,0.21063232421875,0.78582763671875,0.2193603515625,7,nan,nan
쒪,U+C4AA,0,0,1,1,0,0.21112060546875,0.78125,0.21868896484375,8,nan,nan
쒫,U+C4AB,0,0,0,0,0,0.21624755859375,0.78125,0.22149658203125,5,nan,nan
쒬,U+C4AC,0,0,0,0,0,0.1949462890625,0.7117919921875,0.192626953125,8,nan,nan
쒭,U+C4AD,0,0,0,0,0,0.18719482421875,0.708984375,0.1866455078125,7,nan,nan
쒮,U+C4AE,0,0,0,0,0,0.20233154296875,0.76904296875,0.20196533203125,8,nan,nan
쒯,U+C4AF,0,0,0,0,0,0.177001953125,0.715087890625,0.16082763671875,5,nan,nan
쒰,U+C4B0,0,0,0,0,0,0.19073486328125,0.762939453125,0.1844482421875,6,nan,nan
쒱,U+C4B1,0,0,0,0,0,0.1998291015625,0.765625,0.16656494140625,6,nan,nan
쒲,U+C4B2,0,0,1,1,0,0.1766357421875,0.7237548828125,0.17486572265625,6,nan,nan
쒳,U+C4B3,0,0,0,0,0,0.217041015625,0.74005126953125,0.19622802734375,5,nan,nan
쒴,U+C4B4,0,0,1,1,0,0.19647216796875,0.75537109375,0.18084716796875,5,nan,nan
쒵,U+C4B5,0,0,1,1,0,0.2120361328125,0.7470703125,0.193359375,6,nan,nan
쒶,U+C4B6,0,0,0,0,0,0.19085693359375,0.78582763671875,0.19580078125,6,nan,nan
쒷,U+C4B7,0,0,0,0,0,0.22369384765625,0.765625,0.1827392578125,2,nan,nan
쒸,U+C4B8,0,0,0,0,0,0.11883544921875,0.522216796875,0.11444091796875,2,nan,nan
쒹,U+C4B9,0,0,0,0,0,0.140625,0.67437744140625,0.13360595703125,3,nan,nan
쒺,U+C4BA,0,0,1,1,0,0.16278076171875,0.68115234375,0.1527099609375,7,nan,nan
쒻,U+C4BB,0,0,0,0,0,0.1610107421875,0.68682861328125,0.1514892578125,5,nan,nan
쒼,U+C4BC,0,0,0,0,0,0.1475830078125,0.7265625,0.15679931640625,5,nan,nan
쒽,U+C4BD,0,0,1,1,0,0.1654052734375,0.726318359375,0.16253662109375,6,nan,nan
쒾,U+C4BE,0,0,1,1,0,0.17669677734375,0.7421875,0.171875,4,nan,nan
쒿,U+C4BF,0,0,1,1,0,0.1597900390625,0.6844482421875,0.15338134765625,4,nan,nan
쓀,U+C4C0,0,0,0,0,0,0.17156982421875,0.6998291015625,0.1685791015625,5,nan,nan
쓁,U+C4C1,0,0,0,0,0,0.1644287109375,0.75189208984375,0.1805419921875,11,nan,nan
쓂,U+C4C2,0,0,0,0,0,0.178466796875,0.71875,0.197021484375,7,nan,nan
쓃,U+C4C3,0,0,0,0,0,0.18341064453125,0.8203125,0.195068359375,6,nan,nan
쓄,U+C4C4,0,0,0,0,0,0.18145751953125,0.73638916015625,0.17486572265625,3,nan,nan
쓅,U+C4C5,0,0,0,0,0,0.18853759765625,0.8074951171875,0.19091796875,4,nan,nan
쓆,U+C4C6,0,0,1,1,0,0.170166015625,0.78125,0.18157958984375,9,nan,nan
쓇,U+C4C7,0,0,0,0,0,0.20233154296875,0.765625,0.193603515625,6,nan,nan
쓈,U+C4C8,0,0,0,0,0,0.16558837890625,0.65728759765625,0.15716552734375,3,nan,nan
쓉,U+C4C9,0,0,0,0,0,0.16033935546875,0.63916015625,0.14874267578125,4,nan,nan
쓊,U+C4CA,0,0,0,0,0,0.19287109375,0.7906494140625,0.17431640625,2,nan,nan
쓋,U+C4CB,0,0,0,0,0,0.14599609375,0.598388671875,0.1309814453125,4,nan,nan
쓌,U+C4CC,0,0,0,0,0,0.171630859375,0.7073974609375,0.154296875,3,nan,nan
쓍,U+C4CD,0,0,0,0,0,0.166259765625,0.6953125,0.15338134765625,5,nan,nan
쓎,U+C4CE,0,0,1,1,0,0.1552734375,0.722900390625,0.14630126953125,5,nan,nan
쓏,U+C4CF,0,0,0,0,0,0.17425537109375,0.7265625,0.1640625,9,nan,nan
쓐,U+C4D0,0,0,1,1,0,0.1640625,0.688720703125,0.14935302734375,5,nan,nan
쓑,U+C4D1,0,0,1,1,0,0.15673828125,0.6796875,0.15765380859375,4,nan,nan
쓒,U+C4D2,0,0,0,0,0,0.1419677734375,0.69818115234375,0.15277099609375,4,nan,nan
쓓,U+C4D3,0,0,0,0,0,0.167236328125,0.7286376953125,0.15966796875,7,nan,nan
쓔,U+C4D4,0,0,0,0,0,0.13446044921875,0.75048828125,0.11376953125,2,nan,nan
쓕,U+C4D5,0,0,0,0,0,0.14990234375,0.7734375,0.14495849609375,7,nan,nan
쓖,U+C4D6,0,0,1,1,0,0.1746826171875,0.7890625,0.157470703125,5,nan,nan
쓗,U+C4D7,0,0,0,0,0,0.1600341796875,0.815185546875,0.15118408203125,6,nan,nan
쓘,U+C4D8,0,0,0,0,0,0.15948486328125,0.80224609375,0.13623046875,5,nan,nan
쓙,U+C4D9,0,0,1,1,0,0.16571044921875,0.8203125,0.16510009765625,4,nan,nan
쓚,U+C4DA,0,0,1,1,0,0.14984130859375,0.765625,0.1494140625,4,nan,nan
쓛,U+C4DB,0,0,1,1,0,0.15216064453125,0.8046875,0.14971923828125,2,nan,nan
쓜,U+C4DC,0,0,0,0,0,0.1964111328125,0.7890625,0.16766357421875,4,nan,nan
쓝,U+C4DD,0,0,0,0,0,0.20928955078125,0.8515625,0.17401123046875,4,nan,nan
쓞,U+C4DE,0,0,0,0,0,0.20086669921875,0.86041259765625,0.19775390625,2,nan,nan
쓟,U+C4DF,0,0,0,0,0,0.1925048828125,0.796875,0.18792724609375,5,nan,nan
쓠,U+C4E0,0,0,0,0,0,0.19354248046875,0.828125,0.17901611328125,3,nan,nan
쓡,U+C4E1,0,0,0,0,0,0.19549560546875,0.8515625,0.1917724609375,7,nan,nan
쓢,U+C4E2,0,0,1,1,0,0.1905517578125,0.8828125,0.195068359375,6,nan,nan
쓣,U+C4E3,0,0,0,0,0,0.18756103515625,0.8046875,0.1822509765625,7,nan,nan
쓤,U+C4E4,0,0,0,0,0,0.1639404296875,0.796875,0.16351318359375,4,nan,nan
쓥,U+C4E5,0,0,0,0,0,0.16998291015625,0.8046875,0.16168212890625,6,nan,nan
쓦,U+C4E6,0,0,0,0,0,0.17730712890625,0.765625,0.15509033203125,4,nan,nan
쓧,U+C4E7,0,0,0,0,0,0.16064453125,0.68505859375,0.1290283203125,4,nan,nan
쓨,U+C4E8,0,0,0,0,0,0.17138671875,0.7734375,0.14849853515625,2,nan,nan
쓩,U+C4E9,0,0,0,0,0,0.1712646484375,0.68212890625,0.128662109375,3,nan,nan
쓪,U+C4EA,0,0,1,1,0,0.16900634765625,0.7421875,0.15008544921875,2,nan,nan
쓫,U+C4EB,0,0,0,0,0,0.17193603515625,0.7109375,0.14422607421875,5,nan,nan
쓬,U+C4EC,0,0,1,1,0,0.169677734375,0.78125,0.15826416015625,5,nan,nan
쓭,U+C4ED,0,0,1,1,0,0.1888427734375,0.78125,0.160888671875,3,nan,nan
쓮,U+C4EE,0,0,0,0,0,0.17877197265625,0.8359375,0.18524169921875,6,nan,nan
쓯,U+C4EF,0,0,0,0,0,0.18487548828125,0.7734375,0.1580810546875,4,nan,nan
쓰,U+C4F0,0,0,0,0,0,0.085693359375,0.51654052734375,0.084228515625,3,nan,nan
쓱,U+C4F1,0,0,0,0,0,0.135986328125,0.765625,0.12054443359375,3,nan,nan
쓲,U+C4F2,0,0,1,1,0,0.155029296875,0.876708984375,0.1478271484375,6,nan,nan
쓳,U+C4F3,0,0,0,0,0,0.13970947265625,0.7532958984375,0.13623046875,4,nan,nan
쓴,U+C4F4,0,0,0,0,0,0.13409423828125,0.71142578125,0.11505126953125,3,nan,nan
쓵,U+C4F5,0,0,1,1,0,0.1568603515625,0.734375,0.14471435546875,3,nan,nan
쓶,U+C4F6,0,0,1,1,0,0.1702880859375,0.7921142578125,0.15966796875,4,nan,nan
쓷,U+C4F7,0,0,1,1,0,0.16363525390625,0.8125,0.14276123046875,6,nan,nan
쓸,U+C4F8,0,0,0,0,1,0.19781494140625,0.8203125,0.17529296875,3,22.208077880275116,0.9371612629974145
쓹,U+C4F9,0,0,0,0,0,0.19677734375,0.8671875,0.17694091796875,6,nan,nan
쓺,U+C4FA,0,0,0,0,0,0.1949462890625,0.8359375,0.1910400390625,6,nan,nan
쓻,U+C4FB,0,0,0,0,0,0.1817626953125,0.78125,0.1827392578125,5,nan,nan
쓼,U+C4FC,0,0,0,0,0,0.18450927734375,0.8828125,0.17523193359375,4,nan,nan
쓽,U+C4FD,0,0,0,0,0,0.1844482421875,0.84490966796875,0.17486572265625,6,nan,nan
쓾,U+C4FE,0,0,1,1,0,0.17767333984375,0.83056640625,0.17584228515625,4,nan,nan
쓿,U+C4FF,0,0,0,0,0,0.19903564453125,0.859375,0.18963623046875,5,nan,nan
씀,U+C500,0,0,0,0,0,0.1634521484375,0.87591552734375,0.15850830078125,6,nan,nan
씁,U+C501,0,0,0,0,0,0.15032958984375,0.765625,0.1478271484375,3,nan,nan
씂,U+C502,0,0,0,0,0,0.1669921875,0.809814453125,0.154541015625,4,nan,nan
씃,U+C503,0,0,0,0,0,0.13580322265625,0.7236328125,0.11322021484375,2,nan,nan
씄,U+C504,0,0,0,0,0,0.150146484375,0.76904296875,0.13885498046875,4,nan,nan
씅,U+C505,0,0,0,0,0,0.14111328125,0.70159912109375,0.10491943359375,3,nan,nan
씆,U+C506,0,0,1,1,0,0.15435791015625,0.7767333984375,0.12933349609375,3,nan,nan
씇,U+C507,0,0,0,0,0,0.1427001953125,0.79840087890625,0.14190673828125,5,nan,nan
씈,U+C508,0,0,1,1,0,0.15203857421875,0.75,0.14263916015625,5,nan,nan
씉,U+C509,0,0,1,1,0,0.1710205078125,0.732421875,0.15875244140625,3,nan,nan
씊,U+C50A,0,0,0,0,0,0.1815185546875,0.8359375,0.1614990234375,6,nan,nan
씋,U+C50B,0,0,0,0,0,0.148681640625,0.7890625,0.14373779296875,7,nan,nan
씌,U+C50C,0,0,0,0,0,0.10992431640625,0.634033203125,0.1131591796875,2,nan,nan
씍,U+C50D,0,0,0,0,0,0.13787841796875,0.703125,0.13616943359375,4,nan,nan
씎,U+C50E,0,0,1,1,0,0.15191650390625,0.6756591796875,0.15460205078125,5,nan,nan
씏,U+C50F,0,0,0,0,0,0.15875244140625,0.764404296875,0.161865234375,3,nan,nan
씐,U+C510,0,0,0,0,0,0.14276123046875,0.703125,0.1358642578125,4,nan,nan
씑,U+C511,0,0,1,1,0,0.1583251953125,0.7613525390625,0.16278076171875,6,nan,nan
씒,U+C512,0,0,1,1,0,0.16888427734375,0.6646728515625,0.1656494140625,7,nan,nan
씓,U+C513,0,0,1,1,0,0.14056396484375,0.70751953125,0.15081787109375,7,nan,nan
씔,U+C514,0,0,0,0,0,0.15277099609375,0.64337158203125,0.16680908203125,5,nan,nan
씕,U+C515,0,0,0,0,0,0.17254638671875,0.658447265625,0.17559814453125,5,nan,nan
씖,U+C516,0,0,0,0,0,0.171630859375,0.661376953125,0.18304443359375,6,nan,nan
씗,U+C517,0,0,0,0,0,0.17242431640625,0.7073974609375,0.18157958984375,5,nan,nan
씘,U+C518,0,0,0,0,0,0.18017578125,0.7459716796875,0.16888427734375,8,nan,nan
씙,U+C519,0,0,0,0,0,0.17822265625,0.718994140625,0.1910400390625,3,nan,nan
씚,U+C51A,0,0,1,1,0,0.1522216796875,0.7056884765625,0.1707763671875,7,nan,nan
씛,U+C51B,0,0,0,0,0,0.194580078125,0.68212890625,0.19085693359375,6,nan,nan
씜,U+C51C,0,0,0,0,0,0.13702392578125,0.62774658203125,0.15545654296875,4,nan,nan
씝,U+C51D,0,0,0,0,0,0.14617919921875,0.65087890625,0.1552734375,3,nan,nan
씞,U+C51E,0,0,0,0,0,0.177978515625,0.753662109375,0.16650390625,3,nan,nan
씟,U+C51F,0,0,0,0,0,0.13873291015625,0.640380859375,0.1314697265625,3,nan,nan
씠,U+C520,0,0,0,0,0,0.1644287109375,0.701904296875,0.1519775390625,4,nan,nan
씡,U+C521,0,0,0,0,0,0.15570068359375,0.6875,0.134521484375,4,nan,nan
씢,U+C522,0,0,1,1,0,0.15142822265625,0.671875,0.15234375,3,nan,nan
씣,U+C523,0,0,0,0,0,0.16546630859375,0.744140625,0.158447265625,5,nan,nan
씤,U+C524,0,0,1,1,0,0.15875244140625,0.68988037109375,0.15869140625,2,nan,nan
씥,U+C525,0,0,1,1,0,0.15338134765625,0.661376953125,0.1602783203125,4,nan,nan
씦,U+C526,0,0,0,0,0,0.1837158203125,0.7421875,0.16766357421875,4,nan,nan
씧,U+C527,0,0,0,0,0,0.16424560546875,0.81634521484375,0.1416015625,7,nan,nan
씨,U+C528,0,0,0,0,0,0.10723876953125,0.653076171875,0.09197998046875,2,nan,nan
씩,U+C529,0,0,0,0,0,0.10931396484375,0.6640625,0.10455322265625,3,nan,nan
씪,U+C52A,0,0,1,1,0,0.1357421875,0.7578125,0.12811279296875,4,nan,nan
씫,U+C52B,0,0,0,0,0,0.13232421875,0.69427490234375,0.12615966796875,4,nan,nan
씬,U+C52C,0,0,0,0,0,0.12469482421875,0.651123046875,0.1065673828125,3,nan,nan
씭,U+C52D,0,0,1,1,0,0.1502685546875,0.7265625,0.13470458984375,5,nan,nan
씮,U+C52E,0,0,1,1,0,0.1427001953125,0.75,0.149169921875,7,nan,nan
씯,U+C52F,0,0,1,1,0,0.12689208984375,0.671875,0.12030029296875,3,nan,nan
씰,U+C530,0,0,0,0,0,0.13824462890625,0.68988037109375,0.13818359375,4,nan,nan
씱,U+C531,0,0,0,0,0,0.15887451171875,0.7476806640625,0.1669921875,7,nan,nan
씲,U+C532,0,0,0,0,0,0.16278076171875,0.65087890625,0.16705322265625,4,nan,nan
씳,U+C533,0,0,0,0,0,0.1533203125,0.703125,0.16705322265625,4,nan,nan
씴,U+C534,0,0,0,0,0,0.162841796875,0.7578125,0.15313720703125,3,nan,nan
씵,U+C535,0,0,0,0,0,0.1513671875,0.8125,0.16241455078125,7,nan,nan
씶,U+C536,0,0,1,1,0,0.1427001953125,0.6953125,0.14959716796875,6,nan,nan
씷,U+C537,0,0,0,0,0,0.1619873046875,0.744140625,0.17376708984375,10,nan,nan
씸,U+C538,0,0,0,0,0,0.13726806640625,0.66064453125,0.12957763671875,3,nan,nan
씹,U+C539,0,0,0,0,0,0.13079833984375,0.63720703125,0.12286376953125,3,nan,nan
씺,U+C53A,0,0,0,0,0,0.14801025390625,0.6796875,0.14129638671875,4,nan,nan
씻,U+C53B,0,0,0,0,0,0.120849609375,0.5855712890625,0.099853515625,3,nan,nan
씼,U+C53C,0,0,0,0,0,0.13421630859375,0.6690673828125,0.1273193359375,3,nan,nan
씽,U+C53D,0,0,0,0,0,0.16015625,0.671875,0.1121826171875,4,nan,nan
씾,U+C53E,0,0,1,1,0,0.12396240234375,0.66375732421875,0.11895751953125,4,nan,nan
씿,U+C53F,0,0,0,0,0,0.1162109375,0.6875,0.1282958984375,5,nan,nan
앀,U+C540,0,0,1,1,0,0.12646484375,0.628173828125,0.1185302734375,4,nan,nan
앁,U+C541,0,0,1,1,0,0.14208984375,0.671875,0.13983154296875,3,nan,nan
앂,U+C542,0,0,0,0,0,0.138427734375,0.65887451171875,0.130859375,4,nan,nan
앃,U+C543,0,0,0,0,0,0.12225341796875,0.6484375,0.1126708984375,6,nan,nan
아,U+C544,0,0,0,0,0,0.07806396484375,0.61767578125,0.090087890625,2,nan,nan
악,U+C545,0,0,0,0,0,0.07952880859375,0.60809326171875,0.07958984375,5,nan,nan
앆,U+C546,0,0,1,1,0,0.06915283203125,0.62060546875,0.08270263671875,6,nan,nan
앇,U+C547,0,0,0,0,0,0.10546875,0.599853515625,0.10418701171875,7,nan,nan
안,U+C548,0,0,0,0,0,0.07684326171875,0.570556640625,0.0826416015625,4,nan,nan
앉,U+C549,0,0,1,1,0,0.08966064453125,0.56414794921875,0.10394287109375,5,nan,nan
않,U+C54A,0,0,1,1,0,0.10272216796875,0.6640625,0.11297607421875,5,nan,nan
앋,U+C54B,0,0,1,1,0,0.07794189453125,0.60546875,0.0909423828125,6,nan,nan
알,U+C54C,0,0,0,0,0,0.0797119140625,0.5859375,0.0926513671875,5,nan,nan
앍,U+C54D,0,0,0,0,0,0.09771728515625,0.5703125,0.10260009765625,6,nan,nan
앎,U+C54E,0,0,0,0,0,0.110107421875,0.59686279296875,0.126220703125,6,nan,nan
앏,U+C54F,0,0,0,0,0,0.1199951171875,0.599853515625,0.13787841796875,5,nan,nan
앐,U+C550,0,0,0,0,0,0.12982177734375,0.5908203125,0.12945556640625,7,nan,nan
앑,U+C551,0,0,0,0,0,0.07562255859375,0.5703125,0.0985107421875,8,nan,nan
앒,U+C552,0,0,1,1,0,0.098388671875,0.5859375,0.11761474609375,11,nan,nan
앓,U+C553,0,0,0,0,0,0.11834716796875,0.6015625,0.12823486328125,7,nan,nan
암,U+C554,0,0,0,0,0,0.1002197265625,0.60272216796875,0.10186767578125,6,nan,nan
압,U+C555,0,0,0,0,0,0.092529296875,0.5950927734375,0.09906005859375,4,nan,nan
앖,U+C556,0,0,0,0,0,0.08740234375,0.5303955078125,0.1075439453125,5,nan,nan
앗,U+C557,0,0,0,0,0,0.10491943359375,0.64599609375,0.10052490234375,3,nan,nan
았,U+C558,0,0,0,0,0,0.1072998046875,0.5882568359375,0.1046142578125,5,nan,nan
앙,U+C559,0,0,0,0,0,0.10888671875,0.6329345703125,0.0859375,4,nan,nan
앚,U+C55A,0,0,1,1,0,0.06927490234375,0.58831787109375,0.0863037109375,5,nan,nan
앛,U+C55B,0,0,0,0,0,0.1109619140625,0.5950927734375,0.1082763671875,4,nan,nan
앜,U+C55C,0,0,1,1,0,0.08709716796875,0.6328125,0.091064453125,6,nan,nan
앝,U+C55D,0,0,1,1,0,0.0941162109375,0.51953125,0.0989990234375,3,nan,nan
앞,U+C55E,0,0,0,0,0,0.10235595703125,0.561279296875,0.103515625,4,nan,nan
앟,U+C55F,0,0,0,0,0,0.1253662109375,0.64251708984375,0.09912109375,3,nan,nan
애,U+C560,0,0,0,0,0,0.0804443359375,0.273681640625,0.06878662109375,2,nan,nan
액,U+C561,0,0,0,0,0,0.09747314453125,0.47467041015625,0.090087890625,4,nan,nan
앢,U+C562,0,0,1,1,0,0.11614990234375,0.51593017578125,0.107421875,4,nan,nan
앣,U+C563,0,0,0,0,0,0.1251220703125,0.55218505859375,0.11285400390625,5,nan,nan
앤,U+C564,0,0,0,0,0,0.12396240234375,0.6180419921875,0.12164306640625,3,nan,nan
앥,U+C565,0,0,1,1,0,0.09857177734375,0.48828125,0.1119384765625,6,nan,nan
앦,U+C566,0,0,1,1,0,0.1090087890625,0.5499267578125,0.12701416015625,5,nan,nan
앧,U+C567,0,0,1,1,0,0.0928955078125,0.477783203125,0.095458984375,4,nan,nan
앨,U+C568,0,0,0,0,0,0.10491943359375,0.5655517578125,0.10992431640625,4,nan,nan
앩,U+C569,0,0,0,0,0,0.1207275390625,0.494384765625,0.1201171875,5,nan,nan
앪,U+C56A,0,0,0,0,0,0.1502685546875,0.5712890625,0.15106201171875,6,nan,nan
앫,U+C56B,0,0,0,0,0,0.1417236328125,0.6031494140625,0.1453857421875,9,nan,nan
앬,U+C56C,0,0,0,0,0,0.14874267578125,0.62255859375,0.1365966796875,4,nan,nan
앭,U+C56D,0,0,0,0,0,0.145263671875,0.5914306640625,0.14605712890625,6,nan,nan
앮,U+C56E,0,0,1,1,0,0.13128662109375,0.558837890625,0.12396240234375,3,nan,nan
앯,U+C56F,0,0,0,0,0,0.12359619140625,0.59271240234375,0.13336181640625,5,nan,nan
앰,U+C570,0,0,0,0,0,0.12664794921875,0.59686279296875,0.12542724609375,4,nan,nan
앱,U+C571,0,0,0,0,0,0.13226318359375,0.51727294921875,0.1217041015625,4,nan,nan
앲,U+C572,0,0,0,0,0,0.12176513671875,0.533935546875,0.1209716796875,5,nan,nan
앳,U+C573,0,0,0,0,0,0.13201904296875,0.5218505859375,0.1126708984375,3,nan,nan
앴,U+C574,0,0,0,0,0,0.1527099609375,0.599853515625,0.13079833984375,3,nan,nan
앵,U+C575,0,0,0,0,0,0.11566162109375,0.49664306640625,0.0982666015625,3,nan,nan
앶,U+C576,0,0,1,1,0,0.09063720703125,0.4647216796875,0.0902099609375,3,nan,nan
앷,U+C577,0,0,0,0,0,0.11224365234375,0.556640625,0.1141357421875,5,nan,nan
앸,U+C578,0,0,1,1,0,0.1114501953125,0.5013427734375,0.11474609375,4,nan,nan
앹,U+C579,0,0,1,1,0,0.119140625,0.4669189453125,0.1217041015625,4,nan,nan
앺,U+C57A,0,0,0,0,0,0.12420654296875,0.45263671875,0.12127685546875,3,nan,nan
앻,U+C57B,0,0,0,0,0,0.14215087890625,0.6005859375,0.11907958984375,4,nan,nan
야,U+C57C,0,0,0,0,0,0.07958984375,0.4454345703125,0.07275390625,2,nan,nan
약,U+C57D,0,0,0,0,0,0.107421875,0.66064453125,0.090576171875,4,nan,nan
앾,U+C57E,0,0,1,1,0,0.093017578125,0.615234375,0.09521484375,7,nan,nan
앿,U+C57F,0,0,0,0,0,0.09381103515625,0.530517578125,0.10272216796875,7,nan,nan
얀,U+C580,0,0,0,0,0,0.078125,0.462890625,0.08349609375,3,nan,nan
얁,U+C581,0,0,1,1,0,0.09576416015625,0.533935546875,0.10113525390625,4,nan,nan
얂,U+C582,0,0,1,1,0,0.1126708984375,0.58831787109375,0.11370849609375,6,nan,nan
얃,U+C583,0,0,1,1,0,0.0816650390625,0.4923095703125,0.08111572265625,6,nan,nan
얄,U+C584,0,0,0,0,0,0.11907958984375,0.53466796875,0.11529541015625,5,nan,nan
얅,U+C585,0,0,0,0,0,0.09332275390625,0.576171875,0.10101318359375,6,nan,nan
얆,U+C586,0,0,0,0,0,0.11285400390625,0.6055908203125,0.1243896484375,8,nan,nan
얇,U+C587,0,0,0,0,0,0.12103271484375,0.561767578125,0.1221923828125,3,nan,nan
얈,U+C588,0,0,0,0,0,0.13671875,0.6953125,0.130859375,5,nan,nan
얉,U+C589,0,0,0,0,0,0.11102294921875,0.5712890625,0.1104736328125,3,nan,nan
얊,U+C58A,0,0,1,1,0,0.098388671875,0.59033203125,0.10833740234375,6,nan,nan
얋,U+C58B,0,0,0,0,0,0.09637451171875,0.5733642578125,0.112548828125,7,nan,nan
얌,U+C58C,0,0,0,0,0,0.1158447265625,0.5977783203125,0.1103515625,3,nan,nan
얍,U+C58D,0,0,0,0,0,0.11138916015625,0.5103759765625,0.09912109375,4,nan,nan
얎,U+C58E,0,0,0,0,0,0.10546875,0.48779296875,0.099609375,4,nan,nan
얏,U+C58F,0,0,0,0,0,0.10235595703125,0.5284423828125,0.09515380859375,5,nan,nan
얐,U+C590,0,0,0,0,0,0.1044921875,0.58056640625,0.1029052734375,4,nan,nan
양,U+C591,0,0,0,0,0,0.0938720703125,0.52734375,0.0931396484375,4,nan,nan
얒,U+C592,0,0,1,1,0,0.0797119140625,0.4736328125,0.078857421875,5,nan,nan
얓,U+C593,0,0,0,0,0,0.12908935546875,0.63323974609375,0.12066650390625,4,nan,nan
얔,U+C594,0,0,1,1,0,0.11639404296875,0.6055908203125,0.10272216796875,3,nan,nan
얕,U+C595,0,0,1,1,0,0.09930419921875,0.52557373046875,0.10430908203125,4,nan,nan
얖,U+C596,0,0,0,0,0,0.0811767578125,0.46966552734375,0.09283447265625,5,nan,nan
얗,U+C597,0,0,0,0,0,0.12738037109375,0.6180419921875,0.10247802734375,4,nan,nan
얘,U+C598,0,0,0,0,0,0.09185791015625,0.34716796875,0.08282470703125,2,nan,nan
얙,U+C599,0,0,0,0,0,0.11322021484375,0.537109375,0.10992431640625,3,nan,nan
얚,U+C59A,0,0,1,1,0,0.123046875,0.4793701171875,0.11962890625,4,nan,nan
얛,U+C59B,0,0,0,0,0,0.120361328125,0.5537109375,0.109130859375,3,nan,nan
얜,U+C59C,0,0,0,0,0,0.11407470703125,0.49664306640625,0.09552001953125,3,nan,nan
얝,U+C59D,0,0,1,1,0,0.1009521484375,0.5877685546875,0.1168212890625,4,nan,nan
얞,U+C59E,0,0,1,1,0,0.11297607421875,0.60284423828125,0.12640380859375,7,nan,nan
얟,U+C59F,0,0,1,1,0,0.10015869140625,0.477783203125,0.09759521484375,3,nan,nan
얠,U+C5A0,0,0,0,0,0,0.14276123046875,0.628173828125,0.14678955078125,7,nan,nan
얡,U+C5A1,0,0,0,0,0,0.1195068359375,0.5380859375,0.12518310546875,7,nan,nan
얢,U+C5A2,0,0,0,0,0,0.15521240234375,0.5751953125,0.1527099609375,3,nan,nan
얣,U+C5A3,0,0,0,0,0,0.1363525390625,0.6031494140625,0.1531982421875,9,nan,nan
얤,U+C5A4,0,0,0,0,0,0.1690673828125,0.8125,0.1552734375,9,nan,nan
얥,U+C5A5,0,0,0,0,0,0.14373779296875,0.64251708984375,0.14837646484375,7,nan,nan
얦,U+C5A6,0,0,1,1,0,0.1329345703125,0.58056640625,0.142822265625,5,nan,nan
얧,U+C5A7,0,0,0,0,0,0.156494140625,0.65087890625,0.153076171875,7,nan,nan
얨,U+C5A8,0,0,0,0,0,0.15570068359375,0.5833740234375,0.1461181640625,4,nan,nan
얩,U+C5A9,0,0,0,0,0,0.12042236328125,0.533203125,0.11712646484375,4,nan,nan
얪,U+C5AA,0,0,0,0,0,0.1142578125,0.5706787109375,0.12628173828125,3,nan,nan
얫,U+C5AB,0,0,0,0,0,0.09259033203125,0.46527099609375,0.09600830078125,3,nan,nan
얬,U+C5AC,0,0,0,0,0,0.1453857421875,0.5689697265625,0.12921142578125,4,nan,nan
얭,U+C5AD,0,0,0,0,0,0.1258544921875,0.477783203125,0.09710693359375,3,nan,nan
얮,U+C5AE,0,0,1,1,0,0.091552734375,0.50921630859375,0.105712890625,4,nan,nan
얯,U+C5AF,0,0,0,0,0,0.140380859375,0.62060546875,0.14569091796875,3,nan,nan
얰,U+C5B0,0,0,1,1,0,0.1004638671875,0.5455322265625,0.11187744140625,5,nan,nan
얱,U+C5B1,0,0,1,1,0,0.1195068359375,0.48980712890625,0.110107421875,3,nan,nan
얲,U+C5B2,0,0,0,0,0,0.1219482421875,0.505615234375,0.125,6,nan,nan
얳,U+C5B3,0,0,0,0,0,0.13446044921875,0.640625,0.12542724609375,7,nan,nan
어,U+C5B4,0,0,0,0,0,0.06964111328125,0.29052734375,0.0623779296875,1,nan,nan
억,U+C5B5,0,0,0,0,0,0.0845947265625,0.46142578125,0.0789794921875,1,nan,nan
얶,U+C5B6,0,0,1,1,0,0.09942626953125,0.474365234375,0.090576171875,3,nan,nan
얷,U+C5B7,0,0,0,0,0,0.10455322265625,0.53558349609375,0.1029052734375,2,nan,nan
언,U+C5B8,0,0,0,0,0,0.0828857421875,0.4229736328125,0.07891845703125,3,nan,nan
얹,U+C5B9,0,0,1,1,0,0.10540771484375,0.4951171875,0.10198974609375,2,nan,nan
얺,U+C5BA,0,0,1,1,0,0.0938720703125,0.531005859375,0.10491943359375,7,nan,nan
얻,U+C5BB,0,0,1,1,0,0.093505859375,0.44921875,0.09075927734375,3,nan,nan
얼,U+C5BC,0,0,0,0,0,0.1258544921875,0.476806640625,0.115234375,5,nan,nan
얽,U+C5BD,0,0,0,0,0,0.11431884765625,0.52734375,0.10028076171875,4,nan,nan
얾,U+C5BE,0,0,0,0,0,0.1561279296875,0.5736083984375,0.1351318359375,5,nan,nan
얿,U+C5BF,0,0,0,0,0,0.15155029296875,0.537353515625,0.1346435546875,4,nan,nan
엀,U+C5C0,0,0,0,0,0,0.13720703125,0.59033203125,0.12908935546875,4,nan,nan
엁,U+C5C1,0,0,0,0,0,0.11767578125,0.46209716796875,0.1075439453125,4,nan,nan
엂,U+C5C2,0,0,1,1,0,0.121826171875,0.5185546875,0.12261962890625,5,nan,nan
엃,U+C5C3,0,0,0,0,0,0.16094970703125,0.53912353515625,0.133544921875,4,nan,nan
엄,U+C5C4,0,0,0,0,0,0.1214599609375,0.50634765625,0.11083984375,3,nan,nan
업,U+C5C5,0,0,0,0,0,0.1129150390625,0.45391845703125,0.09722900390625,2,nan,nan
없,U+C5C6,0,0,0,0,0,0.11505126953125,0.5103759765625,0.116943359375,4,nan,nan
엇,U+C5C7,0,0,0,0,0,0.11474609375,0.4681396484375,0.0885009765625,2,nan,nan
었,U+C5C8,0,0,0,0,0,0.13897705078125,0.56866455078125,0.1116943359375,2,nan,nan
엉,U+C5C9,0,0,0,0,0,0.114990234375,0.51416015625,0.08428955078125,2,nan,nan
엊,U+C5CA,0,0,1,1,0,0.09942626953125,0.49169921875,0.09136962890625,2,nan,nan
엋,U+C5CB,0,0,0,0,0,0.11187744140625,0.50347900390625,0.10186767578125,2,nan,nan
엌,U+C5CC,0,0,1,1,0,0.103271484375,0.4609375,0.09869384765625,5,nan,nan
엍,U+C5CD,0,0,1,1,0,0.1187744140625,0.4486083984375,0.11279296875,3,nan,nan
엎,U+C5CE,0,0,0,0,0,0.11639404296875,0.522216796875,0.11419677734375,5,nan,nan
엏,U+C5CF,0,0,0,0,0,0.11077880859375,0.49481201171875,0.09063720703125,3,nan,nan
에,U+C5D0,0,0,0,0,0,0.0811767578125,0.31488037109375,0.07208251953125,2,nan,nan
엑,U+C5D1,0,0,0,0,0,0.1253662109375,0.589111328125,0.112060546875,3,nan,nan
엒,U+C5D2,0,0,1,1,0,0.12237548828125,0.507568359375,0.1119384765625,4,nan,nan
엓,U+C5D3,0,0,0,0,0,0.122314453125,0.533447265625,0.11029052734375,3,nan,nan
엔,U+C5D4,0,0,0,0,0,0.11676025390625,0.561767578125,0.1131591796875,4,nan,nan
엕,U+C5D5,0,0,1,1,0,0.12310791015625,0.530517578125,0.11627197265625,7,nan,nan
엖,U+C5D6,0,0,1,1,0,0.13775634765625,0.5859375,0.13372802734375,4,nan,nan
엗,U+C5D7,0,0,1,1,0,0.107421875,0.496337890625,0.106201171875,4,nan,nan
엘,U+C5D8,0,0,0,0,0,0.13714599609375,0.5751953125,0.13189697265625,5,nan,nan
엙,U+C5D9,0,0,0,0,0,0.120849609375,0.4571533203125,0.10986328125,5,nan,nan
엚,U+C5DA,0,0,0,0,0,0.15118408203125,0.5712890625,0.1466064453125,5,nan,nan
엛,U+C5DB,0,0,0,0,0,0.1435546875,0.5257568359375,0.1229248046875,4,nan,nan
엜,U+C5DC,0,0,0,0,0,0.15240478515625,0.6156005859375,0.13409423828125,5,nan,nan
엝,U+C5DD,0,0,0,0,0,0.1341552734375,0.481201171875,0.13055419921875,2,nan,nan
엞,U+C5DE,0,0,1,1,0,0.11883544921875,0.4901123046875,0.1221923828125,6,nan,nan
엟,U+C5DF,0,0,0,0,0,0.1612548828125,0.5908203125,0.14788818359375,7,nan,nan
엠,U+C5E0,0,0,0,0,0,0.12554931640625,0.55926513671875,0.1224365234375,3,nan,nan
엡,U+C5E1,0,0,0,0,0,0.12237548828125,0.54736328125,0.12176513671875,5,nan,nan
엢,U+C5E2,0,0,0,0,0,0.13128662109375,0.5218505859375,0.12060546875,3,nan,nan
엣,U+C5E3,0,0,0,0,0,0.13714599609375,0.5465087890625,0.11199951171875,4,nan,nan
엤,U+C5E4,0,0,0,0,0,0.15313720703125,0.5760498046875,0.123046875,3,nan,nan
엥,U+C5E5,0,0,0,0,0,0.13720703125,0.5733642578125,0.107421875,3,nan,nan
엦,U+C5E6,0,0,1,1,0,0.13446044921875,0.59820556640625,0.11126708984375,3,nan,nan
엧,U+C5E7,0,0,0,0,0,0.12701416015625,0.5855712890625,0.1221923828125,5,nan,nan
엨,U+C5E8,0,0,1,1,0,0.11614990234375,0.54931640625,0.11505126953125,4,nan,nan
엩,U+C5E9,0,0,1,1,0,0.126220703125,0.4832763671875,0.11627197265625,4,nan,nan
엪,U+C5EA,0,0,0,0,0,0.1510009765625,0.545166015625,0.13055419921875,3,nan,nan
엫,U+C5EB,0,0,0,0,0,0.1290283203125,0.5760498046875,0.10797119140625,4,nan,nan
여,U+C5EC,0,0,0,0,0,0.09326171875,0.468505859375,0.08160400390625,2,nan,nan
역,U+C5ED,0,0,0,0,0,0.106689453125,0.509765625,0.10125732421875,3,nan,nan
엮,U+C5EE,0,0,1,1,0,0.11639404296875,0.5185546875,0.10015869140625,2,nan,nan
엯,U+C5EF,0,0,0,0,0,0.14093017578125,0.57806396484375,0.1181640625,6,nan,nan
연,U+C5F0,0,0,0,0,0,0.1182861328125,0.55810546875,0.10357666015625,4,nan,nan
엱,U+C5F1,0,0,1,1,0,0.14971923828125,0.7265625,0.13958740234375,12,nan,nan
엲,U+C5F2,0,0,1,1,0,0.14739990234375,0.6229248046875,0.1434326171875,6,nan,nan
엳,U+C5F3,0,0,1,1,0,0.10552978515625,0.46209716796875,0.10015869140625,2,nan,nan
열,U+C5F4,0,0,0,0,0,0.1353759765625,0.6103515625,0.129150390625,7,nan,nan
엵,U+C5F5,0,0,0,0,0,0.16925048828125,0.5859375,0.13568115234375,5,nan,nan
엶,U+C5F6,0,0,0,0,1,0.17742919921875,0.6015625,0.1434326171875,4,23.582280137936195,0.9558333909811785
엷,U+C5F7,0,0,0,0,0,0.17034912109375,0.578125,0.13922119140625,7,nan,nan
엸,U+C5F8,0,0,0,0,0,0.16290283203125,0.71875,0.13763427734375,5,nan,nan
엹,U+C5F9,0,0,0,0,0,0.17218017578125,0.7152099609375,0.14306640625,8,nan,nan
엺,U+C5FA,0,0,1,1,0,0.16229248046875,0.5921630859375,0.1395263671875,4,nan,nan
엻,U+C5FB,0,0,0,0,0,0.1732177734375,0.59375,0.1461181640625,5,nan,nan
염,U+C5FC,0,0,0,0,0,0.12518310546875,0.625,0.12774658203125,3,nan,nan
엽,U+C5FD,0,0,0,0,0,0.13970947265625,0.5390625,0.12432861328125,3,nan,nan
엾,U+C5FE,0,0,0,0,0,0.15533447265625,0.609375,0.1251220703125,4,nan,nan
엿,U+C5FF,0,0,0,0,0,0.13299560546875,0.521240234375,0.10870361328125,2,nan,nan
였,U+C600,0,0,0,0,0,0.14434814453125,0.6328125,0.1259765625,2,nan,nan
영,U+C601,0,0,0,0,0,0.13116455078125,0.5361328125,0.08380126953125,3,nan,nan
옂,U+C602,0,0,1,1,0,0.12738037109375,0.5921630859375,0.10870361328125,4,nan,nan
옃,U+C603,0,0,0,0,0,0.1534423828125,0.6171875,0.13104248046875,4,nan,nan
옄,U+C604,0,0,1,1,0,0.13763427734375,0.52642822265625,0.111328125,4,nan,nan
옅,U+C605,0,0,1,1,0,0.13970947265625,0.5286865234375,0.1202392578125,3,nan,nan
옆,U+C606,0,0,0,0,0,0.1416015625,0.5767822265625,0.11810302734375,8,nan,nan
옇,U+C607,0,0,0,0,0,0.1270751953125,0.537353515625,0.1107177734375,5,nan,nan
예,U+C608,0,0,0,0,0,0.08526611328125,0.36090087890625,0.08074951171875,2,nan,nan
옉,U+C609,0,0,0,0,0,0.1220703125,0.59820556640625,0.1207275390625,3,nan,nan
옊,U+C60A,0,0,1,1,0,0.132568359375,0.5474853515625,0.1219482421875,3,nan,nan
옋,U+C60B,0,0,0,0,0,0.1307373046875,0.50628662109375,0.11529541015625,3,nan,nan
옌,U+C60C,0,0,0,0,0,0.14971923828125,0.7578125,0.13568115234375,4,nan,nan
옍,U+C60D,0,0,1,1,0,0.14215087890625,0.5572509765625,0.1285400390625,4,nan,nan
옎,U+C60E,0,0,1,1,0,0.15960693359375,0.640380859375,0.15313720703125,5,nan,nan
옏,U+C60F,0,0,1,1,0,0.11285400390625,0.5379638671875,0.1134033203125,4,nan,nan
옐,U+C610,0,0,0,0,0,0.1573486328125,0.68115234375,0.1514892578125,4,nan,nan
옑,U+C611,0,0,0,0,0,0.12945556640625,0.580810546875,0.12884521484375,6,nan,nan
옒,U+C612,0,0,0,0,0,0.15521240234375,0.6256103515625,0.1595458984375,7,nan,nan
옓,U+C613,0,0,0,0,0,0.1488037109375,0.5760498046875,0.147705078125,5,nan,nan
옔,U+C614,0,0,0,0,0,0.1893310546875,0.64849853515625,0.1600341796875,3,nan,nan
옕,U+C615,0,0,0,0,0,0.1593017578125,0.64251708984375,0.1534423828125,7,nan,nan
옖,U+C616,0,0,1,1,0,0.13226318359375,0.5859375,0.13134765625,5,nan,nan
옗,U+C617,0,0,0,0,0,0.16668701171875,0.6796875,0.16656494140625,8,nan,nan
옘,U+C618,0,0,0,0,0,0.1417236328125,0.5908203125,0.14276123046875,4,nan,nan
옙,U+C619,0,0,0,0,0,0.14068603515625,0.542724609375,0.130859375,3,nan,nan
옚,U+C61A,0,0,0,0,0,0.1295166015625,0.599853515625,0.13409423828125,4,nan,nan
옛,U+C61B,0,0,0,0,0,0.1190185546875,0.5189208984375,0.10833740234375,4,nan,nan
옜,U+C61C,0,0,0,0,0,0.15582275390625,0.6328125,0.1396484375,5,nan,nan
옝,U+C61D,0,0,0,0,0,0.1297607421875,0.556640625,0.10919189453125,6,nan,nan
옞,U+C61E,0,0,1,1,0,0.11572265625,0.520751953125,0.1119384765625,3,nan,nan
옟,U+C61F,0,0,0,0,0,0.14599609375,0.6328125,0.1441650390625,4,nan,nan
옠,U+C620,0,0,1,1,0,0.11572265625,0.6005859375,0.126708984375,4,nan,nan
옡,U+C621,0,0,1,1,0,0.13330078125,0.5419921875,0.13482666015625,3,nan,nan
옢,U+C622,0,0,0,0,0,0.15594482421875,0.5855712890625,0.141357421875,3,nan,nan
옣,U+C623,0,0,0,0,0,0.14080810546875,0.6229248046875,0.133056640625,5,nan,nan
오,U+C624,0,0,0,0,0,0.07269287109375,0.39892578125,0.0626220703125,2,nan,nan
옥,U+C625,0,0,0,0,0,0.11474609375,0.6484375,0.09173583984375,4,nan,nan
옦,U+C626,0,0,1,1,0,0.12890625,0.78125,0.09942626953125,6,nan,nan
옧,U+C627,0,0,0,0,0,0.14788818359375,0.80108642578125,0.11065673828125,3,nan,nan
온,U+C628,0,0,0,0,0,0.1160888671875,0.76171875,0.087890625,4,nan,nan
옩,U+C629,0,0,1,1,0,0.17266845703125,0.792236328125,0.13006591796875,4,nan,nan
옪,U+C62A,0,0,1,1,0,0.16558837890625,0.81390380859375,0.12322998046875,4,nan,nan
옫,U+C62B,0,0,1,1,0,0.108642578125,0.5555419921875,0.09527587890625,4,nan,nan
올,U+C62C,0,0,0,0,0,0.14739990234375,0.7265625,0.1263427734375,5,nan,nan
옭,U+C62D,0,0,0,0,0,0.1611328125,0.75,0.13043212890625,3,nan,nan
옮,U+C62E,0,0,0,0,0,0.15264892578125,0.6796875,0.134765625,6,nan,nan
옯,U+C62F,0,0,0,0,0,0.15301513671875,0.75,0.135009765625,7,nan,nan
옰,U+C630,0,0,0,0,1,0.17230224609375,0.84375,0.1396484375,4,24.277983764837565,0.9536375351827623
옱,U+C631,0,0,0,0,0,0.1744384765625,0.7906494140625,0.15966796875,10,nan,nan
옲,U+C632,0,0,1,1,0,0.17901611328125,0.76739501953125,0.14959716796875,7,nan,nan
옳,U+C633,0,0,0,0,1,0.1982421875,0.796875,0.14599609375,3,23.68574221916495,0.948285407894608
옴,U+C634,0,0,0,0,0,0.14959716796875,0.7781982421875,0.11602783203125,5,nan,nan
옵,U+C635,0,0,0,0,0,0.15667724609375,0.828125,0.11285400390625,3,nan,nan
옶,U+C636,0,0,0,0,0,0.1632080078125,0.74322509765625,0.12811279296875,5,nan,nan
옷,U+C637,0,0,0,0,0,0.14105224609375,0.791015625,0.10015869140625,3,nan,nan
옸,U+C638,0,0,0,0,0,0.150390625,0.8116455078125,0.1082763671875,4,nan,nan
옹,U+C639,0,0,0,0,1,0.15716552734375,0.8984375,0.08782958984375,2,25.757864577342986,0.915367555924613
옺,U+C63A,0,0,1,1,0,0.13916015625,0.84686279296875,0.10211181640625,6,nan,nan
옻,U+C63B,0,0,0,0,0,0.13616943359375,0.8125,0.11224365234375,6,nan,nan
옼,U+C63C,0,0,1,1,0,0.12860107421875,0.73828125,0.098876953125,4,nan,nan
옽,U+C63D,0,0,1,1,0,0.1568603515625,0.59375,0.11016845703125,3,nan,nan
옾,U+C63E,0,0,0,0,0,0.181396484375,0.810791015625,0.138671875,2,nan,nan
옿,U+C63F,0,0,0,0,0,0.15069580078125,0.8125,0.116943359375,9,nan,nan
와,U+C640,0,0,0,0,0,0.0933837890625,0.4964599609375,0.087890625,2,nan,nan
왁,U+C641,0,0,0,0,0,0.10845947265625,0.558837890625,0.1026611328125,4,nan,nan
왂,U+C642,0,0,1,1,0,0.13507080078125,0.60540771484375,0.10626220703125,3,nan,nan
왃,U+C643,0,0,0,0,0,0.12188720703125,0.634033203125,0.12451171875,5,nan,nan
완,U+C644,0,0,0,0,0,0.099365234375,0.5443115234375,0.10113525390625,4,nan,nan
왅,U+C645,0,0,1,1,0,0.11669921875,0.610107421875,0.11614990234375,6,nan,nan
왆,U+C646,0,0,1,1,0,0.147216796875,0.69488525390625,0.13311767578125,6,nan,nan
왇,U+C647,0,0,1,1,0,0.1182861328125,0.6064453125,0.11920166015625,2,nan,nan
왈,U+C648,0,0,0,0,0,0.15167236328125,0.67547607421875,0.13287353515625,5,nan,nan
왉,U+C649,0,0,0,0,0,0.13330078125,0.673828125,0.1343994140625,6,nan,nan
왊,U+C64A,0,0,0,0,0,0.15521240234375,0.6646728515625,0.154541015625,9,nan,nan
왋,U+C64B,0,0,0,0,0,0.14111328125,0.71044921875,0.1427001953125,7,nan,nan
왌,U+C64C,0,0,0,0,0,0.162353515625,0.77325439453125,0.1422119140625,6,nan,nan
왍,U+C64D,0,0,0,0,0,0.15478515625,0.69580078125,0.1446533203125,5,nan,nan
왎,U+C64E,0,0,1,1,0,0.1470947265625,0.642578125,0.14898681640625,4,nan,nan
왏,U+C64F,0,0,0,0,0,0.18243408203125,0.76904296875,0.16827392578125,5,nan,nan
왐,U+C650,0,0,0,0,0,0.148193359375,0.6986083984375,0.13470458984375,4,nan,nan
왑,U+C651,0,0,0,0,0,0.146240234375,0.6878662109375,0.12646484375,3,nan,nan
왒,U+C652,0,0,0,0,0,0.13336181640625,0.665283203125,0.12554931640625,4,nan,nan
왓,U+C653,0,0,0,0,0,0.10736083984375,0.603515625,0.103759765625,4,nan,nan
왔,U+C654,0,0,0,0,0,0.15716552734375,0.7274169921875,0.1328125,4,nan,nan
왕,U+C655,0,0,0,0,0,0.14923095703125,0.697265625,0.1087646484375,3,nan,nan
왖,U+C656,0,0,1,1,0,0.1343994140625,0.6639404296875,0.1195068359375,4,nan,nan
왗,U+C657,0,0,0,0,0,0.15740966796875,0.71044921875,0.1343994140625,6,nan,nan
왘,U+C658,0,0,1,1,0,0.13031005859375,0.5966796875,0.109130859375,4,nan,nan
왙,U+C659,0,0,1,1,0,0.14617919921875,0.66094970703125,0.13995361328125,4,nan,nan
왚,U+C65A,0,0,0,0,0,0.14166259765625,0.62042236328125,0.135498046875,3,nan,nan
왛,U+C65B,0,0,0,0,0,0.15386962890625,0.78076171875,0.12628173828125,7,nan,nan
왜,U+C65C,0,0,0,0,0,0.10821533203125,0.38092041015625,0.1031494140625,2,nan,nan
왝,U+C65D,0,0,0,0,0,0.132080078125,0.51416015625,0.1256103515625,3,nan,nan
왞,U+C65E,0,0,1,1,0,0.14263916015625,0.48699951171875,0.12298583984375,4,nan,nan
왟,U+C65F,0,0,0,0,0,0.1444091796875,0.5826416015625,0.14837646484375,5,nan,nan
왠,U+C660,0,0,0,0,0,0.13140869140625,0.5169677734375,0.12353515625,4,nan,nan
왡,U+C661,0,0,1,1,0,0.14569091796875,0.5572509765625,0.14727783203125,5,nan,nan
왢,U+C662,0,0,1,1,0,0.1693115234375,0.67138671875,0.156982421875,7,nan,nan
왣,U+C663,0,0,1,1,0,0.1363525390625,0.514892578125,0.1343994140625,3,nan,nan
왤,U+C664,0,0,0,0,0,0.17510986328125,0.62255859375,0.16748046875,6,nan,nan
왥,U+C665,0,0,0,0,0,0.15966796875,0.6925048828125,0.16943359375,6,nan,nan
왦,U+C666,0,0,0,0,0,0.177978515625,0.6329345703125,0.16912841796875,4,nan,nan
왧,U+C667,0,0,0,0,0,0.16424560546875,0.65625,0.1766357421875,5,nan,nan
왨,U+C668,0,0,0,0,0,0.19366455078125,0.6844482421875,0.1715087890625,3,nan,nan
왩,U+C669,0,0,0,0,0,0.17193603515625,0.62255859375,0.16900634765625,7,nan,nan
왪,U+C66A,0,0,1,1,0,0.16986083984375,0.60888671875,0.16552734375,5,nan,nan
왫,U+C66B,0,0,0,0,0,0.1781005859375,0.67901611328125,0.17083740234375,5,nan,nan
왬,U+C66C,0,0,0,0,0,0.15216064453125,0.5955810546875,0.148681640625,4,nan,nan
왭,U+C66D,0,0,0,0,0,0.14569091796875,0.5755615234375,0.14227294921875,4,nan,nan
왮,U+C66E,0,0,0,0,0,0.1583251953125,0.58258056640625,0.15325927734375,3,nan,nan
왯,U+C66F,0,0,0,0,0,0.1337890625,0.54205322265625,0.122802734375,3,nan,nan
왰,U+C670,0,0,0,0,0,0.184814453125,0.671875,0.152099609375,4,nan,nan
왱,U+C671,0,0,0,0,0,0.1353759765625,0.507568359375,0.11187744140625,4,nan,nan
왲,U+C672,0,0,1,1,0,0.13836669921875,0.5755615234375,0.14349365234375,3,nan,nan
왳,U+C673,0,0,0,0,0,0.1690673828125,0.6484375,0.15032958984375,3,nan,nan
왴,U+C674,0,0,1,1,0,0.14208984375,0.5655517578125,0.14276123046875,4,nan,nan
왵,U+C675,0,0,1,1,0,0.14111328125,0.51593017578125,0.138916015625,4,nan,nan
왶,U+C676,0,0,0,0,0,0.1676025390625,0.5438232421875,0.1468505859375,3,nan,nan
왷,U+C677,0,0,0,0,0,0.15362548828125,0.66375732421875,0.1295166015625,4,nan,nan
외,U+C678,0,0,0,0,0,0.08612060546875,0.32427978515625,0.074951171875,2,nan,nan
왹,U+C679,0,0,0,0,0,0.0928955078125,0.41302490234375,0.09320068359375,3,nan,nan
왺,U+C67A,0,0,1,1,0,0.118408203125,0.43505859375,0.109375,3,nan,nan
왻,U+C67B,0,0,0,0,0,0.1182861328125,0.505859375,0.115234375,3,nan,nan
왼,U+C67C,0,0,0,0,0,0.08837890625,0.394287109375,0.092529296875,3,nan,nan
왽,U+C67D,0,0,1,1,0,0.10455322265625,0.50146484375,0.1123046875,6,nan,nan
왾,U+C67E,0,0,1,1,0,0.1480712890625,0.595703125,0.13543701171875,5,nan,nan
왿,U+C67F,0,0,1,1,0,0.10662841796875,0.4149169921875,0.11248779296875,5,nan,nan
욀,U+C680,0,0,0,0,0,0.143798828125,0.6046142578125,0.1368408203125,4,nan,nan
욁,U+C681,0,0,0,0,0,0.14422607421875,0.5833740234375,0.13897705078125,8,nan,nan
욂,U+C682,0,0,0,0,0,0.1651611328125,0.56591796875,0.160888671875,7,nan,nan
욃,U+C683,0,0,0,0,0,0.15460205078125,0.580810546875,0.15838623046875,5,nan,nan
욄,U+C684,0,0,0,0,0,0.162109375,0.6796875,0.14434814453125,5,nan,nan
욅,U+C685,0,0,0,0,0,0.1484375,0.5833740234375,0.14886474609375,4,nan,nan
욆,U+C686,0,0,1,1,0,0.14105224609375,0.56854248046875,0.1494140625,6,nan,nan
욇,U+C687,0,0,0,0,0,0.16656494140625,0.613037109375,0.159912109375,6,nan,nan
욈,U+C688,0,0,0,0,0,0.13433837890625,0.51239013671875,0.12030029296875,4,nan,nan
욉,U+C689,0,0,0,0,0,0.1083984375,0.505859375,0.11517333984375,4,nan,nan
욊,U+C68A,0,0,0,0,0,0.13201904296875,0.5689697265625,0.12261962890625,4,nan,nan
욋,U+C68B,0,0,0,0,0,0.0928955078125,0.4366455078125,0.09576416015625,4,nan,nan
욌,U+C68C,0,0,0,0,0,0.14520263671875,0.542724609375,0.12890625,4,nan,nan
욍,U+C68D,0,0,0,0,0,0.1265869140625,0.55224609375,0.102294921875,3,nan,nan
욎,U+C68E,0,0,1,1,0,0.1102294921875,0.47674560546875,0.10418701171875,4,nan,nan
욏,U+C68F,0,0,0,0,0,0.142578125,0.58343505859375,0.12628173828125,4,nan,nan
욐,U+C690,0,0,1,1,0,0.124755859375,0.49456787109375,0.11419677734375,3,nan,nan
욑,U+C691,0,0,1,1,0,0.14178466796875,0.4853515625,0.12139892578125,6,nan,nan
욒,U+C692,0,0,0,0,0,0.12603759765625,0.4697265625,0.12298583984375,4,nan,nan
욓,U+C693,0,0,0,0,0,0.1470947265625,0.579833984375,0.11273193359375,6,nan,nan
요,U+C694,0,0,0,0,0,0.07177734375,0.3076171875,0.0687255859375,2,nan,nan
욕,U+C695,0,0,0,0,0,0.10418701171875,0.5546875,0.09796142578125,3,nan,nan
욖,U+C696,0,0,1,1,0,0.086669921875,0.36181640625,0.08734130859375,3,nan,nan
욗,U+C697,0,0,0,0,0,0.10906982421875,0.532958984375,0.1046142578125,3,nan,nan
욘,U+C698,0,0,0,0,0,0.08251953125,0.4793701171875,0.09197998046875,4,nan,nan
욙,U+C699,0,0,1,1,0,0.1082763671875,0.523681640625,0.1033935546875,3,nan,nan
욚,U+C69A,0,0,1,1,0,0.11956787109375,0.5882568359375,0.118896484375,6,nan,nan
욛,U+C69B,0,0,1,1,0,0.09405517578125,0.44140625,0.10491943359375,5,nan,nan
욜,U+C69C,0,0,0,0,0,0.16094970703125,0.7421875,0.14111328125,5,nan,nan
욝,U+C69D,0,0,0,0,0,0.1026611328125,0.48046875,0.1170654296875,5,nan,nan
욞,U+C69E,0,0,0,0,0,0.12628173828125,0.504150390625,0.128662109375,6,nan,nan
욟,U+C69F,0,0,0,0,0,0.12017822265625,0.54473876953125,0.12957763671875,5,nan,nan
욠,U+C6A0,0,0,0,0,0,0.1763916015625,0.7734375,0.138916015625,4,nan,nan
욡,U+C6A1,0,0,0,0,0,0.11407470703125,0.57806396484375,0.14019775390625,6,nan,nan
욢,U+C6A2,0,0,1,1,0,0.1275634765625,0.6031494140625,0.1336669921875,6,nan,nan
욣,U+C6A3,0,0,0,0,0,0.18768310546875,0.7890625,0.15252685546875,3,nan,nan
욤,U+C6A4,0,0,0,0,0,0.13568115234375,0.81390380859375,0.14013671875,7,nan,nan
욥,U+C6A5,0,0,0,0,0,0.1170654296875,0.491455078125,0.10736083984375,3,nan,nan
욦,U+C6A6,0,0,0,0,0,0.12347412109375,0.53521728515625,0.1068115234375,3,nan,nan
욧,U+C6A7,0,0,0,0,0,0.1494140625,0.875,0.12384033203125,3,nan,nan
욨,U+C6A8,0,0,0,0,0,0.15045166015625,0.726318359375,0.120361328125,3,nan,nan
용,U+C6A9,0,0,0,0,0,0.11865234375,0.74169921875,0.10394287109375,6,nan,nan
욪,U+C6AA,0,0,1,1,0,0.0887451171875,0.34613037109375,0.080078125,6,nan,nan
욫,U+C6AB,0,0,0,0,0,0.1112060546875,0.5645751953125,0.11468505859375,3,nan,nan
욬,U+C6AC,0,0,1,1,0,0.10223388671875,0.50115966796875,0.10516357421875,3,nan,nan
욭,U+C6AD,0,0,1,1,0,0.10675048828125,0.537353515625,0.11920166015625,6,nan,nan
욮,U+C6AE,0,0,0,0,0,0.15618896484375,0.76806640625,0.1246337890625,4,nan,nan
욯,U+C6AF,0,0,0,0,0,0.11126708984375,0.52978515625,0.10693359375,7,nan,nan
우,U+C6B0,0,0,0,0,0,0.09661865234375,0.6767578125,0.07318115234375,4,nan,nan
욱,U+C6B1,0,0,0,0,0,0.10528564453125,0.5615234375,0.08416748046875,3,nan,nan
욲,U+C6B2,0,0,1,1,0,0.093505859375,0.57244873046875,0.09637451171875,4,nan,nan
욳,U+C6B3,0,0,0,0,0,0.1363525390625,0.70892333984375,0.1158447265625,4,nan,nan
운,U+C6B4,0,0,0,0,0,0.090087890625,0.5712890625,0.08221435546875,3,nan,nan
욵,U+C6B5,0,0,1,1,0,0.1358642578125,0.7049560546875,0.1124267578125,4,nan,nan
욶,U+C6B6,0,0,1,1,0,0.14739990234375,0.78826904296875,0.12347412109375,6,nan,nan
욷,U+C6B7,0,0,1,1,0,0.1053466796875,0.5947265625,0.11041259765625,5,nan,nan
울,U+C6B8,0,0,0,0,1,0.1729736328125,0.8828125,0.1458740234375,2,23.206512254529674,0.9436555968421264
욹,U+C6B9,0,0,0,0,0,0.140380859375,0.749267578125,0.13751220703125,14,nan,nan
욺,U+C6BA,0,0,0,0,0,0.14971923828125,0.648193359375,0.13226318359375,6,nan,nan
욻,U+C6BB,0,0,0,0,0,0.1429443359375,0.779541015625,0.14208984375,8,nan,nan
욼,U+C6BC,0,0,0,0,0,0.15155029296875,0.84490966796875,0.1356201171875,7,nan,nan
욽,U+C6BD,0,0,0,0,0,0.15771484375,0.764404296875,0.15655517578125,13,nan,nan
욾,U+C6BE,0,0,1,1,0,0.164794921875,0.787109375,0.1534423828125,8,nan,nan
욿,U+C6BF,0,0,0,0,0,0.1771240234375,0.81390380859375,0.150146484375,6,nan,nan
움,U+C6C0,0,0,0,0,0,0.138427734375,0.66815185546875,0.1051025390625,3,nan,nan
웁,U+C6C1,0,0,0,0,0,0.1195068359375,0.6351318359375,0.10595703125,8,nan,nan
웂,U+C6C2,0,0,0,0,0,0.142578125,0.69580078125,0.11328125,4,nan,nan
웃,U+C6C3,0,0,0,0,0,0.10614013671875,0.56549072265625,0.07806396484375,3,nan,nan
웄,U+C6C4,0,0,0,0,0,0.1624755859375,0.76171875,0.11102294921875,3,nan,nan
웅,U+C6C5,0,0,0,0,0,0.13348388671875,0.764404296875,0.0941162109375,5,nan,nan
웆,U+C6C6,0,0,1,1,0,0.12628173828125,0.69580078125,0.092529296875,5,nan,nan
웇,U+C6C7,0,0,0,0,0,0.13702392578125,0.7171630859375,0.10400390625,5,nan,nan
웈,U+C6C8,0,0,1,1,0,0.12054443359375,0.645751953125,0.09783935546875,3,nan,nan
웉,U+C6C9,0,0,1,1,0,0.128173828125,0.666015625,0.1259765625,6,nan,nan
웊,U+C6CA,0,0,0,0,0,0.16644287109375,0.763427734375,0.1339111328125,4,nan,nan
웋,U+C6CB,0,0,0,0,0,0.1571044921875,0.90625,0.1121826171875,4,nan,nan
워,U+C6CC,0,0,0,0,0,0.0855712890625,0.3839111328125,0.08233642578125,3,nan,nan
웍,U+C6CD,0,0,0,0,0,0.1302490234375,0.595703125,0.11895751953125,4,nan,nan
웎,U+C6CE,0,0,1,1,0,0.11285400390625,0.4808349609375,0.1099853515625,4,nan,nan
웏,U+C6CF,0,0,0,0,0,0.11297607421875,0.5478515625,0.11322021484375,4,nan,nan
원,U+C6D0,0,0,0,0,0,0.10772705078125,0.44921875,0.10028076171875,4,nan,nan
웑,U+C6D1,0,0,1,1,0,0.1177978515625,0.497314453125,0.112548828125,5,nan,nan
웒,U+C6D2,0,0,1,1,0,0.1468505859375,0.601806640625,0.14111328125,5,nan,nan
웓,U+C6D3,0,0,1,1,0,0.12066650390625,0.48779296875,0.1151123046875,4,nan,nan
월,U+C6D4,0,0,0,0,0,0.14410400390625,0.590576171875,0.133544921875,6,nan,nan
웕,U+C6D5,0,0,0,0,0,0.153564453125,0.615234375,0.14923095703125,5,nan,nan
웖,U+C6D6,0,0,0,0,0,0.1754150390625,0.6329345703125,0.16082763671875,9,nan,nan
웗,U+C6D7,0,0,0,0,0,0.1611328125,0.62127685546875,0.15771484375,4,nan,nan
웘,U+C6D8,0,0,0,0,0,0.15289306640625,0.71905517578125,0.1524658203125,6,nan,nan
웙,U+C6D9,0,0,0,0,0,0.16455078125,0.64642333984375,0.16107177734375,6,nan,nan
웚,U+C6DA,0,0,1,1,0,0.149658203125,0.630126953125,0.16217041015625,5,nan,nan
웛,U+C6DB,0,0,0,0,0,0.16455078125,0.658447265625,0.1676025390625,10,nan,nan
웜,U+C6DC,0,0,0,0,0,0.15875244140625,0.5635986328125,0.132080078125,5,nan,nan
웝,U+C6DD,0,0,0,0,0,0.121826171875,0.485595703125,0.1195068359375,5,nan,nan
웞,U+C6DE,0,0,0,0,0,0.1253662109375,0.5966796875,0.13348388671875,4,nan,nan
웟,U+C6DF,0,0,0,0,0,0.10577392578125,0.421142578125,0.09820556640625,4,nan,nan
웠,U+C6E0,0,0,0,0,0,0.1678466796875,0.6953125,0.14996337890625,4,nan,nan
웡,U+C6E1,0,0,0,0,0,0.137939453125,0.5029296875,0.111572265625,6,nan,nan
웢,U+C6E2,0,0,1,1,0,0.1085205078125,0.474609375,0.10943603515625,5,nan,nan
웣,U+C6E3,0,0,0,0,0,0.14013671875,0.5615234375,0.12738037109375,6,nan,nan
웤,U+C6E4,0,0,1,1,0,0.13226318359375,0.4923095703125,0.11907958984375,4,nan,nan
웥,U+C6E5,0,0,1,1,0,0.14605712890625,0.6031494140625,0.14495849609375,6,nan,nan
웦,U+C6E6,0,0,0,0,0,0.13958740234375,0.5635986328125,0.14031982421875,4,nan,nan
웧,U+C6E7,0,0,0,0,0,0.14312744140625,0.613037109375,0.11724853515625,5,nan,nan
웨,U+C6E8,0,0,0,0,0,0.11639404296875,0.47265625,0.1241455078125,3,nan,nan
웩,U+C6E9,0,0,0,0,0,0.14813232421875,0.65625,0.1309814453125,6,nan,nan
웪,U+C6EA,0,0,1,1,0,0.1531982421875,0.64337158203125,0.1431884765625,5,nan,nan
웫,U+C6EB,0,0,0,0,0,0.16070556640625,0.703125,0.14923095703125,5,nan,nan
웬,U+C6EC,0,0,0,0,0,0.1533203125,0.56396484375,0.13916015625,5,nan,nan
웭,U+C6ED,0,0,1,1,0,0.18408203125,0.6962890625,0.1705322265625,5,nan,nan
웮,U+C6EE,0,0,1,1,0,0.1763916015625,0.6690673828125,0.186767578125,8,nan,nan
웯,U+C6EF,0,0,1,1,0,0.17132568359375,0.67205810546875,0.1588134765625,4,nan,nan
웰,U+C6F0,0,0,0,0,0,0.18310546875,0.75823974609375,0.17071533203125,8,nan,nan
웱,U+C6F1,0,0,0,0,0,0.1597900390625,0.84490966796875,0.1671142578125,17,nan,nan
웲,U+C6F2,0,0,0,0,0,0.19427490234375,0.671875,0.19256591796875,6,nan,nan
웳,U+C6F3,0,0,0,0,0,0.19927978515625,0.6962890625,0.20733642578125,9,nan,nan
웴,U+C6F4,0,0,0,0,0,0.18414306640625,0.7265625,0.17926025390625,10,nan,nan
웵,U+C6F5,0,0,0,0,0,0.1844482421875,0.8828125,0.1866455078125,11,nan,nan
웶,U+C6F6,0,0,1,1,0,0.17474365234375,0.74322509765625,0.18701171875,9,nan,nan
웷,U+C6F7,0,0,0,0,0,0.1876220703125,0.690673828125,0.1800537109375,7,nan,nan
웸,U+C6F8,0,0,0,0,1,0.17144775390625,0.6640625,0.16070556640625,5,23.068165203978747,0.947430368717855
웹,U+C6F9,0,0,0,0,0,0.17462158203125,0.7613525390625,0.16082763671875,10,nan,nan
웺,U+C6FA,0,0,0,0,0,0.16058349609375,0.70751953125,0.165283203125,9,nan,nan
웻,U+C6FB,0,0,0,0,0,0.15618896484375,0.59661865234375,0.13140869140625,5,nan,nan
웼,U+C6FC,0,0,0,0,0,0.18182373046875,0.67901611328125,0.15155029296875,4,nan,nan
웽,U+C6FD,0,0,0,0,0,0.1761474609375,0.62841796875,0.13812255859375,5,nan,nan
웾,U+C6FE,0,0,1,1,0,0.16595458984375,0.66064453125,0.14483642578125,4,nan,nan
웿,U+C6FF,0,0,0,0,0,0.15985107421875,0.6767578125,0.15435791015625,8,nan,nan
윀,U+C700,0,0,1,1,0,0.1558837890625,0.6875,0.14599609375,10,nan,nan
윁,U+C701,0,0,1,1,0,0.1785888671875,0.7734375,0.17059326171875,8,nan,nan
윂,U+C702,0,0,0,0,0,0.18682861328125,0.67437744140625,0.16558837890625,4,nan,nan
윃,U+C703,0,0,0,0,0,0.16668701171875,0.6953125,0.14697265625,6,nan,nan
위,U+C704,0,0,0,0,1,0.0758056640625,0.3460693359375,0.07147216796875,3,9.12206349762242,0.6252698844795223
윅,U+C705,0,0,0,0,0,0.12042236328125,0.580810546875,0.10528564453125,3,nan,nan
윆,U+C706,0,0,1,1,0,0.10882568359375,0.4923095703125,0.10394287109375,6,nan,nan
윇,U+C707,0,0,0,0,0,0.12188720703125,0.6246337890625,0.11181640625,5,nan,nan
윈,U+C708,0,0,0,0,0,0.111083984375,0.53887939453125,0.101318359375,5,nan,nan
윉,U+C709,0,0,1,1,0,0.12554931640625,0.62841796875,0.13323974609375,7,nan,nan
윊,U+C70A,0,0,1,1,0,0.121826171875,0.643310546875,0.1224365234375,6,nan,nan
윋,U+C70B,0,0,1,1,0,0.10308837890625,0.524169921875,0.1097412109375,4,nan,nan
윌,U+C70C,0,0,0,0,0,0.1435546875,0.595703125,0.1375732421875,6,nan,nan
윍,U+C70D,0,0,0,0,0,0.1297607421875,0.62786865234375,0.1309814453125,4,nan,nan
윎,U+C70E,0,0,0,0,0,0.1593017578125,0.5950927734375,0.15283203125,4,nan,nan
윏,U+C70F,0,0,0,0,0,0.1353759765625,0.65313720703125,0.149658203125,6,nan,nan
윐,U+C710,0,0,0,0,0,0.15643310546875,0.765625,0.1400146484375,7,nan,nan
윑,U+C711,0,0,0,0,0,0.1669921875,0.66064453125,0.16278076171875,3,nan,nan
윒,U+C712,0,0,1,1,0,0.1341552734375,0.6456298828125,0.14501953125,9,nan,nan
윓,U+C713,0,0,0,0,0,0.15093994140625,0.6953125,0.14093017578125,7,nan,nan
윔,U+C714,0,0,0,0,0,0.14093017578125,0.61236572265625,0.12786865234375,5,nan,nan
윕,U+C715,0,0,0,0,0,0.1212158203125,0.56414794921875,0.11248779296875,4,nan,nan
윖,U+C716,0,0,0,0,0,0.1295166015625,0.6331787109375,0.12030029296875,7,nan,nan
윗,U+C717,0,0,0,0,0,0.1016845703125,0.504638671875,0.09393310546875,4,nan,nan
윘,U+C718,0,0,0,0,0,0.13433837890625,0.68505859375,0.1107177734375,4,nan,nan
윙,U+C719,0,0,0,0,0,0.13604736328125,0.5955810546875,0.10772705078125,3,nan,nan
윚,U+C71A,0,0,1,1,0,0.11370849609375,0.5655517578125,0.106689453125,6,nan,nan
윛,U+C71B,0,0,0,0,0,0.1309814453125,0.60809326171875,0.11920166015625,6,nan,nan
윜,U+C71C,0,0,1,1,0,0.10601806640625,0.55224609375,0.0975341796875,5,nan,nan
윝,U+C71D,0,0,1,1,0,0.1239013671875,0.580810546875,0.126708984375,4,nan,nan
윞,U+C71E,0,0,0,0,0,0.14166259765625,0.62310791015625,0.12921142578125,6,nan,nan
윟,U+C71F,0,0,0,0,0,0.1217041015625,0.7073974609375,0.09600830078125,7,nan,nan
유,U+C720,0,0,0,0,0,0.0762939453125,0.45703125,0.07098388671875,3,nan,nan
육,U+C721,0,0,0,0,0,0.12176513671875,0.54046630859375,0.095703125,2,nan,nan
윢,U+C722,0,0,1,1,0,0.103515625,0.520751953125,0.09814453125,5,nan,nan
윣,U+C723,0,0,0,0,0,0.102294921875,0.52557373046875,0.09136962890625,4,nan,nan
윤,U+C724,0,0,0,0,0,0.0950927734375,0.498046875,0.0924072265625,3,nan,nan
윥,U+C725,0,0,1,1,0,0.137451171875,0.623291015625,0.1126708984375,6,nan,nan
윦,U+C726,0,0,1,1,0,0.1318359375,0.6749267578125,0.11688232421875,5,nan,nan
윧,U+C727,0,0,1,1,0,0.11761474609375,0.6329345703125,0.11090087890625,3,nan,nan
율,U+C728,0,0,0,0,0,0.1739501953125,0.837158203125,0.15301513671875,5,nan,nan
윩,U+C729,0,0,0,0,0,0.14654541015625,0.679443359375,0.1343994140625,3,nan,nan
윪,U+C72A,0,0,0,0,0,0.1300048828125,0.63189697265625,0.14569091796875,10,nan,nan
윫,U+C72B,0,0,0,0,0,0.13970947265625,0.6553955078125,0.1275634765625,5,nan,nan
윬,U+C72C,0,0,0,0,0,0.17120361328125,0.81634521484375,0.151611328125,7,nan,nan
윭,U+C72D,0,0,0,0,0,0.14202880859375,0.7073974609375,0.13482666015625,7,nan,nan
윮,U+C72E,0,0,1,1,0,0.131103515625,0.690673828125,0.13677978515625,5,nan,nan
윯,U+C72F,0,0,0,0,0,0.166015625,0.78826904296875,0.15753173828125,13,nan,nan
윰,U+C730,0,0,0,0,0,0.15679931640625,0.7818603515625,0.13739013671875,3,nan,nan
윱,U+C731,0,0,0,0,0,0.11529541015625,0.60791015625,0.1134033203125,3,nan,nan
윲,U+C732,0,0,0,0,0,0.13818359375,0.61871337890625,0.1104736328125,4,nan,nan
윳,U+C733,0,0,0,0,0,0.1002197265625,0.49169921875,0.085205078125,3,nan,nan
윴,U+C734,0,0,0,0,0,0.14788818359375,0.70452880859375,0.1102294921875,3,nan,nan
융,U+C735,0,0,0,0,0,0.1260986328125,0.6427001953125,0.0987548828125,4,nan,nan
윶,U+C736,0,0,1,1,0,0.1090087890625,0.441650390625,0.08746337890625,5,nan,nan
윷,U+C737,0,0,0,0,0,0.15533447265625,0.62548828125,0.1165771484375,4,nan,nan
윸,U+C738,0,0,1,1,0,0.11676025390625,0.58941650390625,0.10369873046875,4,nan,nan
윹,U+C739,0,0,1,1,0,0.1229248046875,0.59820556640625,0.1119384765625,6,nan,nan
윺,U+C73A,0,0,0,0,0,0.14715576171875,0.6368408203125,0.1240234375,4,nan,nan
윻,U+C73B,0,0,0,0,0,0.15277099609375,0.71142578125,0.11737060546875,6,nan,nan
으,U+C73C,0,0,0,0,0,0.06744384765625,0.319580078125,0.05255126953125,2,nan,nan
윽,U+C73D,0,0,0,0,0,0.09063720703125,0.485595703125,0.07940673828125,3,nan,nan
윾,U+C73E,0,0,1,1,0,0.0908203125,0.5205078125,0.091552734375,3,nan,nan
윿,U+C73F,0,0,0,0,0,0.12042236328125,0.6888427734375,0.10809326171875,5,nan,nan
은,U+C740,0,0,0,0,0,0.0986328125,0.63446044921875,0.08380126953125,3,nan,nan
읁,U+C741,0,0,1,1,0,0.1304931640625,0.657958984375,0.10455322265625,3,nan,nan
읂,U+C742,0,0,1,1,0,0.163330078125,0.7117919921875,0.12017822265625,4,nan,nan
읃,U+C743,0,0,1,1,0,0.12310791015625,0.598388671875,0.1058349609375,4,nan,nan
을,U+C744,0,0,0,0,0,0.22515869140625,0.84375,0.2265625,9,nan,nan
읅,U+C745,0,0,0,0,0,0.16229248046875,0.9002685546875,0.15087890625,7,nan,nan
읆,U+C746,0,0,0,0,0,0.1444091796875,0.76068115234375,0.132568359375,6,nan,nan
읇,U+C747,0,0,0,0,0,0.14544677734375,0.77197265625,0.1375732421875,6,nan,nan
읈,U+C748,0,0,0,0,0,0.1519775390625,0.81390380859375,0.1380615234375,7,nan,nan
읉,U+C749,0,0,0,0,0,0.1800537109375,0.8125,0.16522216796875,8,nan,nan
읊,U+C74A,0,0,1,1,0,0.171142578125,0.80108642578125,0.1483154296875,7,nan,nan
읋,U+C74B,0,0,0,0,0,0.188720703125,0.78125,0.15301513671875,7,nan,nan
음,U+C74C,0,0,0,0,0,0.12445068359375,0.645751953125,0.1015625,4,nan,nan
읍,U+C74D,0,0,0,0,0,0.12091064453125,0.598388671875,0.10394287109375,5,nan,nan
읎,U+C74E,0,0,0,0,0,0.1522216796875,0.6781005859375,0.10809326171875,4,nan,nan
읏,U+C74F,0,0,0,0,0,0.095458984375,0.5721435546875,0.0765380859375,3,nan,nan
읐,U+C750,0,0,0,0,0,0.12225341796875,0.645751953125,0.09100341796875,3,nan,nan
응,U+C751,0,0,0,0,0,0.1240234375,0.764404296875,0.09161376953125,3,nan,nan
읒,U+C752,0,0,1,1,0,0.108642578125,0.62762451171875,0.08709716796875,4,nan,nan
읓,U+C753,0,0,0,0,0,0.12652587890625,0.6005859375,0.0960693359375,5,nan,nan
읔,U+C754,0,0,1,1,0,0.10284423828125,0.604248046875,0.09906005859375,5,nan,nan
읕,U+C755,0,0,1,1,0,0.127197265625,0.5775146484375,0.10809326171875,5,nan,nan
읖,U+C756,0,0,0,0,0,0.1641845703125,0.7236328125,0.136474609375,3,nan,nan
읗,U+C757,0,0,0,0,0,0.11639404296875,0.729736328125,0.10491943359375,4,nan,nan
의,U+C758,0,0,0,0,0,0.06817626953125,0.311279296875,0.065673828125,2,nan,nan
읙,U+C759,0,0,0,0,0,0.11083984375,0.5257568359375,0.09710693359375,4,nan,nan
읚,U+C75A,0,0,1,1,0,0.09454345703125,0.45318603515625,0.09613037109375,4,nan,nan
읛,U+C75B,0,0,0,0,0,0.09869384765625,0.599853515625,0.09674072265625,4,nan,nan
읜,U+C75C,0,0,0,0,0,0.1021728515625,0.47467041015625,0.08795166015625,4,nan,nan
읝,U+C75D,0,0,1,1,0,0.11199951171875,0.547119140625,0.1129150390625,4,nan,nan
읞,U+C75E,0,0,1,1,0,0.11181640625,0.60546875,0.11395263671875,7,nan,nan
읟,U+C75F,0,0,1,1,0,0.09930419921875,0.416015625,0.0950927734375,3,nan,nan
읠,U+C760,0,0,0,0,0,0.1363525390625,0.59307861328125,0.13189697265625,6,nan,nan
읡,U+C761,0,0,0,0,0,0.1214599609375,0.6031494140625,0.12628173828125,6,nan,nan
읢,U+C762,0,0,0,0,0,0.15667724609375,0.6484375,0.14892578125,5,nan,nan
읣,U+C763,0,0,0,0,0,0.11883544921875,0.5950927734375,0.1358642578125,5,nan,nan
읤,U+C764,0,0,0,0,0,0.1600341796875,0.7421875,0.13897705078125,6,nan,nan
읥,U+C765,0,0,0,0,0,0.15191650390625,0.640625,0.15155029296875,8,nan,nan
읦,U+C766,0,0,1,1,0,0.148193359375,0.671875,0.1553955078125,6,nan,nan
읧,U+C767,0,0,0,0,0,0.14501953125,0.6796875,0.14752197265625,8,nan,nan
읨,U+C768,0,0,0,0,0,0.1204833984375,0.613037109375,0.1239013671875,4,nan,nan
읩,U+C769,0,0,0,0,0,0.11578369140625,0.524169921875,0.1094970703125,5,nan,nan
읪,U+C76A,0,0,0,0,0,0.12396240234375,0.6591796875,0.1240234375,5,nan,nan
읫,U+C76B,0,0,0,0,0,0.0850830078125,0.45892333984375,0.0821533203125,3,nan,nan
읬,U+C76C,0,0,0,0,0,0.12530517578125,0.5517578125,0.098876953125,6,nan,nan
읭,U+C76D,0,0,0,0,0,0.10809326171875,0.530517578125,0.0863037109375,3,nan,nan
읮,U+C76E,0,0,1,1,0,0.0855712890625,0.494384765625,0.08843994140625,4,nan,nan
읯,U+C76F,0,0,0,0,0,0.1318359375,0.57379150390625,0.12738037109375,4,nan,nan
읰,U+C770,0,0,1,1,0,0.09649658203125,0.514892578125,0.0986328125,5,nan,nan
읱,U+C771,0,0,1,1,0,0.11614990234375,0.460693359375,0.11309814453125,3,nan,nan
읲,U+C772,0,0,0,0,0,0.11956787109375,0.5126953125,0.11273193359375,5,nan,nan
읳,U+C773,0,0,0,0,0,0.1363525390625,0.6015625,0.10430908203125,7,nan,nan
이,U+C774,0,0,0,0,0,0.0570068359375,0.24609375,0.0517578125,2,nan,nan
익,U+C775,0,0,0,0,0,0.0791015625,0.42816162109375,0.07110595703125,3,nan,nan
읶,U+C776,0,0,1,1,0,0.08587646484375,0.3897705078125,0.08160400390625,3,nan,nan
읷,U+C777,0,0,0,0,0,0.099853515625,0.551025390625,0.096435546875,3,nan,nan
인,U+C778,0,0,0,0,0,0.08013916015625,0.3746337890625,0.07373046875,3,nan,nan
읹,U+C779,0,0,1,1,0,0.09210205078125,0.47674560546875,0.09564208984375,5,nan,nan
읺,U+C77A,0,0,1,1,0,0.10809326171875,0.47589111328125,0.11322021484375,3,nan,nan
읻,U+C77B,0,0,1,1,0,0.0787353515625,0.37841796875,0.0789794921875,3,nan,nan
일,U+C77C,0,0,0,0,0,0.11114501953125,0.47265625,0.11968994140625,4,nan,nan
읽,U+C77D,0,0,0,0,0,0.1064453125,0.50537109375,0.11083984375,6,nan,nan
읾,U+C77E,0,0,0,0,0,0.131591796875,0.5625,0.1373291015625,7,nan,nan
읿,U+C77F,0,0,0,0,0,0.1339111328125,0.53125,0.14410400390625,7,nan,nan
잀,U+C780,0,0,0,0,0,0.12628173828125,0.5736083984375,0.12921142578125,5,nan,nan
잁,U+C781,0,0,0,0,0,0.12359619140625,0.4427490234375,0.12078857421875,4,nan,nan
잂,U+C782,0,0,1,1,0,0.118896484375,0.5084228515625,0.134521484375,4,nan,nan
잃,U+C783,0,0,0,0,0,0.12640380859375,0.5185546875,0.13140869140625,8,nan,nan
임,U+C784,0,0,0,0,0,0.1002197265625,0.4542236328125,0.1015625,3,nan,nan
입,U+C785,0,0,0,0,0,0.0982666015625,0.4105224609375,0.0977783203125,5,nan,nan
잆,U+C786,0,0,0,0,0,0.10382080078125,0.46746826171875,0.10272216796875,5,nan,nan
잇,U+C787,0,0,0,0,0,0.07427978515625,0.360107421875,0.069580078125,3,nan,nan
있,U+C788,0,0,0,0,0,0.118896484375,0.47314453125,0.09552001953125,3,nan,nan
잉,U+C789,0,0,0,0,0,0.10955810546875,0.460205078125,0.07464599609375,4,nan,nan
잊,U+C78A,0,0,1,1,0,0.0843505859375,0.42681884765625,0.083740234375,3,nan,nan
잋,U+C78B,0,0,0,0,0,0.08941650390625,0.43359375,0.0911865234375,4,nan,nan
잌,U+C78C,0,0,1,1,0,0.08624267578125,0.35650634765625,0.0693359375,3,nan,nan
잍,U+C78D,0,0,1,1,0,0.1021728515625,0.3858642578125,0.0997314453125,3,nan,nan
잎,U+C78E,0,0,0,0,0,0.08905029296875,0.3673095703125,0.0902099609375,4,nan,nan
잏,U+C78F,0,0,0,0,0,0.09552001953125,0.4609375,0.08416748046875,5,nan,nan
자,U+C790,0,0,0,0,0,0.086181640625,0.726318359375,0.0865478515625,5,nan,nan
작,U+C791,0,0,0,0,0,0.10498046875,0.71875,0.10577392578125,3,nan,nan
잒,U+C792,0,0,1,1,0,0.1226806640625,0.7237548828125,0.12115478515625,4,nan,nan
잓,U+C793,0,0,0,0,0,0.11920166015625,0.6536865234375,0.12188720703125,4,nan,nan
잔,U+C794,0,0,0,0,0,0.08905029296875,0.666015625,0.09625244140625,3,nan,nan
잕,U+C795,0,0,1,1,0,0.09661865234375,0.640380859375,0.1085205078125,6,nan,nan
잖,U+C796,0,0,1,1,0,0.10968017578125,0.6875,0.1181640625,5,nan,nan
잗,U+C797,0,0,1,1,0,0.10064697265625,0.63189697265625,0.10577392578125,4,nan,nan
잘,U+C798,0,0,0,0,0,0.154296875,0.734375,0.1514892578125,2,nan,nan
잙,U+C799,0,0,0,0,0,0.12847900390625,0.6767578125,0.13824462890625,7,nan,nan
잚,U+C79A,0,0,0,0,0,0.119873046875,0.6640625,0.135986328125,5,nan,nan
잛,U+C79B,0,0,0,0,0,0.12908935546875,0.8203125,0.1630859375,11,nan,nan
잜,U+C79C,0,0,0,0,0,0.1343994140625,0.7421875,0.154296875,8,nan,nan
잝,U+C79D,0,0,0,0,0,0.1282958984375,0.6953125,0.1551513671875,9,nan,nan
잞,U+C79E,0,0,1,1,0,0.12615966796875,0.76904296875,0.1505126953125,5,nan,nan
잟,U+C79F,0,0,0,0,0,0.1181640625,0.7578125,0.14068603515625,11,nan,nan
잠,U+C7A0,0,0,0,0,0,0.10247802734375,0.6962890625,0.11083984375,3,nan,nan
잡,U+C7A1,0,0,0,0,0,0.0906982421875,0.60791015625,0.10260009765625,3,nan,nan
잢,U+C7A2,0,0,0,0,0,0.10382080078125,0.68505859375,0.12457275390625,8,nan,nan
잣,U+C7A3,0,0,0,0,0,0.1297607421875,0.73638916015625,0.1126708984375,4,nan,nan
잤,U+C7A4,0,0,0,0,0,0.1473388671875,0.78125,0.13165283203125,3,nan,nan
장,U+C7A5,0,0,0,0,0,0.1129150390625,0.713134765625,0.08819580078125,4,nan,nan
잦,U+C7A6,0,0,1,1,0,0.12298583984375,0.6998291015625,0.1263427734375,2,nan,nan
잧,U+C7A7,0,0,0,0,0,0.12188720703125,0.7109375,0.12347412109375,10,nan,nan
잨,U+C7A8,0,0,1,1,0,0.11248779296875,0.648193359375,0.107421875,5,nan,nan
잩,U+C7A9,0,0,1,1,0,0.11944580078125,0.64251708984375,0.1142578125,5,nan,nan
잪,U+C7AA,0,0,0,0,0,0.12872314453125,0.6953125,0.13916015625,2,nan,nan
잫,U+C7AB,0,0,0,0,0,0.11346435546875,0.692138671875,0.1077880859375,4,nan,nan
재,U+C7AC,0,0,0,0,0,0.1116943359375,0.5458984375,0.10479736328125,2,nan,nan
잭,U+C7AD,0,0,0,0,0,0.114990234375,0.620361328125,0.12530517578125,5,nan,nan
잮,U+C7AE,0,0,1,1,0,0.147705078125,0.7734375,0.14990234375,4,nan,nan
잯,U+C7AF,0,0,0,0,0,0.1455078125,0.6646728515625,0.1417236328125,5,nan,nan
잰,U+C7B0,0,0,0,0,0,0.13275146484375,0.71875,0.13238525390625,4,nan,nan
잱,U+C7B1,0,0,1,1,0,0.15899658203125,0.765625,0.16705322265625,11,nan,nan
잲,U+C7B2,0,0,1,1,0,0.15533447265625,0.7109375,0.16632080078125,8,nan,nan
잳,U+C7B3,0,0,1,1,0,0.13958740234375,0.613037109375,0.1446533203125,4,nan,nan
잴,U+C7B4,0,0,0,0,0,0.14569091796875,0.6484375,0.1546630859375,5,nan,nan
잵,U+C7B5,0,0,0,0,0,0.15191650390625,0.8203125,0.1669921875,9,nan,nan
잶,U+C7B6,0,0,0,0,0,0.16070556640625,0.65625,0.17315673828125,7,nan,nan
잷,U+C7B7,0,0,0,0,0,0.1497802734375,0.8203125,0.1680908203125,7,nan,nan
잸,U+C7B8,0,0,0,0,0,0.15301513671875,0.703125,0.1546630859375,6,nan,nan
잹,U+C7B9,0,0,0,0,0,0.134033203125,0.8671875,0.16619873046875,16,nan,nan
잺,U+C7BA,0,0,1,1,0,0.14666748046875,0.8515625,0.1688232421875,8,nan,nan
잻,U+C7BB,0,0,0,0,0,0.150634765625,0.8359375,0.16400146484375,10,nan,nan
잼,U+C7BC,0,0,0,0,0,0.13116455078125,0.6256103515625,0.13494873046875,6,nan,nan
잽,U+C7BD,0,0,0,0,0,0.13275146484375,0.62310791015625,0.1397705078125,9,nan,nan
잾,U+C7BE,0,0,0,0,0,0.150146484375,0.7967529296875,0.15631103515625,11,nan,nan
잿,U+C7BF,0,0,0,0,0,0.1322021484375,0.6356201171875,0.12701416015625,8,nan,nan
쟀,U+C7C0,0,0,0,0,0,0.14788818359375,0.7109375,0.1470947265625,4,nan,nan
쟁,U+C7C1,0,0,0,0,0,0.1231689453125,0.58624267578125,0.10601806640625,6,nan,nan
쟂,U+C7C2,0,0,1,1,0,0.13116455078125,0.630615234375,0.1376953125,6,nan,nan
쟃,U+C7C3,0,0,0,0,0,0.131103515625,0.8125,0.140380859375,8,nan,nan
쟄,U+C7C4,0,0,1,1,0,0.126708984375,0.765625,0.13604736328125,13,nan,nan
쟅,U+C7C5,0,0,1,1,0,0.1395263671875,0.671875,0.14898681640625,6,nan,nan
쟆,U+C7C6,0,0,0,0,0,0.1466064453125,0.630615234375,0.155517578125,6,nan,nan
쟇,U+C7C7,0,0,0,0,0,0.11895751953125,0.625,0.12103271484375,6,nan,nan
쟈,U+C7C8,0,0,0,0,0,0.0982666015625,0.5335693359375,0.0911865234375,2,nan,nan
쟉,U+C7C9,0,0,0,0,0,0.10943603515625,0.71875,0.10736083984375,3,nan,nan
쟊,U+C7CA,0,0,1,1,0,0.15069580078125,0.775146484375,0.13311767578125,4,nan,nan
쟋,U+C7CB,0,0,0,0,0,0.1407470703125,0.7767333984375,0.13031005859375,3,nan,nan
쟌,U+C7CC,0,0,0,0,0,0.11163330078125,0.670166015625,0.1077880859375,3,nan,nan
쟍,U+C7CD,0,0,1,1,0,0.14501953125,0.6776123046875,0.13836669921875,4,nan,nan
쟎,U+C7CE,0,0,1,1,0,0.14935302734375,0.701904296875,0.1458740234375,5,nan,nan
쟏,U+C7CF,0,0,1,1,0,0.12811279296875,0.738525390625,0.1246337890625,5,nan,nan
쟐,U+C7D0,0,0,0,0,0,0.1549072265625,0.73828125,0.14501953125,3,nan,nan
쟑,U+C7D1,0,0,0,0,0,0.14727783203125,0.77197265625,0.15997314453125,11,nan,nan
쟒,U+C7D2,0,0,0,0,0,0.15716552734375,0.703125,0.15789794921875,6,nan,nan
쟓,U+C7D3,0,0,0,0,0,0.172119140625,0.7421875,0.17071533203125,5,nan,nan
쟔,U+C7D4,0,0,0,0,0,0.16259765625,0.7734375,0.15008544921875,4,nan,nan
쟕,U+C7D5,0,0,0,0,0,0.15570068359375,0.703125,0.15869140625,6,nan,nan
쟖,U+C7D6,0,0,1,1,0,0.14227294921875,0.6844482421875,0.1473388671875,4,nan,nan
쟗,U+C7D7,0,0,0,0,0,0.1309814453125,0.70953369140625,0.14794921875,6,nan,nan
쟘,U+C7D8,0,0,0,0,0,0.14068603515625,0.7470703125,0.14471435546875,4,nan,nan
쟙,U+C7D9,0,0,0,0,0,0.12908935546875,0.7998046875,0.137451171875,4,nan,nan
쟚,U+C7DA,0,0,0,0,0,0.1517333984375,0.7596435546875,0.160400390625,6,nan,nan
쟛,U+C7DB,0,0,0,0,0,0.1221923828125,0.7921142578125,0.1180419921875,8,nan,nan
쟜,U+C7DC,0,0,0,0,0,0.140869140625,0.734375,0.13427734375,4,nan,nan
쟝,U+C7DD,0,0,0,0,0,0.11834716796875,0.68316650390625,0.11016845703125,4,nan,nan
쟞,U+C7DE,0,0,1,1,0,0.1441650390625,0.78125,0.134033203125,3,nan,nan
쟟,U+C7DF,0,0,0,0,0,0.1307373046875,0.7265625,0.1298828125,5,nan,nan
쟠,U+C7E0,0,0,1,1,0,0.12347412109375,0.6552734375,0.12225341796875,5,nan,nan
쟡,U+C7E1,0,0,1,1,0,0.15509033203125,0.66375732421875,0.1375732421875,3,nan,nan
쟢,U+C7E2,0,0,0,0,0,0.16259765625,0.7421875,0.1524658203125,4,nan,nan
쟣,U+C7E3,0,0,0,0,0,0.1148681640625,0.7265625,0.11578369140625,6,nan,nan
쟤,U+C7E4,0,0,0,0,0,0.1124267578125,0.5263671875,0.10870361328125,2,nan,nan
쟥,U+C7E5,0,0,0,0,0,0.12664794921875,0.6640625,0.13372802734375,5,nan,nan
쟦,U+C7E6,0,0,1,1,0,0.14599609375,0.651123046875,0.1402587890625,7,nan,nan
쟧,U+C7E7,0,0,0,0,0,0.160400390625,0.8074951171875,0.1605224609375,8,nan,nan
쟨,U+C7E8,0,0,0,0,0,0.14715576171875,0.7109375,0.14288330078125,4,nan,nan
쟩,U+C7E9,0,0,1,1,0,0.16815185546875,0.7578125,0.16796875,9,nan,nan
쟪,U+C7EA,0,0,1,1,0,0.1619873046875,0.7109375,0.17010498046875,9,nan,nan
쟫,U+C7EB,0,0,1,1,0,0.14495849609375,0.703125,0.15814208984375,9,nan,nan
쟬,U+C7EC,0,0,0,0,0,0.16107177734375,0.65625,0.17742919921875,6,nan,nan
쟭,U+C7ED,0,0,0,0,0,0.1832275390625,0.8173828125,0.18798828125,10,nan,nan
쟮,U+C7EE,0,0,0,0,0,0.1722412109375,0.75823974609375,0.18115234375,8,nan,nan
쟯,U+C7EF,0,0,0,0,0,0.172119140625,0.83056640625,0.19171142578125,4,nan,nan
쟰,U+C7F0,0,0,0,0,0,0.162353515625,0.809814453125,0.16400146484375,8,nan,nan
쟱,U+C7F1,0,0,0,0,0,0.18701171875,0.83056640625,0.19610595703125,10,nan,nan
쟲,U+C7F2,0,0,1,1,0,0.1724853515625,0.7305908203125,0.1810302734375,6,nan,nan
쟳,U+C7F3,0,0,0,0,0,0.17559814453125,0.796875,0.18994140625,8,nan,nan
쟴,U+C7F4,0,0,0,0,0,0.1573486328125,0.7890625,0.15887451171875,7,nan,nan
쟵,U+C7F5,0,0,0,0,0,0.14715576171875,0.784423828125,0.1531982421875,9,nan,nan
쟶,U+C7F6,0,0,0,0,0,0.17303466796875,0.8515625,0.17291259765625,4,nan,nan
쟷,U+C7F7,0,0,0,0,0,0.14813232421875,0.68212890625,0.13653564453125,5,nan,nan
쟸,U+C7F8,0,0,0,0,0,0.1591796875,0.7265625,0.160888671875,8,nan,nan
쟹,U+C7F9,0,0,0,0,0,0.13958740234375,0.61737060546875,0.1131591796875,3,nan,nan
쟺,U+C7FA,0,0,1,1,0,0.15069580078125,0.7818603515625,0.1544189453125,8,nan,nan
쟻,U+C7FB,0,0,0,0,0,0.16033935546875,0.7906494140625,0.16156005859375,8,nan,nan
쟼,U+C7FC,0,0,1,1,0,0.1522216796875,0.7781982421875,0.15924072265625,12,nan,nan
쟽,U+C7FD,0,0,1,1,0,0.1702880859375,0.6844482421875,0.16314697265625,6,nan,nan
쟾,U+C7FE,0,0,0,0,0,0.17559814453125,0.875,0.1905517578125,9,nan,nan
쟿,U+C7FF,0,0,0,0,0,0.15118408203125,0.7890625,0.1339111328125,8,nan,nan
저,U+C800,0,0,0,0,0,0.09698486328125,0.59033203125,0.09393310546875,3,nan,nan
적,U+C801,0,0,0,0,0,0.1175537109375,0.59375,0.1064453125,4,nan,nan
젂,U+C802,0,0,1,1,0,0.13818359375,0.6171875,0.1258544921875,5,nan,nan
젃,U+C803,0,0,0,0,0,0.14642333984375,0.71875,0.1290283203125,3,nan,nan
전,U+C804,0,0,0,0,0,0.12139892578125,0.59033203125,0.11053466796875,4,nan,nan
젅,U+C805,0,0,1,1,0,0.13665771484375,0.670166015625,0.129150390625,6,nan,nan
젆,U+C806,0,0,1,1,0,0.15155029296875,0.6536865234375,0.14556884765625,11,nan,nan
젇,U+C807,0,0,1,1,0,0.120361328125,0.69384765625,0.1190185546875,5,nan,nan
절,U+C808,0,0,0,0,0,0.14495849609375,0.5859375,0.14019775390625,5,nan,nan
젉,U+C809,0,0,0,0,0,0.146728515625,0.840087890625,0.14654541015625,6,nan,nan
젊,U+C80A,0,0,0,0,0,0.16705322265625,0.7265625,0.18438720703125,9,nan,nan
젋,U+C80B,0,0,0,0,0,0.16009521484375,0.8046875,0.15789794921875,5,nan,nan
젌,U+C80C,0,0,0,0,0,0.18560791015625,0.7265625,0.160400390625,4,nan,nan
젍,U+C80D,0,0,0,0,0,0.14923095703125,0.7921142578125,0.160888671875,9,nan,nan
젎,U+C80E,0,0,1,1,0,0.15936279296875,0.796875,0.17205810546875,6,nan,nan
젏,U+C80F,0,0,0,0,0,0.15435791015625,0.8515625,0.16375732421875,9,nan,nan
점,U+C810,0,0,0,0,0,0.13385009765625,0.5584716796875,0.12762451171875,3,nan,nan
접,U+C811,0,0,0,0,0,0.14471435546875,0.579833984375,0.13153076171875,3,nan,nan
젒,U+C812,0,0,0,0,0,0.130859375,0.7421875,0.14202880859375,7,nan,nan
젓,U+C813,0,0,0,0,0,0.1304931640625,0.63323974609375,0.10888671875,4,nan,nan
젔,U+C814,0,0,0,0,0,0.1527099609375,0.671875,0.13006591796875,3,nan,nan
정,U+C815,0,0,0,0,0,0.12664794921875,0.60809326171875,0.09906005859375,4,nan,nan
젖,U+C816,0,0,1,1,0,0.12640380859375,0.6484375,0.12921142578125,7,nan,nan
젗,U+C817,0,0,0,0,0,0.13653564453125,0.6075439453125,0.13067626953125,4,nan,nan
젘,U+C818,0,0,1,1,0,0.150390625,0.609375,0.119384765625,4,nan,nan
젙,U+C819,0,0,1,1,0,0.1531982421875,0.59375,0.1383056640625,5,nan,nan
젚,U+C81A,0,0,0,0,0,0.13470458984375,0.67437744140625,0.137939453125,5,nan,nan
젛,U+C81B,0,0,0,0,0,0.11700439453125,0.578125,0.11260986328125,5,nan,nan
제,U+C81C,0,0,0,0,0,0.12603759765625,0.6561279296875,0.1148681640625,4,nan,nan
젝,U+C81D,0,0,0,0,0,0.128173828125,0.65625,0.132080078125,6,nan,nan
젞,U+C81E,0,0,1,1,0,0.13775634765625,0.7781982421875,0.1368408203125,11,nan,nan
젟,U+C81F,0,0,0,0,0,0.14129638671875,0.715087890625,0.14093017578125,8,nan,nan
젠,U+C820,0,0,0,0,0,0.14471435546875,0.8203125,0.1416015625,6,nan,nan
젡,U+C821,0,0,1,1,0,0.153564453125,0.6697998046875,0.1495361328125,10,nan,nan
젢,U+C822,0,0,1,1,0,0.17138671875,0.7850341796875,0.175048828125,7,nan,nan
젣,U+C823,0,0,1,1,0,0.1514892578125,0.7421875,0.15234375,12,nan,nan
젤,U+C824,0,0,0,0,0,0.1683349609375,0.6640625,0.16094970703125,5,nan,nan
젥,U+C825,0,0,0,0,0,0.16937255859375,0.7763671875,0.1689453125,8,nan,nan
젦,U+C826,0,0,0,0,0,0.16693115234375,0.8046875,0.18511962890625,10,nan,nan
젧,U+C827,0,0,0,0,0,0.1552734375,0.8671875,0.166015625,14,nan,nan
젨,U+C828,0,0,0,0,0,0.16693115234375,0.76904296875,0.17236328125,9,nan,nan
젩,U+C829,0,0,0,0,0,0.15655517578125,0.890625,0.18048095703125,11,nan,nan
젪,U+C82A,0,0,1,1,0,0.1865234375,0.7421875,0.18231201171875,5,nan,nan
젫,U+C82B,0,0,0,0,0,0.17779541015625,0.6884765625,0.16015625,10,nan,nan
젬,U+C82C,0,0,0,0,0,0.1551513671875,0.7520751953125,0.15081787109375,12,nan,nan
젭,U+C82D,0,0,0,0,0,0.15283203125,0.644287109375,0.1552734375,9,nan,nan
젮,U+C82E,0,0,0,0,0,0.1568603515625,0.75189208984375,0.1636962890625,4,nan,nan
젯,U+C82F,0,0,0,0,1,0.159912109375,0.7109375,0.137939453125,4,23.538842366780298,0.9535041315849109
젰,U+C830,0,0,0,0,0,0.17022705078125,0.6953125,0.1497802734375,5,nan,nan
젱,U+C831,0,0,0,0,0,0.154541015625,0.8359375,0.1309814453125,7,nan,nan
젲,U+C832,0,0,1,1,0,0.14532470703125,0.77197265625,0.15069580078125,10,nan,nan
젳,U+C833,0,0,0,0,0,0.16900634765625,0.81390380859375,0.1617431640625,6,nan,nan
젴,U+C834,0,0,1,1,0,0.15081787109375,0.7408447265625,0.15057373046875,7,nan,nan
젵,U+C835,0,0,1,1,0,0.1593017578125,0.71142578125,0.15863037109375,9,nan,nan
젶,U+C836,0,0,0,0,0,0.182861328125,0.64642333984375,0.16278076171875,4,nan,nan
젷,U+C837,0,0,0,0,0,0.151611328125,0.640625,0.1309814453125,7,nan,nan
져,U+C838,0,0,0,0,0,0.0965576171875,0.43603515625,0.09124755859375,2,nan,nan
젹,U+C839,0,0,0,0,0,0.1170654296875,0.542724609375,0.11346435546875,3,nan,nan
젺,U+C83A,0,0,1,1,0,0.140380859375,0.78125,0.14410400390625,11,nan,nan
젻,U+C83B,0,0,0,0,0,0.14898681640625,0.65887451171875,0.13916015625,5,nan,nan
젼,U+C83C,0,0,0,0,0,0.12310791015625,0.75,0.12750244140625,11,nan,nan
젽,U+C83D,0,0,1,1,0,0.1571044921875,0.7109375,0.14801025390625,5,nan,nan
젾,U+C83E,0,0,1,1,0,0.16094970703125,0.7569580078125,0.14208984375,6,nan,nan
젿,U+C83F,0,0,1,1,0,0.11749267578125,0.6756591796875,0.12640380859375,7,nan,nan
졀,U+C840,0,0,0,0,0,0.156982421875,0.7890625,0.150390625,6,nan,nan
졁,U+C841,0,0,0,0,0,0.147216796875,0.78289794921875,0.153564453125,7,nan,nan
졂,U+C842,0,0,0,0,0,0.166015625,0.78125,0.1822509765625,10,nan,nan
졃,U+C843,0,0,0,0,0,0.16021728515625,0.76739501953125,0.167236328125,12,nan,nan
졄,U+C844,0,0,0,0,0,0.15130615234375,0.718994140625,0.16204833984375,11,nan,nan
졅,U+C845,0,0,0,0,0,0.1494140625,0.6998291015625,0.16693115234375,7,nan,nan
졆,U+C846,0,0,1,1,0,0.1588134765625,0.80615234375,0.17462158203125,10,nan,nan
졇,U+C847,0,0,0,0,0,0.14508056640625,0.75,0.17364501953125,10,nan,nan
졈,U+C848,0,0,0,0,0,0.1444091796875,0.753662109375,0.14215087890625,6,nan,nan
졉,U+C849,0,0,0,0,0,0.14947509765625,0.5645751953125,0.14306640625,5,nan,nan
졊,U+C84A,0,0,0,0,0,0.156982421875,0.6666259765625,0.1485595703125,4,nan,nan
졋,U+C84B,0,0,0,0,0,0.1246337890625,0.62310791015625,0.12225341796875,8,nan,nan
졌,U+C84C,0,0,0,0,0,0.14678955078125,0.671875,0.12969970703125,3,nan,nan
졍,U+C84D,0,0,0,0,0,0.151123046875,0.75,0.10858154296875,9,nan,nan
졎,U+C84E,0,0,1,1,0,0.14385986328125,0.6256103515625,0.1329345703125,6,nan,nan
졏,U+C84F,0,0,0,0,0,0.1448974609375,0.6356201171875,0.1427001953125,3,nan,nan
졐,U+C850,0,0,1,1,0,0.12640380859375,0.5908203125,0.13037109375,5,nan,nan
졑,U+C851,0,0,1,1,0,0.11865234375,0.7357177734375,0.1280517578125,10,nan,nan
졒,U+C852,0,0,0,0,0,0.1431884765625,0.7890625,0.14642333984375,8,nan,nan
졓,U+C853,0,0,0,0,0,0.137939453125,0.7286376953125,0.12896728515625,8,nan,nan
졔,U+C854,0,0,0,0,0,0.14373779296875,0.66259765625,0.12347412109375,4,nan,nan
졕,U+C855,0,0,0,0,0,0.1331787109375,0.671875,0.138671875,4,nan,nan
졖,U+C856,0,0,1,1,0,0.14617919921875,0.7906494140625,0.1561279296875,8,nan,nan
졗,U+C857,0,0,0,0,0,0.1588134765625,0.80615234375,0.15576171875,9,nan,nan
졘,U+C858,0,0,0,0,0,0.1507568359375,0.796875,0.1470947265625,8,nan,nan
졙,U+C859,0,0,1,1,0,0.166015625,0.828125,0.17999267578125,13,nan,nan
졚,U+C85A,0,0,1,1,0,0.173828125,0.8359375,0.1810302734375,9,nan,nan
졛,U+C85B,0,0,1,1,0,0.14166259765625,0.8359375,0.15533447265625,8,nan,nan
졜,U+C85C,0,0,0,0,0,0.1630859375,0.6796875,0.1724853515625,7,nan,nan
졝,U+C85D,0,0,0,0,0,0.160400390625,0.8392333984375,0.193359375,7,nan,nan
졞,U+C85E,0,0,0,0,0,0.14569091796875,0.84490966796875,0.15643310546875,13,nan,nan
졟,U+C85F,0,0,0,0,0,0.135009765625,0.8203125,0.16802978515625,14,nan,nan
졠,U+C860,0,0,0,0,0,0.1895751953125,0.71875,0.1802978515625,5,nan,nan
졡,U+C861,0,0,0,0,0,0.1131591796875,0.81390380859375,0.14520263671875,22,nan,nan
졢,U+C862,0,0,1,1,0,0.15692138671875,0.734375,0.18359375,14,nan,nan
졣,U+C863,0,0,0,0,0,0.15191650390625,0.8228759765625,0.1695556640625,12,nan,nan
졤,U+C864,0,0,0,0,0,0.134765625,0.67138671875,0.1617431640625,7,nan,nan
졥,U+C865,0,0,0,0,0,0.14178466796875,0.7357177734375,0.16094970703125,11,nan,nan
졦,U+C866,0,0,0,0,0,0.15008544921875,0.72125244140625,0.16925048828125,11,nan,nan
졧,U+C867,0,0,0,0,0,0.15057373046875,0.71875,0.14471435546875,7,nan,nan
졨,U+C868,0,0,0,0,0,0.17034912109375,0.7152099609375,0.1597900390625,3,nan,nan
졩,U+C869,0,0,0,0,0,0.15069580078125,0.72088623046875,0.12554931640625,7,nan,nan
졪,U+C86A,0,0,1,1,0,0.1431884765625,0.703125,0.1455078125,10,nan,nan
졫,U+C86B,0,0,0,0,0,0.15399169921875,0.703125,0.15765380859375,7,nan,nan
졬,U+C86C,0,0,1,1,0,0.15106201171875,0.784423828125,0.15057373046875,10,nan,nan
졭,U+C86D,0,0,1,1,0,0.14166259765625,0.7578125,0.15899658203125,13,nan,nan
졮,U+C86E,0,0,0,0,0,0.1607666015625,0.703125,0.1624755859375,9,nan,nan
졯,U+C86F,0,0,0,0,0,0.142333984375,0.6484375,0.13104248046875,7,nan,nan
조,U+C870,0,0,0,0,0,0.09356689453125,0.4852294921875,0.086669921875,2,nan,nan
족,U+C871,0,0,0,0,0,0.1229248046875,0.59661865234375,0.11279296875,3,nan,nan
졲,U+C872,0,0,1,1,0,0.099609375,0.57879638671875,0.107421875,4,nan,nan
졳,U+C873,0,0,0,0,0,0.11981201171875,0.6627197265625,0.13336181640625,5,nan,nan
존,U+C874,0,0,0,0,0,0.10589599609375,0.6229248046875,0.10699462890625,3,nan,nan
졵,U+C875,0,0,1,1,0,0.13623046875,0.69580078125,0.139892578125,3,nan,nan
졶,U+C876,0,0,1,1,0,0.14996337890625,0.7568359375,0.15887451171875,7,nan,nan
졷,U+C877,0,0,1,1,0,0.1258544921875,0.692138671875,0.12615966796875,3,nan,nan
졸,U+C878,0,0,0,0,0,0.14886474609375,0.6478271484375,0.152099609375,6,nan,nan
졹,U+C879,0,0,0,0,0,0.146240234375,0.703125,0.1485595703125,5,nan,nan
졺,U+C87A,0,0,0,0,0,0.16326904296875,0.861328125,0.17218017578125,14,nan,nan
졻,U+C87B,0,0,0,0,0,0.158935546875,0.7286376953125,0.17547607421875,5,nan,nan
졼,U+C87C,0,0,0,0,0,0.15423583984375,0.762939453125,0.156494140625,4,nan,nan
졽,U+C87D,0,0,0,0,0,0.16009521484375,0.75,0.17431640625,3,nan,nan
졾,U+C87E,0,0,1,1,0,0.1693115234375,0.784423828125,0.18035888671875,4,nan,nan
졿,U+C87F,0,0,0,0,0,0.20599365234375,0.8125,0.1785888671875,4,nan,nan
좀,U+C880,0,0,0,0,0,0.13751220703125,0.690673828125,0.14202880859375,3,nan,nan
좁,U+C881,0,0,0,0,0,0.123779296875,0.62310791015625,0.12945556640625,3,nan,nan
좂,U+C882,0,0,0,0,0,0.14617919921875,0.68682861328125,0.1417236328125,5,nan,nan
좃,U+C883,0,0,0,0,0,0.1011962890625,0.60791015625,0.10028076171875,3,nan,nan
좄,U+C884,0,0,0,0,0,0.13018798828125,0.68115234375,0.12286376953125,4,nan,nan
종,U+C885,0,0,0,0,0,0.1005859375,0.5977783203125,0.09649658203125,3,nan,nan
좆,U+C886,0,0,1,1,0,0.119384765625,0.6156005859375,0.1229248046875,3,nan,nan
좇,U+C887,0,0,0,0,0,0.1307373046875,0.670166015625,0.14385986328125,4,nan,nan
좈,U+C888,0,0,1,1,0,0.12030029296875,0.6767578125,0.13470458984375,5,nan,nan
좉,U+C889,0,0,1,1,0,0.1234130859375,0.63720703125,0.1334228515625,3,nan,nan
좊,U+C88A,0,0,0,0,0,0.15740966796875,0.703857421875,0.15179443359375,4,nan,nan
좋,U+C88B,0,0,0,0,0,0.12200927734375,0.6690673828125,0.131591796875,8,nan,nan
좌,U+C88C,0,0,0,0,0,0.1185302734375,0.56396484375,0.1126708984375,3,nan,nan
좍,U+C88D,0,0,0,0,0,0.13232421875,0.84375,0.13775634765625,4,nan,nan
좎,U+C88E,0,0,1,1,0,0.1448974609375,0.75439453125,0.1435546875,5,nan,nan
좏,U+C88F,0,0,0,0,0,0.16766357421875,0.84765625,0.15850830078125,4,nan,nan
좐,U+C890,0,0,0,0,0,0.13470458984375,0.789306640625,0.1329345703125,4,nan,nan
좑,U+C891,0,0,1,1,0,0.151611328125,0.7657470703125,0.1522216796875,5,nan,nan
좒,U+C892,0,0,1,1,0,0.16229248046875,0.789306640625,0.1619873046875,6,nan,nan
좓,U+C893,0,0,1,1,0,0.15826416015625,0.7418212890625,0.14373779296875,3,nan,nan
좔,U+C894,0,0,0,0,0,0.173095703125,0.8203125,0.16888427734375,5,nan,nan
좕,U+C895,0,0,0,0,0,0.17034912109375,0.875,0.1793212890625,4,nan,nan
좖,U+C896,0,0,0,0,0,0.18182373046875,0.765625,0.18194580078125,5,nan,nan
좗,U+C897,0,0,0,0,0,0.1910400390625,0.8828125,0.19464111328125,8,nan,nan
좘,U+C898,0,0,0,0,0,0.17852783203125,0.79840087890625,0.1781005859375,6,nan,nan
좙,U+C899,0,0,0,0,0,0.17413330078125,0.8359375,0.17572021484375,5,nan,nan
좚,U+C89A,0,0,1,1,0,0.1676025390625,0.828125,0.17193603515625,6,nan,nan
좛,U+C89B,0,0,0,0,0,0.1895751953125,0.8203125,0.19183349609375,5,nan,nan
좜,U+C89C,0,0,0,0,0,0.16064453125,0.7998046875,0.15460205078125,5,nan,nan
좝,U+C89D,0,0,0,0,0,0.15106201171875,0.809814453125,0.15228271484375,2,nan,nan
좞,U+C89E,0,0,0,0,0,0.15936279296875,0.8173828125,0.16357421875,7,nan,nan
좟,U+C89F,0,0,0,0,0,0.1580810546875,0.738525390625,0.13232421875,3,nan,nan
좠,U+C8A0,0,0,0,0,0,0.18609619140625,0.8414306640625,0.162841796875,4,nan,nan
좡,U+C8A1,0,0,0,0,0,0.1617431640625,0.8563232421875,0.12908935546875,5,nan,nan
좢,U+C8A2,0,0,1,1,0,0.15234375,0.828125,0.14801025390625,4,nan,nan
좣,U+C8A3,0,0,0,0,0,0.13958740234375,0.72821044921875,0.14190673828125,6,nan,nan
좤,U+C8A4,0,0,1,1,0,0.1431884765625,0.78076171875,0.14410400390625,5,nan,nan
좥,U+C8A5,0,0,1,1,0,0.1611328125,0.7998046875,0.149169921875,4,nan,nan
좦,U+C8A6,0,0,0,0,0,0.18096923828125,0.84375,0.16436767578125,4,nan,nan
좧,U+C8A7,0,0,0,0,0,0.15838623046875,0.8359375,0.1317138671875,5,nan,nan
좨,U+C8A8,0,0,0,0,0,0.12005615234375,0.5450439453125,0.12091064453125,4,nan,nan
좩,U+C8A9,0,0,0,0,0,0.15057373046875,0.75,0.15972900390625,3,nan,nan
좪,U+C8AA,0,0,1,1,0,0.1551513671875,0.73638916015625,0.1634521484375,6,nan,nan
좫,U+C8AB,0,0,0,0,0,0.17547607421875,0.72088623046875,0.175048828125,5,nan,nan
좬,U+C8AC,0,0,0,0,0,0.15081787109375,0.7265625,0.158203125,3,nan,nan
좭,U+C8AD,0,0,1,1,0,0.1815185546875,0.71875,0.1798095703125,8,nan,nan
좮,U+C8AE,0,0,1,1,0,0.1741943359375,0.6640625,0.17254638671875,9,nan,nan
좯,U+C8AF,0,0,1,1,0,0.169921875,0.6640625,0.16314697265625,4,nan,nan
좰,U+C8B0,0,0,0,0,0,0.18353271484375,0.6953125,0.18426513671875,5,nan,nan
좱,U+C8B1,0,0,0,0,0,0.17694091796875,0.6796875,0.18603515625,8,nan,nan
좲,U+C8B2,0,0,0,0,0,0.181884765625,0.68988037109375,0.1881103515625,8,nan,nan
좳,U+C8B3,0,0,0,0,0,0.18145751953125,0.703125,0.192626953125,4,nan,nan
좴,U+C8B4,0,0,0,0,0,0.1900634765625,0.7265625,0.196044921875,5,nan,nan
좵,U+C8B5,0,0,0,0,0,0.16937255859375,0.671875,0.18994140625,6,nan,nan
좶,U+C8B6,0,0,1,1,0,0.1739501953125,0.7109375,0.18109130859375,9,nan,nan
좷,U+C8B7,0,0,0,0,0,0.18206787109375,0.7152099609375,0.188232421875,8,nan,nan
좸,U+C8B8,0,0,0,0,0,0.1627197265625,0.67437744140625,0.17413330078125,5,nan,nan
좹,U+C8B9,0,0,0,0,0,0.14990234375,0.66375732421875,0.1649169921875,8,nan,nan
좺,U+C8BA,0,0,0,0,0,0.16619873046875,0.6953125,0.18304443359375,4,nan,nan
좻,U+C8BB,0,0,0,0,0,0.16290283203125,0.70538330078125,0.156982421875,4,nan,nan
좼,U+C8BC,0,0,0,0,0,0.17413330078125,0.718994140625,0.17034912109375,5,nan,nan
좽,U+C8BD,0,0,0,0,0,0.163330078125,0.7109375,0.12957763671875,4,nan,nan
좾,U+C8BE,0,0,1,1,0,0.15460205078125,0.6976318359375,0.1634521484375,7,nan,nan
좿,U+C8BF,0,0,0,0,0,0.1673583984375,0.692138671875,0.1708984375,5,nan,nan
죀,U+C8C0,0,0,1,1,0,0.15576171875,0.6640625,0.16436767578125,7,nan,nan
죁,U+C8C1,0,0,1,1,0,0.18951416015625,0.640625,0.18060302734375,6,nan,nan
죂,U+C8C2,0,0,0,0,0,0.17327880859375,0.71875,0.17791748046875,6,nan,nan
죃,U+C8C3,0,0,0,0,0,0.1624755859375,0.6640625,0.1575927734375,6,nan,nan
죄,U+C8C4,0,0,0,0,0,0.09344482421875,0.3857421875,0.09173583984375,3,nan,nan
죅,U+C8C5,0,0,0,0,0,0.1295166015625,0.6561279296875,0.1234130859375,4,nan,nan
죆,U+C8C6,0,0,1,1,0,0.141845703125,0.6356201171875,0.13262939453125,4,nan,nan
죇,U+C8C7,0,0,0,0,0,0.16119384765625,0.7265625,0.14556884765625,5,nan,nan
죈,U+C8C8,0,0,0,0,0,0.1243896484375,0.5859375,0.12408447265625,4,nan,nan
죉,U+C8C9,0,0,1,1,0,0.12469482421875,0.64251708984375,0.1409912109375,7,nan,nan
죊,U+C8CA,0,0,1,1,0,0.159423828125,0.6156005859375,0.169677734375,7,nan,nan
죋,U+C8CB,0,0,1,1,0,0.13189697265625,0.53106689453125,0.13702392578125,3,nan,nan
죌,U+C8CC,0,0,0,0,0,0.16375732421875,0.640625,0.1571044921875,4,nan,nan
죍,U+C8CD,0,0,0,0,0,0.16583251953125,0.64849853515625,0.16778564453125,7,nan,nan
죎,U+C8CE,0,0,0,0,0,0.16619873046875,0.6015625,0.17364501953125,7,nan,nan
죏,U+C8CF,0,0,0,0,0,0.157470703125,0.60809326171875,0.17205810546875,9,nan,nan
죐,U+C8D0,0,0,0,0,0,0.16778564453125,0.6875,0.16986083984375,6,nan,nan
죑,U+C8D1,0,0,0,0,0,0.1727294921875,0.65625,0.1650390625,8,nan,nan
죒,U+C8D2,0,0,1,1,0,0.147705078125,0.62548828125,0.14959716796875,7,nan,nan
죓,U+C8D3,0,0,0,0,0,0.18463134765625,0.68212890625,0.1766357421875,6,nan,nan
죔,U+C8D4,0,0,0,0,0,0.16046142578125,0.5882568359375,0.14727783203125,4,nan,nan
죕,U+C8D5,0,0,0,0,0,0.149169921875,0.5584716796875,0.14337158203125,4,nan,nan
죖,U+C8D6,0,0,0,0,0,0.1529541015625,0.66815185546875,0.1505126953125,6,nan,nan
죗,U+C8D7,0,0,0,0,0,0.1400146484375,0.57843017578125,0.12347412109375,4,nan,nan
죘,U+C8D8,0,0,0,0,0,0.16241455078125,0.701904296875,0.14776611328125,5,nan,nan
죙,U+C8D9,0,0,0,0,0,0.116455078125,0.52685546875,0.1119384765625,3,nan,nan
죚,U+C8DA,0,0,1,1,0,0.13690185546875,0.5810546875,0.129150390625,4,nan,nan
죛,U+C8DB,0,0,0,0,0,0.15057373046875,0.6201171875,0.14654541015625,3,nan,nan
죜,U+C8DC,0,0,1,1,0,0.1583251953125,0.5859375,0.1424560546875,4,nan,nan
죝,U+C8DD,0,0,1,1,0,0.173583984375,0.545166015625,0.1463623046875,4,nan,nan
죞,U+C8DE,0,0,0,0,0,0.191650390625,0.671875,0.1712646484375,5,nan,nan
죟,U+C8DF,0,0,0,0,0,0.142333984375,0.579833984375,0.12884521484375,4,nan,nan
죠,U+C8E0,0,0,0,0,0,0.12841796875,0.645751953125,0.113037109375,4,nan,nan
죡,U+C8E1,0,0,0,0,0,0.1195068359375,0.62548828125,0.1156005859375,6,nan,nan
죢,U+C8E2,0,0,1,1,0,0.11553955078125,0.59326171875,0.12188720703125,3,nan,nan
죣,U+C8E3,0,0,0,0,0,0.1536865234375,0.7568359375,0.1473388671875,3,nan,nan
죤,U+C8E4,0,0,0,0,0,0.1082763671875,0.62255859375,0.11383056640625,3,nan,nan
죥,U+C8E5,0,0,1,1,0,0.15594482421875,0.73114013671875,0.14508056640625,6,nan,nan
죦,U+C8E6,0,0,1,1,0,0.1781005859375,0.84490966796875,0.157470703125,4,nan,nan
죧,U+C8E7,0,0,1,1,0,0.1483154296875,0.533447265625,0.1319580078125,2,nan,nan
죨,U+C8E8,0,0,0,0,0,0.16827392578125,0.75189208984375,0.169677734375,3,nan,nan
죩,U+C8E9,0,0,0,0,0,0.1734619140625,0.7906494140625,0.17431640625,4,nan,nan
죪,U+C8EA,0,0,0,0,0,0.16229248046875,0.6328125,0.1708984375,5,nan,nan
죫,U+C8EB,0,0,0,0,0,0.16192626953125,0.749267578125,0.18316650390625,4,nan,nan
죬,U+C8EC,0,0,0,0,0,0.17608642578125,0.77056884765625,0.1746826171875,4,nan,nan
죭,U+C8ED,0,0,0,0,0,0.18817138671875,0.7767333984375,0.18658447265625,4,nan,nan
죮,U+C8EE,0,0,1,1,0,0.19769287109375,0.81634521484375,0.1951904296875,4,nan,nan
죯,U+C8EF,0,0,0,0,0,0.199951171875,0.8697509765625,0.18701171875,7,nan,nan
죰,U+C8F0,0,0,0,0,0,0.14434814453125,0.6756591796875,0.14459228515625,4,nan,nan
죱,U+C8F1,0,0,0,0,0,0.13909912109375,0.60284423828125,0.13507080078125,3,nan,nan
죲,U+C8F2,0,0,0,0,0,0.14837646484375,0.6697998046875,0.14501953125,4,nan,nan
죳,U+C8F3,0,0,0,0,0,0.14849853515625,0.70538330078125,0.11962890625,3,nan,nan
죴,U+C8F4,0,0,0,0,0,0.16864013671875,0.7476806640625,0.14398193359375,2,nan,nan
죵,U+C8F5,0,0,0,0,0,0.06982421875,0.4833984375,0.08209228515625,4,nan,nan
죶,U+C8F6,0,0,1,1,0,0.1636962890625,0.70538330078125,0.13946533203125,3,nan,nan
죷,U+C8F7,0,0,0,0,0,0.10955810546875,0.595703125,0.12408447265625,3,nan,nan
죸,U+C8F8,0,0,1,1,0,0.16571044921875,0.6953125,0.15533447265625,4,nan,nan
죹,U+C8F9,0,0,1,1,0,0.15435791015625,0.59307861328125,0.1383056640625,2,nan,nan
죺,U+C8FA,0,0,0,0,0,0.18609619140625,0.784423828125,0.17022705078125,2,nan,nan
죻,U+C8FB,0,0,0,0,0,0.101318359375,0.6055908203125,0.11212158203125,3,nan,nan
주,U+C8FC,0,0,0,0,0,0.08447265625,0.45806884765625,0.0718994140625,2,nan,nan
죽,U+C8FD,0,0,0,0,0,0.10693359375,0.5263671875,0.09967041015625,2,nan,nan
죾,U+C8FE,0,0,1,1,0,0.09197998046875,0.47607421875,0.09393310546875,3,nan,nan
죿,U+C8FF,0,0,0,0,0,0.1312255859375,0.6192626953125,0.1201171875,4,nan,nan
준,U+C900,0,0,0,0,0,0.1026611328125,0.48779296875,0.096435546875,3,nan,nan
줁,U+C901,0,0,1,1,0,0.1373291015625,0.6378173828125,0.1248779296875,3,nan,nan
줂,U+C902,0,0,1,1,0,0.1390380859375,0.67840576171875,0.140380859375,4,nan,nan
줃,U+C903,0,0,1,1,0,0.11639404296875,0.5855712890625,0.11444091796875,2,nan,nan
줄,U+C904,0,0,0,0,0,0.1474609375,0.6351318359375,0.1419677734375,3,nan,nan
줅,U+C905,0,0,0,0,0,0.14556884765625,0.6180419921875,0.146728515625,4,nan,nan
줆,U+C906,0,0,0,0,0,0.14630126953125,0.613037109375,0.148193359375,3,nan,nan
줇,U+C907,0,0,0,0,0,0.14447021484375,0.71142578125,0.16644287109375,3,nan,nan
줈,U+C908,0,0,0,0,0,0.149169921875,0.7073974609375,0.156005859375,4,nan,nan
줉,U+C909,0,0,0,0,0,0.147705078125,0.6962890625,0.16363525390625,5,nan,nan
줊,U+C90A,0,0,1,1,0,0.14678955078125,0.70953369140625,0.1624755859375,5,nan,nan
줋,U+C90B,0,0,0,0,0,0.16937255859375,0.708984375,0.1702880859375,3,nan,nan
줌,U+C90C,0,0,0,0,0,0.11181640625,0.5189208984375,0.10540771484375,3,nan,nan
줍,U+C90D,0,0,0,0,0,0.12506103515625,0.57379150390625,0.1182861328125,4,nan,nan
줎,U+C90E,0,0,0,0,0,0.12603759765625,0.63873291015625,0.1378173828125,4,nan,nan
줏,U+C90F,0,0,0,0,0,0.12420654296875,0.64453125,0.10992431640625,2,nan,nan
줐,U+C910,0,0,0,0,0,0.139404296875,0.6553955078125,0.1339111328125,5,nan,nan
중,U+C911,0,0,0,0,0,0.096435546875,0.54486083984375,0.09149169921875,3,nan,nan
줒,U+C912,0,0,1,1,0,0.10888671875,0.5877685546875,0.10546875,2,nan,nan
줓,U+C913,0,0,0,0,0,0.10101318359375,0.51239013671875,0.09857177734375,3,nan,nan
줔,U+C914,0,0,1,1,0,0.11529541015625,0.6123046875,0.12530517578125,2,nan,nan
줕,U+C915,0,0,1,1,0,0.12042236328125,0.49560546875,0.1214599609375,3,nan,nan
줖,U+C916,0,0,0,0,0,0.1591796875,0.7237548828125,0.15728759765625,3,nan,nan
줗,U+C917,0,0,0,0,0,0.11767578125,0.5546875,0.10491943359375,3,nan,nan
줘,U+C918,0,0,0,0,0,0.11846923828125,0.4443359375,0.10223388671875,3,nan,nan
줙,U+C919,0,0,0,0,0,0.11431884765625,0.5855712890625,0.12176513671875,5,nan,nan
줚,U+C91A,0,0,1,1,0,0.13592529296875,0.5914306640625,0.14080810546875,5,nan,nan
줛,U+C91B,0,0,0,0,0,0.1474609375,0.67547607421875,0.1505126953125,7,nan,nan
줜,U+C91C,0,0,0,0,0,0.12322998046875,0.54473876953125,0.1214599609375,3,nan,nan
줝,U+C91D,0,0,1,1,0,0.16754150390625,0.703125,0.1639404296875,5,nan,nan
줞,U+C91E,0,0,1,1,0,0.1651611328125,0.615234375,0.1668701171875,4,nan,nan
줟,U+C91F,0,0,1,1,0,0.138671875,0.5673828125,0.13299560546875,4,nan,nan
줠,U+C920,0,0,0,0,0,0.140625,0.6383056640625,0.15362548828125,7,nan,nan
줡,U+C921,0,0,0,0,0,0.171630859375,0.6536865234375,0.16278076171875,4,nan,nan
줢,U+C922,0,0,0,0,0,0.1663818359375,0.64599609375,0.17620849609375,7,nan,nan
줣,U+C923,0,0,0,0,0,0.18658447265625,0.67138671875,0.18353271484375,5,nan,nan
줤,U+C924,0,0,0,0,0,0.1583251953125,0.6866455078125,0.165283203125,7,nan,nan
줥,U+C925,0,0,0,0,0,0.17572021484375,0.701904296875,0.17425537109375,3,nan,nan
줦,U+C926,0,0,1,1,0,0.18927001953125,0.6962890625,0.18438720703125,3,nan,nan
줧,U+C927,0,0,0,0,0,0.17333984375,0.6796875,0.17071533203125,8,nan,nan
줨,U+C928,0,0,0,0,0,0.14141845703125,0.58258056640625,0.13983154296875,3,nan,nan
줩,U+C929,0,0,0,0,0,0.14044189453125,0.5755615234375,0.142578125,3,nan,nan
줪,U+C92A,0,0,0,0,0,0.15509033203125,0.6591796875,0.15386962890625,4,nan,nan
줫,U+C92B,0,0,0,0,0,0.14251708984375,0.6005859375,0.12933349609375,3,nan,nan
줬,U+C92C,0,0,0,0,0,0.1595458984375,0.7265625,0.15545654296875,8,nan,nan
줭,U+C92D,0,0,0,0,0,0.10174560546875,0.5126953125,0.10638427734375,4,nan,nan
줮,U+C92E,0,0,1,1,0,0.13671875,0.6005859375,0.13702392578125,5,nan,nan
줯,U+C92F,0,0,0,0,0,0.15020751953125,0.58343505859375,0.154296875,3,nan,nan
줰,U+C930,0,0,1,1,0,0.13397216796875,0.610595703125,0.1378173828125,5,nan,nan
줱,U+C931,0,0,1,1,0,0.1461181640625,0.628173828125,0.15093994140625,5,nan,nan
줲,U+C932,0,0,0,0,0,0.15142822265625,0.666015625,0.15472412109375,3,nan,nan
줳,U+C933,0,0,0,0,0,0.153076171875,0.63812255859375,0.1378173828125,5,nan,nan
줴,U+C934,0,0,0,0,0,0.155029296875,0.52764892578125,0.134765625,3,nan,nan
줵,U+C935,0,0,0,0,0,0.1527099609375,0.78125,0.15325927734375,6,nan,nan
줶,U+C936,0,0,1,1,0,0.176025390625,0.7967529296875,0.1719970703125,7,nan,nan
줷,U+C937,0,0,0,0,0,0.16693115234375,0.70953369140625,0.1636962890625,10,nan,nan
줸,U+C938,0,0,0,0,0,0.1632080078125,0.6878662109375,0.1553955078125,5,nan,nan
줹,U+C939,0,0,1,1,0,0.193359375,0.7421875,0.202880859375,3,nan,nan
줺,U+C93A,0,0,1,1,0,0.17901611328125,0.7109375,0.18145751953125,12,nan,nan
줻,U+C93B,0,0,1,1,0,0.172119140625,0.6962890625,0.17449951171875,6,nan,nan
줼,U+C93C,0,0,0,0,0,0.1898193359375,0.765625,0.18560791015625,7,nan,nan
줽,U+C93D,0,0,0,0,0,0.17706298828125,0.744140625,0.19329833984375,8,nan,nan
줾,U+C93E,0,0,0,0,0,0.18017578125,0.6998291015625,0.18890380859375,8,nan,nan
줿,U+C93F,0,0,0,0,0,0.19879150390625,0.71875,0.20135498046875,7,nan,nan
쥀,U+C940,0,0,0,0,0,0.20501708984375,0.749267578125,0.1966552734375,9,nan,nan
쥁,U+C941,0,0,0,0,0,0.183837890625,0.7578125,0.19647216796875,12,nan,nan
쥂,U+C942,0,0,1,1,0,0.19195556640625,0.71875,0.20135498046875,6,nan,nan
쥃,U+C943,0,0,0,0,0,0.19207763671875,0.828125,0.196044921875,7,nan,nan
쥄,U+C944,0,0,0,0,0,0.1591796875,0.71142578125,0.17340087890625,7,nan,nan
쥅,U+C945,0,0,0,0,0,0.14715576171875,0.7073974609375,0.1632080078125,9,nan,nan
쥆,U+C946,0,0,0,0,0,0.17034912109375,0.765625,0.1859130859375,4,nan,nan
쥇,U+C947,0,0,0,0,0,0.1650390625,0.658447265625,0.15289306640625,7,nan,nan
쥈,U+C948,0,0,0,0,0,0.19281005859375,0.77056884765625,0.1785888671875,7,nan,nan
쥉,U+C949,0,0,0,0,0,0.14495849609375,0.64849853515625,0.147216796875,7,nan,nan
쥊,U+C94A,0,0,1,1,0,0.17205810546875,0.7596435546875,0.16912841796875,6,nan,nan
쥋,U+C94B,0,0,0,0,0,0.17095947265625,0.734130859375,0.159912109375,7,nan,nan
쥌,U+C94C,0,0,1,1,0,0.16510009765625,0.68316650390625,0.16168212890625,6,nan,nan
쥍,U+C94D,0,0,1,1,0,0.2008056640625,0.6875,0.17364501953125,6,nan,nan
쥎,U+C94E,0,0,0,0,0,0.17327880859375,0.7421875,0.18719482421875,9,nan,nan
쥏,U+C94F,0,0,0,0,0,0.1741943359375,0.734375,0.1605224609375,6,nan,nan
쥐,U+C950,0,0,0,0,0,0.0931396484375,0.3839111328125,0.09576416015625,4,nan,nan
쥑,U+C951,0,0,0,0,0,0.13238525390625,0.65625,0.13043212890625,3,nan,nan
쥒,U+C952,0,0,1,1,0,0.1334228515625,0.6005859375,0.12530517578125,6,nan,nan
쥓,U+C953,0,0,0,0,0,0.15264892578125,0.7657470703125,0.14556884765625,4,nan,nan
쥔,U+C954,0,0,0,0,0,0.10845947265625,0.56689453125,0.11798095703125,4,nan,nan
쥕,U+C955,0,0,1,1,0,0.1490478515625,0.74462890625,0.1488037109375,5,nan,nan
쥖,U+C956,0,0,1,1,0,0.1429443359375,0.6536865234375,0.1474609375,7,nan,nan
쥗,U+C957,0,0,1,1,0,0.1259765625,0.54205322265625,0.12164306640625,5,nan,nan
쥘,U+C958,0,0,0,0,0,0.15045166015625,0.58831787109375,0.15362548828125,3,nan,nan
쥙,U+C959,0,0,0,0,0,0.17095947265625,0.64849853515625,0.16693115234375,3,nan,nan
쥚,U+C95A,0,0,0,0,0,0.1612548828125,0.6484375,0.16400146484375,7,nan,nan
쥛,U+C95B,0,0,0,0,0,0.16845703125,0.6666259765625,0.17803955078125,5,nan,nan
쥜,U+C95C,0,0,0,0,0,0.16082763671875,0.70953369140625,0.15985107421875,7,nan,nan
쥝,U+C95D,0,0,0,0,0,0.1507568359375,0.67437744140625,0.166259765625,5,nan,nan
쥞,U+C95E,0,0,1,1,0,0.16265869140625,0.6640625,0.17193603515625,7,nan,nan
쥟,U+C95F,0,0,0,0,0,0.155029296875,0.70538330078125,0.1690673828125,9,nan,nan
쥠,U+C960,0,0,0,0,0,0.14971923828125,0.63812255859375,0.14483642578125,4,nan,nan
쥡,U+C961,0,0,0,0,0,0.140380859375,0.5908203125,0.13702392578125,4,nan,nan
쥢,U+C962,0,0,0,0,0,0.13897705078125,0.62774658203125,0.13702392578125,5,nan,nan
쥣,U+C963,0,0,0,0,0,0.1463623046875,0.58624267578125,0.12298583984375,3,nan,nan
쥤,U+C964,0,0,0,0,0,0.15447998046875,0.6942138671875,0.142333984375,3,nan,nan
쥥,U+C965,0,0,0,0,0,0.10845947265625,0.5224609375,0.10443115234375,4,nan,nan
쥦,U+C966,0,0,1,1,0,0.14361572265625,0.615234375,0.139892578125,4,nan,nan
쥧,U+C967,0,0,0,0,0,0.13433837890625,0.61297607421875,0.1346435546875,4,nan,nan
쥨,U+C968,0,0,1,1,0,0.13751220703125,0.6055908203125,0.134765625,6,nan,nan
쥩,U+C969,0,0,1,1,0,0.135986328125,0.6121826171875,0.1383056640625,5,nan,nan
쥪,U+C96A,0,0,0,0,0,0.16937255859375,0.63323974609375,0.1590576171875,7,nan,nan
쥫,U+C96B,0,0,0,0,0,0.15643310546875,0.6075439453125,0.1219482421875,5,nan,nan
쥬,U+C96C,0,0,0,0,0,0.105224609375,0.5106201171875,0.09222412109375,2,nan,nan
쥭,U+C96D,0,0,0,0,0,0.13134765625,0.6591796875,0.12689208984375,3,nan,nan
쥮,U+C96E,0,0,1,1,0,0.11346435546875,0.69488525390625,0.12646484375,4,nan,nan
쥯,U+C96F,0,0,0,0,0,0.1368408203125,0.61297607421875,0.13482666015625,4,nan,nan
쥰,U+C970,0,0,0,0,0,0.11578369140625,0.5263671875,0.11004638671875,3,nan,nan
쥱,U+C971,0,0,1,1,0,0.1461181640625,0.60699462890625,0.14691162109375,4,nan,nan
쥲,U+C972,0,0,1,1,0,0.146484375,0.688720703125,0.14691162109375,5,nan,nan
쥳,U+C973,0,0,1,1,0,0.12548828125,0.630615234375,0.121337890625,3,nan,nan
쥴,U+C974,0,0,0,0,0,0.17279052734375,0.744140625,0.17132568359375,4,nan,nan
쥵,U+C975,0,0,0,0,0,0.16827392578125,0.71142578125,0.16302490234375,5,nan,nan
쥶,U+C976,0,0,0,0,0,0.15240478515625,0.6561279296875,0.15447998046875,5,nan,nan
쥷,U+C977,0,0,0,0,0,0.175048828125,0.7305908203125,0.18212890625,4,nan,nan
쥸,U+C978,0,0,0,0,0,0.159912109375,0.7056884765625,0.166259765625,3,nan,nan
쥹,U+C979,0,0,0,0,0,0.16632080078125,0.7265625,0.17364501953125,4,nan,nan
쥺,U+C97A,0,0,1,1,0,0.15997314453125,0.69818115234375,0.173095703125,6,nan,nan
쥻,U+C97B,0,0,0,0,0,0.1856689453125,0.77056884765625,0.1875,6,nan,nan
쥼,U+C97C,0,0,0,0,0,0.1407470703125,0.7073974609375,0.13580322265625,3,nan,nan
쥽,U+C97D,0,0,0,0,0,0.13507080078125,0.56396484375,0.1278076171875,4,nan,nan
쥾,U+C97E,0,0,0,0,0,0.1483154296875,0.6925048828125,0.1435546875,3,nan,nan
쥿,U+C97F,0,0,0,0,0,0.14306640625,0.677001953125,0.12835693359375,2,nan,nan
즀,U+C980,0,0,0,0,0,0.142822265625,0.6409912109375,0.12823486328125,4,nan,nan
즁,U+C981,0,0,0,0,0,0.10382080078125,0.53021240234375,0.0943603515625,3,nan,nan
즂,U+C982,0,0,1,1,0,0.11798095703125,0.610107421875,0.12359619140625,3,nan,nan
즃,U+C983,0,0,0,0,0,0.11212158203125,0.59271240234375,0.1160888671875,2,nan,nan
즄,U+C984,0,0,1,1,0,0.13055419921875,0.6036376953125,0.1295166015625,3,nan,nan
즅,U+C985,0,0,1,1,0,0.1318359375,0.5733642578125,0.1319580078125,2,nan,nan
즆,U+C986,0,0,0,0,0,0.17181396484375,0.86279296875,0.16162109375,4,nan,nan
즇,U+C987,0,0,0,0,0,0.14459228515625,0.625,0.12298583984375,4,nan,nan
즈,U+C988,0,0,0,0,0,0.08740234375,0.472412109375,0.0765380859375,2,nan,nan
즉,U+C989,0,0,0,0,0,0.10443115234375,0.55218505859375,0.09710693359375,3,nan,nan
즊,U+C98A,0,0,1,1,0,0.1031494140625,0.5789794921875,0.1065673828125,4,nan,nan
즋,U+C98B,0,0,0,0,0,0.12841796875,0.71728515625,0.1234130859375,4,nan,nan
즌,U+C98C,0,0,0,0,0,0.111572265625,0.5987548828125,0.09967041015625,3,nan,nan
즍,U+C98D,0,0,1,1,0,0.13720703125,0.6998291015625,0.13037109375,3,nan,nan
즎,U+C98E,0,0,1,1,0,0.1485595703125,0.69488525390625,0.1429443359375,4,nan,nan
즏,U+C98F,0,0,1,1,0,0.119140625,0.60693359375,0.1201171875,4,nan,nan
즐,U+C990,0,0,0,0,0,0.1644287109375,0.7073974609375,0.16168212890625,4,nan,nan
즑,U+C991,0,0,0,0,0,0.146240234375,0.6925048828125,0.15289306640625,4,nan,nan
즒,U+C992,0,0,0,0,0,0.1605224609375,0.673583984375,0.15380859375,3,nan,nan
즓,U+C993,0,0,0,0,0,0.163330078125,0.72821044921875,0.1756591796875,3,nan,nan
즔,U+C994,0,0,0,0,0,0.16131591796875,0.7177734375,0.15533447265625,3,nan,nan
즕,U+C995,0,0,0,0,0,0.1761474609375,0.71319580078125,0.17596435546875,3,nan,nan
즖,U+C996,0,0,1,1,0,0.179931640625,0.729736328125,0.18719482421875,3,nan,nan
즗,U+C997,0,0,0,0,0,0.18194580078125,0.750732421875,0.182373046875,6,nan,nan
즘,U+C998,0,0,0,0,0,0.12420654296875,0.6904296875,0.1280517578125,3,nan,nan
즙,U+C999,0,0,0,0,0,0.1180419921875,0.654052734375,0.12469482421875,5,nan,nan
즚,U+C99A,0,0,0,0,0,0.13958740234375,0.71905517578125,0.14013671875,4,nan,nan
즛,U+C99B,0,0,0,0,0,0.1177978515625,0.631103515625,0.101806640625,3,nan,nan
즜,U+C99C,0,0,0,0,0,0.1419677734375,0.7236328125,0.12188720703125,4,nan,nan
증,U+C99D,0,0,0,0,0,0.0850830078125,0.5189208984375,0.0804443359375,3,nan,nan
즞,U+C99E,0,0,1,1,0,0.1314697265625,0.589599609375,0.1220703125,3,nan,nan
즟,U+C99F,0,0,0,0,0,0.1138916015625,0.63873291015625,0.11767578125,4,nan,nan
즠,U+C9A0,0,0,1,1,0,0.12506103515625,0.60540771484375,0.1246337890625,4,nan,nan
즡,U+C9A1,0,0,1,1,0,0.12713623046875,0.5474853515625,0.12115478515625,4,nan,nan
즢,U+C9A2,0,0,0,0,0,0.1461181640625,0.66796875,0.14349365234375,3,nan,nan
즣,U+C9A3,0,0,0,0,0,0.110595703125,0.597900390625,0.1103515625,3,nan,nan
즤,U+C9A4,0,0,0,0,0,0.0848388671875,0.3380126953125,0.07818603515625,2,nan,nan
즥,U+C9A5,0,0,0,0,0,0.1234130859375,0.6005859375,0.12139892578125,4,nan,nan
즦,U+C9A6,0,0,1,1,0,0.13690185546875,0.579345703125,0.123291015625,4,nan,nan
즧,U+C9A7,0,0,0,0,0,0.1431884765625,0.6712646484375,0.1317138671875,5,nan,nan
즨,U+C9A8,0,0,0,0,0,0.11712646484375,0.65625,0.12152099609375,5,nan,nan
즩,U+C9A9,0,0,1,1,0,0.13934326171875,0.65313720703125,0.1351318359375,4,nan,nan
즪,U+C9AA,0,0,1,1,0,0.15069580078125,0.59033203125,0.14605712890625,7,nan,nan
즫,U+C9AB,0,0,1,1,0,0.12091064453125,0.559326171875,0.12835693359375,4,nan,nan
즬,U+C9AC,0,0,0,0,0,0.1490478515625,0.59033203125,0.13848876953125,4,nan,nan
즭,U+C9AD,0,0,0,0,0,0.156982421875,0.6103515625,0.14666748046875,8,nan,nan
즮,U+C9AE,0,0,0,0,0,0.1473388671875,0.578125,0.161865234375,6,nan,nan
즯,U+C9AF,0,0,0,0,0,0.1444091796875,0.65625,0.15863037109375,8,nan,nan
즰,U+C9B0,0,0,0,0,0,0.14044189453125,0.688720703125,0.15435791015625,6,nan,nan
즱,U+C9B1,0,0,0,0,0,0.1519775390625,0.64599609375,0.1746826171875,6,nan,nan
즲,U+C9B2,0,0,1,1,0,0.15625,0.625,0.16595458984375,7,nan,nan
즳,U+C9B3,0,0,0,0,0,0.17144775390625,0.828125,0.17333984375,5,nan,nan
즴,U+C9B4,0,0,0,0,0,0.12884521484375,0.5882568359375,0.1368408203125,5,nan,nan
즵,U+C9B5,0,0,0,0,0,0.116943359375,0.597900390625,0.12982177734375,3,nan,nan
즶,U+C9B6,0,0,0,0,0,0.13214111328125,0.63916015625,0.1314697265625,5,nan,nan
즷,U+C9B7,0,0,0,0,0,0.13525390625,0.58056640625,0.1114501953125,4,nan,nan
즸,U+C9B8,0,0,0,0,0,0.14453125,0.67547607421875,0.1395263671875,4,nan,nan
즹,U+C9B9,0,0,0,0,0,0.0977783203125,0.5093994140625,0.09600830078125,4,nan,nan
즺,U+C9BA,0,0,1,1,0,0.1329345703125,0.615234375,0.1190185546875,5,nan,nan
즻,U+C9BB,0,0,0,0,0,0.14691162109375,0.671875,0.14263916015625,6,nan,nan
즼,U+C9BC,0,0,1,1,0,0.1383056640625,0.6121826171875,0.13543701171875,7,nan,nan
즽,U+C9BD,0,0,1,1,0,0.144287109375,0.599853515625,0.13861083984375,6,nan,nan
즾,U+C9BE,0,0,0,0,0,0.161865234375,0.6756591796875,0.15557861328125,6,nan,nan
즿,U+C9BF,0,0,0,0,0,0.14154052734375,0.62786865234375,0.1241455078125,9,nan,nan
지,U+C9C0,0,0,0,0,0,0.10443115234375,0.48065185546875,0.07879638671875,2,nan,nan
직,U+C9C1,0,0,0,0,0,0.12200927734375,0.609375,0.10015869140625,3,nan,nan
짂,U+C9C2,0,0,1,1,0,0.11407470703125,0.609375,0.1051025390625,7,nan,nan
짃,U+C9C3,0,0,0,0,0,0.1414794921875,0.7109375,0.11895751953125,2,nan,nan
진,U+C9C4,0,0,0,0,0,0.10400390625,0.57806396484375,0.10028076171875,3,nan,nan
짅,U+C9C5,0,0,1,1,0,0.12762451171875,0.661376953125,0.1279296875,7,nan,nan
짆,U+C9C6,0,0,1,1,0,0.13531494140625,0.753662109375,0.1358642578125,10,nan,nan
짇,U+C9C7,0,0,1,1,0,0.1197509765625,0.551025390625,0.1141357421875,4,nan,nan
질,U+C9C8,0,0,0,0,0,0.13720703125,0.579833984375,0.12890625,6,nan,nan
짉,U+C9C9,0,0,0,0,0,0.12982177734375,0.8046875,0.15155029296875,10,nan,nan
짊,U+C9CA,0,0,0,0,0,0.12823486328125,0.73114013671875,0.15802001953125,14,nan,nan
짋,U+C9CB,0,0,0,0,0,0.13018798828125,0.779541015625,0.1461181640625,9,nan,nan
짌,U+C9CC,0,0,0,0,0,0.1614990234375,0.7109375,0.156005859375,4,nan,nan
짍,U+C9CD,0,0,0,0,0,0.1298828125,0.8203125,0.15948486328125,16,nan,nan
짎,U+C9CE,0,0,1,1,0,0.13677978515625,0.84375,0.15118408203125,8,nan,nan
짏,U+C9CF,0,0,0,0,0,0.1595458984375,0.8671875,0.17413330078125,11,nan,nan
짐,U+C9D0,0,0,0,0,0,0.13348388671875,0.597900390625,0.1239013671875,3,nan,nan
집,U+C9D1,0,0,0,0,0,0.118896484375,0.53912353515625,0.112060546875,3,nan,nan
짒,U+C9D2,0,0,0,0,0,0.1385498046875,0.7109375,0.136474609375,6,nan,nan
짓,U+C9D3,0,0,0,0,0,0.13531494140625,0.62548828125,0.10284423828125,3,nan,nan
짔,U+C9D4,0,0,0,0,0,0.14117431640625,0.65625,0.119384765625,3,nan,nan
징,U+C9D5,0,0,0,0,0,0.11920166015625,0.57861328125,0.090087890625,3,nan,nan
짖,U+C9D6,0,0,1,1,0,0.12066650390625,0.615234375,0.1156005859375,4,nan,nan
짗,U+C9D7,0,0,0,0,0,0.125244140625,0.6075439453125,0.12176513671875,3,nan,nan
짘,U+C9D8,0,0,1,1,0,0.12091064453125,0.6015625,0.1142578125,5,nan,nan
짙,U+C9D9,0,0,1,1,0,0.13824462890625,0.5465087890625,0.1331787109375,5,nan,nan
짚,U+C9DA,0,0,0,0,0,0.14801025390625,0.62786865234375,0.13348388671875,5,nan,nan
짛,U+C9DB,0,0,0,0,0,0.11920166015625,0.53485107421875,0.1051025390625,6,nan,nan
짜,U+C9DC,0,0,0,0,0,0.11871337890625,0.6138916015625,0.10693359375,2,nan,nan
짝,U+C9DD,0,0,0,0,1,0.13604736328125,0.765625,0.13323974609375,3,23.395090213577003,0.9552515945772422
짞,U+C9DE,0,0,1,1,0,0.164794921875,0.80419921875,0.15399169921875,5,nan,nan
짟,U+C9DF,0,0,0,0,0,0.17926025390625,0.8203125,0.1490478515625,4,nan,nan
짠,U+C9E0,0,0,0,0,0,0.1334228515625,0.76068115234375,0.130859375,4,nan,nan
짡,U+C9E1,0,0,1,1,0,0.15960693359375,0.815185546875,0.15496826171875,8,nan,nan
짢,U+C9E2,0,0,1,1,0,0.158935546875,0.77838134765625,0.16546630859375,7,nan,nan
짣,U+C9E3,0,0,1,1,0,0.1512451171875,0.8074951171875,0.14752197265625,5,nan,nan
짤,U+C9E4,0,0,0,0,0,0.1778564453125,0.828125,0.1734619140625,6,nan,nan
짥,U+C9E5,0,0,0,0,0,0.17919921875,0.84375,0.17547607421875,6,nan,nan
짦,U+C9E6,0,0,0,0,0,0.18695068359375,0.921875,0.196533203125,3,nan,nan
짧,U+C9E7,0,0,0,0,1,0.18975830078125,0.9453125,0.19598388671875,3,21.432849394384295,0.9400311631349745
짨,U+C9E8,0,0,0,0,0,0.17840576171875,0.890625,0.1876220703125,5,nan,nan
짩,U+C9E9,0,0,0,0,0,0.18304443359375,0.875,0.192138671875,3,nan,nan
짪,U+C9EA,0,0,1,1,0,0.1820068359375,0.9375,0.193115234375,9,nan,nan
짫,U+C9EB,0,0,0,0,0,0.1678466796875,0.9375,0.1851806640625,15,nan,nan
짬,U+C9EC,0,0,0,0,0,0.15283203125,0.787109375,0.1536865234375,4,nan,nan
짭,U+C9ED,0,0,0,0,0,0.1419677734375,0.8984375,0.14947509765625,7,nan,nan
짮,U+C9EE,0,0,0,0,0,0.1746826171875,0.953125,0.1768798828125,6,nan,nan
짯,U+C9EF,0,0,0,0,0,0.1646728515625,0.8515625,0.14215087890625,4,nan,nan
짰,U+C9F0,0,0,0,0,0,0.179931640625,0.84490966796875,0.15155029296875,8,nan,nan
짱,U+C9F1,0,0,0,0,0,0.14617919921875,0.837158203125,0.14154052734375,7,nan,nan
짲,U+C9F2,0,0,1,1,0,0.17156982421875,0.80615234375,0.154052734375,6,nan,nan
짳,U+C9F3,0,0,0,0,0,0.1688232421875,0.84375,0.1627197265625,6,nan,nan
짴,U+C9F4,0,0,1,1,0,0.1688232421875,0.80615234375,0.1510009765625,4,nan,nan
짵,U+C9F5,0,0,1,1,0,0.18267822265625,0.8671875,0.16656494140625,4,nan,nan
짶,U+C9F6,0,0,0,0,0,0.1767578125,0.859375,0.1641845703125,5,nan,nan
짷,U+C9F7,0,0,0,0,0,0.1732177734375,0.859375,0.14794921875,4,nan,nan
째,U+C9F8,0,0,0,0,0,0.12310791015625,0.4876708984375,0.11572265625,2,nan,nan
짹,U+C9F9,0,0,0,0,0,0.14398193359375,0.64361572265625,0.1435546875,3,nan,nan
짺,U+C9FA,0,0,1,1,0,0.14569091796875,0.700927734375,0.1591796875,3,nan,nan
짻,U+C9FB,0,0,0,0,0,0.1734619140625,0.720703125,0.159912109375,3,nan,nan
짼,U+C9FC,0,0,0,0,0,0.14141845703125,0.703857421875,0.14361572265625,5,nan,nan
짽,U+C9FD,0,0,1,1,0,0.16534423828125,0.70159912109375,0.1785888671875,5,nan,nan
짾,U+C9FE,0,0,1,1,0,0.15753173828125,0.69427490234375,0.1829833984375,9,nan,nan
짿,U+C9FF,0,0,1,1,0,0.14508056640625,0.63555908203125,0.14935302734375,3,nan,nan
쨀,U+CA00,0,0,0,0,0,0.16571044921875,0.6666259765625,0.1697998046875,3,nan,nan
쨁,U+CA01,0,0,0,0,0,0.16217041015625,0.6796875,0.1744384765625,7,nan,nan
쨂,U+CA02,0,0,0,0,0,0.167724609375,0.65625,0.18035888671875,5,nan,nan
쨃,U+CA03,0,0,0,0,0,0.1864013671875,0.7109375,0.1846923828125,4,nan,nan
쨄,U+CA04,0,0,0,0,0,0.17999267578125,0.68115234375,0.1815185546875,6,nan,nan
쨅,U+CA05,0,0,0,0,0,0.15240478515625,0.7109375,0.169921875,6,nan,nan
쨆,U+CA06,0,0,1,1,0,0.1627197265625,0.6866455078125,0.1842041015625,5,nan,nan
쨇,U+CA07,0,0,0,0,0,0.1763916015625,0.6866455078125,0.18719482421875,5,nan,nan
쨈,U+CA08,0,0,0,0,0,0.1556396484375,0.69000244140625,0.15966796875,5,nan,nan
쨉,U+CA09,0,0,0,0,0,0.1517333984375,0.66815185546875,0.15911865234375,5,nan,nan
쨊,U+CA0A,0,0,0,0,0,0.1458740234375,0.6884765625,0.15631103515625,8,nan,nan
쨋,U+CA0B,0,0,0,0,0,0.14251708984375,0.658447265625,0.14306640625,4,nan,nan
쨌,U+CA0C,0,0,0,0,0,0.16900634765625,0.69268798828125,0.1533203125,2,nan,nan
쨍,U+CA0D,0,0,0,0,0,0.16656494140625,0.6712646484375,0.12469482421875,3,nan,nan
쨎,U+CA0E,0,0,1,1,0,0.14434814453125,0.634521484375,0.14739990234375,5,nan,nan
쨏,U+CA0F,0,0,0,0,0,0.14154052734375,0.6536865234375,0.16217041015625,7,nan,nan
쨐,U+CA10,0,0,1,1,0,0.14251708984375,0.6690673828125,0.14410400390625,4,nan,nan
쨑,U+CA11,0,0,1,1,0,0.16827392578125,0.67901611328125,0.16839599609375,2,nan,nan
쨒,U+CA12,0,0,0,0,0,0.13128662109375,0.59619140625,0.14410400390625,4,nan,nan
쨓,U+CA13,0,0,0,0,0,0.1339111328125,0.6383056640625,0.126220703125,7,nan,nan
쨔,U+CA14,0,0,0,0,0,0.1268310546875,0.48699951171875,0.1036376953125,2,nan,nan
쨕,U+CA15,0,0,0,0,0,0.1412353515625,0.76904296875,0.14666748046875,4,nan,nan
쨖,U+CA16,0,0,1,1,0,0.1575927734375,0.8203125,0.15911865234375,6,nan,nan
쨗,U+CA17,0,0,0,0,0,0.16680908203125,0.8515625,0.15350341796875,6,nan,nan
쨘,U+CA18,0,0,0,0,0,0.1405029296875,0.689697265625,0.1368408203125,4,nan,nan
쨙,U+CA19,0,0,1,1,0,0.17242431640625,0.8671875,0.15826416015625,6,nan,nan
쨚,U+CA1A,0,0,1,1,0,0.16949462890625,0.794677734375,0.16009521484375,5,nan,nan
쨛,U+CA1B,0,0,1,1,0,0.15179443359375,0.77197265625,0.142333984375,3,nan,nan
쨜,U+CA1C,0,0,0,0,0,0.17962646484375,0.8203125,0.1656494140625,5,nan,nan
쨝,U+CA1D,0,0,0,0,0,0.18621826171875,0.8203125,0.1751708984375,5,nan,nan
쨞,U+CA1E,0,0,0,0,0,0.17486572265625,0.859375,0.18170166015625,5,nan,nan
쨟,U+CA1F,0,0,0,0,0,0.1845703125,0.859375,0.196044921875,5,nan,nan
쨠,U+CA20,0,0,0,0,0,0.19989013671875,0.8359375,0.18231201171875,6,nan,nan
쨡,U+CA21,0,0,0,0,0,0.1866455078125,0.875,0.1842041015625,5,nan,nan
쨢,U+CA22,0,0,1,1,0,0.1787109375,0.890625,0.17242431640625,5,nan,nan
쨣,U+CA23,0,0,0,0,0,0.21893310546875,0.859375,0.1947021484375,5,nan,nan
쨤,U+CA24,0,0,0,0,0,0.17156982421875,0.810791015625,0.160888671875,3,nan,nan
쨥,U+CA25,0,0,0,0,0,0.16400146484375,0.823974609375,0.1534423828125,3,nan,nan
쨦,U+CA26,0,0,0,0,0,0.17425537109375,0.8515625,0.171875,6,nan,nan
쨧,U+CA27,0,0,0,0,0,0.15234375,0.828125,0.14068603515625,5,nan,nan
쨨,U+CA28,0,0,0,0,0,0.15130615234375,0.7723388671875,0.14373779296875,4,nan,nan
쨩,U+CA29,0,0,0,0,0,0.15777587890625,0.789306640625,0.131591796875,6,nan,nan
쨪,U+CA2A,0,0,1,1,0,0.1575927734375,0.83160400390625,0.153564453125,7,nan,nan
쨫,U+CA2B,0,0,0,0,0,0.14947509765625,0.86279296875,0.1510009765625,8,nan,nan
쨬,U+CA2C,0,0,1,1,0,0.16668701171875,0.796875,0.15655517578125,10,nan,nan
쨭,U+CA2D,0,0,1,1,0,0.164794921875,0.81634521484375,0.15380859375,3,nan,nan
쨮,U+CA2E,0,0,0,0,0,0.193603515625,0.8515625,0.173095703125,2,nan,nan
쨯,U+CA2F,0,0,0,0,0,0.12896728515625,0.7767333984375,0.13739013671875,4,nan,nan
쨰,U+CA30,0,0,0,0,0,0.12353515625,0.50323486328125,0.125244140625,3,nan,nan
쨱,U+CA31,0,0,0,0,0,0.14544677734375,0.670166015625,0.15008544921875,6,nan,nan
쨲,U+CA32,0,0,1,1,0,0.14410400390625,0.644287109375,0.15106201171875,5,nan,nan
쨳,U+CA33,0,0,0,0,0,0.16534423828125,0.7265625,0.16278076171875,4,nan,nan
쨴,U+CA34,0,0,0,0,0,0.12994384765625,0.65277099609375,0.148193359375,4,nan,nan
쨵,U+CA35,0,0,1,1,0,0.16693115234375,0.744140625,0.1854248046875,6,nan,nan
쨶,U+CA36,0,0,1,1,0,0.18389892578125,0.7073974609375,0.18426513671875,4,nan,nan
쨷,U+CA37,0,0,1,1,0,0.154541015625,0.6712646484375,0.1617431640625,6,nan,nan
쨸,U+CA38,0,0,0,0,0,0.17803955078125,0.708984375,0.17291259765625,4,nan,nan
쨹,U+CA39,0,0,0,0,0,0.18389892578125,0.84375,0.20263671875,8,nan,nan
쨺,U+CA3A,0,0,0,0,0,0.1922607421875,0.734375,0.20062255859375,3,nan,nan
쨻,U+CA3B,0,0,0,0,0,0.18603515625,0.7421875,0.18988037109375,5,nan,nan
쨼,U+CA3C,0,0,0,0,0,0.18182373046875,0.71319580078125,0.1873779296875,6,nan,nan
쨽,U+CA3D,0,0,0,0,0,0.16595458984375,0.722900390625,0.18865966796875,8,nan,nan
쨾,U+CA3E,0,0,1,1,0,0.18804931640625,0.75,0.202880859375,5,nan,nan
쨿,U+CA3F,0,0,0,0,0,0.1793212890625,0.73638916015625,0.2083740234375,6,nan,nan
쩀,U+CA40,0,0,0,0,0,0.1595458984375,0.62841796875,0.16485595703125,4,nan,nan
쩁,U+CA41,0,0,0,0,0,0.1634521484375,0.71044921875,0.162841796875,4,nan,nan
쩂,U+CA42,0,0,0,0,0,0.16241455078125,0.7421875,0.18267822265625,10,nan,nan
쩃,U+CA43,0,0,0,0,0,0.14141845703125,0.6591796875,0.14459228515625,3,nan,nan
쩄,U+CA44,0,0,0,0,0,0.14581298828125,0.665771484375,0.1492919921875,4,nan,nan
쩅,U+CA45,0,0,0,0,0,0.1591796875,0.67840576171875,0.1304931640625,6,nan,nan
쩆,U+CA46,0,0,1,1,0,0.1534423828125,0.68505859375,0.15814208984375,7,nan,nan
쩇,U+CA47,0,0,0,0,0,0.1572265625,0.68682861328125,0.1629638671875,3,nan,nan
쩈,U+CA48,0,0,1,1,0,0.14404296875,0.7171630859375,0.15374755859375,7,nan,nan
쩉,U+CA49,0,0,1,1,0,0.18658447265625,0.6953125,0.1768798828125,3,nan,nan
쩊,U+CA4A,0,0,0,0,0,0.1717529296875,0.70159912109375,0.17059326171875,4,nan,nan
쩋,U+CA4B,0,0,0,0,0,0.1536865234375,0.65887451171875,0.1395263671875,6,nan,nan
쩌,U+CA4C,0,0,0,0,0,0.11572265625,0.406494140625,0.092529296875,2,nan,nan
쩍,U+CA4D,0,0,0,0,0,0.13531494140625,0.57879638671875,0.12481689453125,4,nan,nan
쩎,U+CA4E,0,0,1,1,0,0.14337158203125,0.67919921875,0.1361083984375,4,nan,nan
쩏,U+CA4F,0,0,0,0,0,0.16448974609375,0.71319580078125,0.1485595703125,4,nan,nan
쩐,U+CA50,0,0,0,0,0,0.1314697265625,0.5693359375,0.12353515625,3,nan,nan
쩑,U+CA51,0,0,1,1,0,0.16259765625,0.673828125,0.14776611328125,4,nan,nan
쩒,U+CA52,0,0,1,1,0,0.17791748046875,0.74462890625,0.1773681640625,8,nan,nan
쩓,U+CA53,0,0,1,1,0,0.13629150390625,0.560302734375,0.133544921875,4,nan,nan
쩔,U+CA54,0,0,0,0,0,0.15289306640625,0.569091796875,0.15191650390625,4,nan,nan
쩕,U+CA55,0,0,0,0,0,0.1741943359375,0.8359375,0.165771484375,5,nan,nan
쩖,U+CA56,0,0,0,0,0,0.1885986328125,0.67437744140625,0.18658447265625,2,nan,nan
쩗,U+CA57,0,0,0,0,0,0.185791015625,0.7109375,0.18499755859375,7,nan,nan
쩘,U+CA58,0,0,0,0,0,0.195556640625,0.688720703125,0.17059326171875,5,nan,nan
쩙,U+CA59,0,0,0,0,0,0.17999267578125,0.84375,0.17730712890625,7,nan,nan
쩚,U+CA5A,0,0,1,1,0,0.1812744140625,0.734375,0.17388916015625,7,nan,nan
쩛,U+CA5B,0,0,0,0,0,0.196533203125,0.703125,0.19525146484375,4,nan,nan
쩜,U+CA5C,0,0,0,0,0,0.15020751953125,0.56396484375,0.143798828125,3,nan,nan
쩝,U+CA5D,0,0,0,0,0,0.166015625,0.6351318359375,0.14703369140625,3,nan,nan
쩞,U+CA5E,0,0,0,0,0,0.16595458984375,0.71319580078125,0.1622314453125,4,nan,nan
쩟,U+CA5F,0,0,0,0,0,0.156494140625,0.5628662109375,0.12359619140625,3,nan,nan
쩠,U+CA60,0,0,0,0,0,0.15069580078125,0.61871337890625,0.1318359375,4,nan,nan
쩡,U+CA61,0,0,0,0,0,0.1497802734375,0.630126953125,0.111083984375,6,nan,nan
쩢,U+CA62,0,0,1,1,0,0.14984130859375,0.547119140625,0.129150390625,5,nan,nan
쩣,U+CA63,0,0,0,0,0,0.13519287109375,0.63323974609375,0.1341552734375,5,nan,nan
쩤,U+CA64,0,0,1,1,0,0.166015625,0.7265625,0.143798828125,4,nan,nan
쩥,U+CA65,0,0,1,1,0,0.15283203125,0.610595703125,0.15228271484375,5,nan,nan
쩦,U+CA66,0,0,0,0,0,0.1610107421875,0.626220703125,0.1436767578125,4,nan,nan
쩧,U+CA67,0,0,0,0,0,0.14495849609375,0.6055908203125,0.13616943359375,6,nan,nan
쩨,U+CA68,0,0,0,0,0,0.16302490234375,0.59814453125,0.13165283203125,3,nan,nan
쩩,U+CA69,0,0,0,0,0,0.146484375,0.64013671875,0.14495849609375,6,nan,nan
쩪,U+CA6A,0,0,1,1,0,0.14910888671875,0.673828125,0.15521240234375,7,nan,nan
쩫,U+CA6B,0,0,0,0,0,0.18695068359375,0.7596435546875,0.1697998046875,6,nan,nan
쩬,U+CA6C,0,0,0,0,0,0.14886474609375,0.65185546875,0.1429443359375,5,nan,nan
쩭,U+CA6D,0,0,1,1,0,0.18463134765625,0.78125,0.18328857421875,3,nan,nan
쩮,U+CA6E,0,0,1,1,0,0.1732177734375,0.71319580078125,0.1846923828125,4,nan,nan
쩯,U+CA6F,0,0,1,1,0,0.15185546875,0.66815185546875,0.15869140625,5,nan,nan
쩰,U+CA70,0,0,0,0,0,0.193115234375,0.703125,0.175537109375,4,nan,nan
쩱,U+CA71,0,0,0,0,0,0.2021484375,0.734375,0.19830322265625,7,nan,nan
쩲,U+CA72,0,0,0,0,0,0.1912841796875,0.7265625,0.18182373046875,7,nan,nan
쩳,U+CA73,0,0,0,0,0,0.18695068359375,0.734375,0.19354248046875,6,nan,nan
쩴,U+CA74,0,0,0,0,0,0.1810302734375,0.7109375,0.182373046875,5,nan,nan
쩵,U+CA75,0,0,0,0,0,0.2086181640625,0.75,0.19659423828125,4,nan,nan
쩶,U+CA76,0,0,1,1,0,0.18890380859375,0.7596435546875,0.20098876953125,7,nan,nan
쩷,U+CA77,0,0,0,0,0,0.20465087890625,0.744140625,0.22186279296875,7,nan,nan
쩸,U+CA78,0,0,0,0,0,0.15802001953125,0.70538330078125,0.16729736328125,7,nan,nan
쩹,U+CA79,0,0,0,0,0,0.14569091796875,0.60809326171875,0.15167236328125,5,nan,nan
쩺,U+CA7A,0,0,0,0,0,0.19635009765625,0.765625,0.18695068359375,8,nan,nan
쩻,U+CA7B,0,0,0,0,0,0.1766357421875,0.76739501953125,0.15753173828125,5,nan,nan
쩼,U+CA7C,0,0,0,0,0,0.177490234375,0.6630859375,0.16412353515625,4,nan,nan
쩽,U+CA7D,0,0,0,0,0,0.17205810546875,0.6697998046875,0.13970947265625,5,nan,nan
쩾,U+CA7E,0,0,1,1,0,0.17901611328125,0.7056884765625,0.15972900390625,2,nan,nan
쩿,U+CA7F,0,0,0,0,0,0.15924072265625,0.70751953125,0.15716552734375,4,nan,nan
쪀,U+CA80,0,0,1,1,0,0.15228271484375,0.75,0.1651611328125,9,nan,nan
쪁,U+CA81,0,0,1,1,0,0.19464111328125,0.703125,0.18701171875,6,nan,nan
쪂,U+CA82,0,0,0,0,0,0.16864013671875,0.69268798828125,0.17364501953125,4,nan,nan
쪃,U+CA83,0,0,0,0,0,0.1197509765625,0.579345703125,0.12408447265625,5,nan,nan
쪄,U+CA84,0,0,0,0,0,0.09918212890625,0.37060546875,0.09344482421875,2,nan,nan
쪅,U+CA85,0,0,0,0,0,0.13787841796875,0.62762451171875,0.1280517578125,2,nan,nan
쪆,U+CA86,0,0,1,1,0,0.14337158203125,0.76171875,0.14276123046875,8,nan,nan
쪇,U+CA87,0,0,0,0,0,0.149169921875,0.66094970703125,0.1407470703125,7,nan,nan
쪈,U+CA88,0,0,0,0,0,0.12548828125,0.5775146484375,0.12078857421875,7,nan,nan
쪉,U+CA89,0,0,1,1,0,0.17633056640625,0.77911376953125,0.163818359375,6,nan,nan
쪊,U+CA8A,0,0,1,1,0,0.18243408203125,0.7706298828125,0.171875,7,nan,nan
쪋,U+CA8B,0,0,1,1,0,0.14984130859375,0.60699462890625,0.1470947265625,5,nan,nan
쪌,U+CA8C,0,0,0,0,0,0.16094970703125,0.65625,0.16680908203125,7,nan,nan
쪍,U+CA8D,0,0,0,0,0,0.16326904296875,0.65185546875,0.1654052734375,5,nan,nan
쪎,U+CA8E,0,0,0,0,0,0.17413330078125,0.666015625,0.17474365234375,4,nan,nan
쪏,U+CA8F,0,0,0,0,0,0.17388916015625,0.68212890625,0.1826171875,6,nan,nan
쪐,U+CA90,0,0,0,0,0,0.19000244140625,0.71875,0.1884765625,9,nan,nan
쪑,U+CA91,0,0,0,0,0,0.175537109375,0.8526611328125,0.17681884765625,9,nan,nan
쪒,U+CA92,0,0,1,1,0,0.181884765625,0.8382568359375,0.17999267578125,5,nan,nan
쪓,U+CA93,0,0,0,0,0,0.18267822265625,0.787109375,0.18511962890625,7,nan,nan
쪔,U+CA94,0,0,0,0,0,0.13909912109375,0.58624267578125,0.13189697265625,3,nan,nan
쪕,U+CA95,0,0,0,0,0,0.14520263671875,0.640869140625,0.15399169921875,4,nan,nan
쪖,U+CA96,0,0,0,0,0,0.1744384765625,0.71319580078125,0.16534423828125,7,nan,nan
쪗,U+CA97,0,0,0,0,0,0.1405029296875,0.6243896484375,0.13018798828125,6,nan,nan
쪘,U+CA98,0,0,0,0,0,0.1624755859375,0.64453125,0.14312744140625,4,nan,nan
쪙,U+CA99,0,0,0,0,0,0.1658935546875,0.66650390625,0.12030029296875,5,nan,nan
쪚,U+CA9A,0,0,1,1,0,0.14471435546875,0.6329345703125,0.1412353515625,8,nan,nan
쪛,U+CA9B,0,0,0,0,0,0.15380859375,0.64990234375,0.14495849609375,6,nan,nan
쪜,U+CA9C,0,0,1,1,0,0.1343994140625,0.65887451171875,0.14276123046875,7,nan,nan
쪝,U+CA9D,0,0,1,1,0,0.16632080078125,0.66375732421875,0.1578369140625,8,nan,nan
쪞,U+CA9E,0,0,0,0,0,0.162109375,0.65313720703125,0.1622314453125,6,nan,nan
쪟,U+CA9F,0,0,0,0,0,0.15472412109375,0.68988037109375,0.140625,4,nan,nan
쪠,U+CAA0,0,0,0,0,0,0.14599609375,0.53875732421875,0.141357421875,4,nan,nan
쪡,U+CAA1,0,0,0,0,0,0.14141845703125,0.6280517578125,0.14471435546875,7,nan,nan
쪢,U+CAA2,0,0,1,1,0,0.1431884765625,0.670166015625,0.1673583984375,3,nan,nan
쪣,U+CAA3,0,0,0,0,0,0.1800537109375,0.7734375,0.1685791015625,5,nan,nan
쪤,U+CAA4,0,0,0,0,0,0.14825439453125,0.72088623046875,0.15643310546875,9,nan,nan
쪥,U+CAA5,0,0,1,1,0,0.1839599609375,0.7578125,0.1981201171875,9,nan,nan
쪦,U+CAA6,0,0,1,1,0,0.16656494140625,0.708984375,0.180908203125,12,nan,nan
쪧,U+CAA7,0,0,1,1,0,0.13641357421875,0.703857421875,0.15966796875,13,nan,nan
쪨,U+CAA8,0,0,0,0,0,0.190185546875,0.7305908203125,0.1890869140625,7,nan,nan
쪩,U+CAA9,0,0,0,0,0,0.18756103515625,0.71875,0.19622802734375,6,nan,nan
쪪,U+CAAA,0,0,0,0,0,0.19598388671875,0.859375,0.20849609375,6,nan,nan
쪫,U+CAAB,0,0,0,0,0,0.20184326171875,0.796875,0.218017578125,4,nan,nan
쪬,U+CAAC,0,0,0,0,0,0.1781005859375,0.7286376953125,0.18414306640625,7,nan,nan
쪭,U+CAAD,0,0,0,0,0,0.1888427734375,0.73638916015625,0.215087890625,10,nan,nan
쪮,U+CAAE,0,0,1,1,0,0.1881103515625,0.72509765625,0.2135009765625,8,nan,nan
쪯,U+CAAF,0,0,0,0,0,0.1925048828125,0.6998291015625,0.20635986328125,12,nan,nan
쪰,U+CAB0,0,0,0,0,0,0.16876220703125,0.71319580078125,0.1705322265625,6,nan,nan
쪱,U+CAB1,0,0,0,0,0,0.1610107421875,0.654052734375,0.16278076171875,7,nan,nan
쪲,U+CAB2,0,0,0,0,0,0.17706298828125,0.73828125,0.19439697265625,5,nan,nan
쪳,U+CAB3,0,0,0,0,0,0.154541015625,0.7117919921875,0.143798828125,7,nan,nan
쪴,U+CAB4,0,0,0,0,0,0.1746826171875,0.74462890625,0.16717529296875,5,nan,nan
쪵,U+CAB5,0,0,0,0,0,0.15472412109375,0.6942138671875,0.14178466796875,6,nan,nan
쪶,U+CAB6,0,0,1,1,0,0.17181396484375,0.7056884765625,0.1649169921875,9,nan,nan
쪷,U+CAB7,0,0,0,0,0,0.15374755859375,0.703857421875,0.1627197265625,7,nan,nan
쪸,U+CAB8,0,0,1,1,0,0.14471435546875,0.7171630859375,0.150146484375,12,nan,nan
쪹,U+CAB9,0,0,1,1,0,0.1671142578125,0.688720703125,0.18414306640625,8,nan,nan
쪺,U+CABA,0,0,0,0,0,0.17584228515625,0.708984375,0.18170166015625,3,nan,nan
쪻,U+CABB,0,0,0,0,0,0.1484375,0.62841796875,0.14373779296875,5,nan,nan
쪼,U+CABC,0,0,0,0,0,0.10809326171875,0.52764892578125,0.10107421875,3,nan,nan
쪽,U+CABD,0,0,0,0,0,0.15045166015625,0.690673828125,0.13818359375,3,nan,nan
쪾,U+CABE,0,0,1,1,0,0.135009765625,0.548583984375,0.12554931640625,4,nan,nan
쪿,U+CABF,0,0,0,0,0,0.1507568359375,0.681884765625,0.14801025390625,3,nan,nan
쫀,U+CAC0,0,0,0,0,0,0.1263427734375,0.620361328125,0.1241455078125,3,nan,nan
쫁,U+CAC1,0,0,1,1,0,0.1634521484375,0.720703125,0.1641845703125,2,nan,nan
쫂,U+CAC2,0,0,1,1,0,0.177001953125,0.679443359375,0.16436767578125,4,nan,nan
쫃,U+CAC3,0,0,1,1,0,0.142578125,0.6156005859375,0.1278076171875,4,nan,nan
쫄,U+CAC4,0,0,0,0,0,0.19293212890625,0.6796875,0.1715087890625,2,nan,nan
쫅,U+CAC5,0,0,0,0,0,0.165283203125,0.6478271484375,0.17376708984375,4,nan,nan
쫆,U+CAC6,0,0,0,0,0,0.18426513671875,0.7890625,0.1988525390625,3,nan,nan
쫇,U+CAC7,0,0,0,0,0,0.1937255859375,0.6866455078125,0.19146728515625,3,nan,nan
쫈,U+CAC8,0,0,0,0,0,0.1788330078125,0.7073974609375,0.17181396484375,4,nan,nan
쫉,U+CAC9,0,0,0,0,0,0.19189453125,0.66815185546875,0.18756103515625,2,nan,nan
쫊,U+CACA,0,0,1,1,0,0.20111083984375,0.68115234375,0.19720458984375,3,nan,nan
쫋,U+CACB,0,0,0,0,0,0.2098388671875,0.8359375,0.1962890625,8,nan,nan
쫌,U+CACC,0,0,0,0,0,0.1702880859375,0.6776123046875,0.16192626953125,3,nan,nan
쫍,U+CACD,0,0,0,0,0,0.15869140625,0.6329345703125,0.14764404296875,2,nan,nan
쫎,U+CACE,0,0,0,0,0,0.1656494140625,0.66259765625,0.161865234375,3,nan,nan
쫏,U+CACF,0,0,0,0,0,0.172119140625,0.6409912109375,0.13787841796875,1,nan,nan
쫐,U+CAD0,0,0,0,0,0,0.15106201171875,0.60699462890625,0.1329345703125,2,nan,nan
쫑,U+CAD1,0,0,0,0,0,0.1329345703125,0.59271240234375,0.11102294921875,3,nan,nan
쫒,U+CAD2,0,0,1,1,0,0.14654541015625,0.6180419921875,0.13787841796875,4,nan,nan
쫓,U+CAD3,0,0,0,0,0,0.1527099609375,0.7265625,0.1492919921875,6,nan,nan
쫔,U+CAD4,0,0,1,1,0,0.15301513671875,0.6796875,0.15277099609375,4,nan,nan
쫕,U+CAD5,0,0,1,1,0,0.15728759765625,0.58831787109375,0.15020751953125,2,nan,nan
쫖,U+CAD6,0,0,0,0,0,0.175048828125,0.68505859375,0.1630859375,2,nan,nan
쫗,U+CAD7,0,0,0,0,0,0.154052734375,0.6536865234375,0.1495361328125,4,nan,nan
쫘,U+CAD8,0,0,0,0,0,0.1370849609375,0.612060546875,0.134521484375,3,nan,nan
쫙,U+CAD9,0,0,0,0,0,0.16058349609375,0.79022216796875,0.153564453125,5,nan,nan
쫚,U+CADA,0,0,1,1,0,0.165771484375,0.71185302734375,0.16162109375,4,nan,nan
쫛,U+CADB,0,0,0,0,0,0.18475341796875,0.8123779296875,0.16790771484375,4,nan,nan
쫜,U+CADC,0,0,0,0,0,0.150634765625,0.6915283203125,0.1478271484375,3,nan,nan
쫝,U+CADD,0,0,1,1,0,0.18603515625,0.73797607421875,0.17352294921875,4,nan,nan
쫞,U+CADE,0,0,1,1,0,0.19842529296875,0.83056640625,0.18511962890625,3,nan,nan
쫟,U+CADF,0,0,1,1,0,0.1551513671875,0.7305908203125,0.1573486328125,4,nan,nan
쫠,U+CAE0,0,0,0,0,0,0.211669921875,0.8116455078125,0.2076416015625,2,nan,nan
쫡,U+CAE1,0,0,0,0,0,0.20843505859375,0.9140625,0.20208740234375,8,nan,nan
쫢,U+CAE2,0,0,0,0,0,0.2015380859375,0.80328369140625,0.20587158203125,7,nan,nan
쫣,U+CAE3,0,0,0,0,0,0.2052001953125,0.8828125,0.2115478515625,5,nan,nan
쫤,U+CAE4,0,0,0,0,0,0.1956787109375,0.77325439453125,0.21099853515625,6,nan,nan
쫥,U+CAE5,0,0,0,0,0,0.2027587890625,0.8382568359375,0.2059326171875,5,nan,nan
쫦,U+CAE6,0,0,1,1,0,0.21142578125,0.861328125,0.22344970703125,4,nan,nan
쫧,U+CAE7,0,0,0,0,0,0.2337646484375,0.90625,0.22576904296875,3,nan,nan
쫨,U+CAE8,0,0,0,0,0,0.1844482421875,0.7828369140625,0.18035888671875,2,nan,nan
쫩,U+CAE9,0,0,0,0,0,0.16876220703125,0.7828369140625,0.16748046875,4,nan,nan
쫪,U+CAEA,0,0,0,0,0,0.18475341796875,0.76409912109375,0.17791748046875,3,nan,nan
쫫,U+CAEB,0,0,0,0,0,0.17852783203125,0.7041015625,0.14593505859375,4,nan,nan
쫬,U+CAEC,0,0,0,0,0,0.1920166015625,0.751953125,0.1627197265625,5,nan,nan
쫭,U+CAED,0,0,0,0,0,0.19293212890625,0.84490966796875,0.14630126953125,4,nan,nan
쫮,U+CAEE,0,0,1,1,0,0.1788330078125,0.7569580078125,0.1639404296875,4,nan,nan
쫯,U+CAEF,0,0,0,0,0,0.1488037109375,0.6904296875,0.1640625,5,nan,nan
쫰,U+CAF0,0,0,1,1,0,0.1737060546875,0.77545166015625,0.16668701171875,4,nan,nan
쫱,U+CAF1,0,0,1,1,0,0.1866455078125,0.82940673828125,0.1781005859375,5,nan,nan
쫲,U+CAF2,0,0,0,0,0,0.19891357421875,0.8140869140625,0.18304443359375,6,nan,nan
쫳,U+CAF3,0,0,0,0,0,0.1474609375,0.7998046875,0.15081787109375,5,nan,nan
쫴,U+CAF4,0,0,0,0,0,0.139404296875,0.4986572265625,0.14141845703125,4,nan,nan
쫵,U+CAF5,0,0,0,0,0,0.1744384765625,0.7130126953125,0.18011474609375,4,nan,nan
쫶,U+CAF6,0,0,1,1,0,0.18072509765625,0.64013671875,0.17333984375,3,nan,nan
쫷,U+CAF7,0,0,0,0,0,0.1907958984375,0.7357177734375,0.18951416015625,8,nan,nan
쫸,U+CAF8,0,0,0,0,0,0.1513671875,0.65863037109375,0.1639404296875,5,nan,nan
쫹,U+CAF9,0,0,1,1,0,0.19781494140625,0.73114013671875,0.19976806640625,9,nan,nan
쫺,U+CAFA,0,0,1,1,0,0.223876953125,0.74005126953125,0.2049560546875,6,nan,nan
쫻,U+CAFB,0,0,1,1,0,0.1807861328125,0.6627197265625,0.1834716796875,4,nan,nan
쫼,U+CAFC,0,0,0,0,0,0.198486328125,0.714111328125,0.2000732421875,5,nan,nan
쫽,U+CAFD,0,0,0,0,0,0.19085693359375,0.7578125,0.20452880859375,5,nan,nan
쫾,U+CAFE,0,0,0,0,0,0.19970703125,0.70751953125,0.20550537109375,6,nan,nan
쫿,U+CAFF,0,0,0,0,0,0.21148681640625,0.7578125,0.2095947265625,5,nan,nan
쬀,U+CB00,0,0,0,0,0,0.21331787109375,0.74322509765625,0.21185302734375,6,nan,nan
쬁,U+CB01,0,0,0,0,0,0.20050048828125,0.7613525390625,0.2060546875,9,nan,nan
쬂,U+CB02,0,0,1,1,0,0.20562744140625,0.78582763671875,0.22137451171875,6,nan,nan
쬃,U+CB03,0,0,0,0,0,0.2220458984375,0.7421875,0.217041015625,8,nan,nan
쬄,U+CB04,0,0,0,0,0,0.17510986328125,0.68316650390625,0.18896484375,3,nan,nan
쬅,U+CB05,0,0,0,0,0,0.16650390625,0.701904296875,0.18194580078125,4,nan,nan
쬆,U+CB06,0,0,0,0,0,0.20599365234375,0.77056884765625,0.202392578125,5,nan,nan
쬇,U+CB07,0,0,0,0,0,0.163818359375,0.679443359375,0.1617431640625,6,nan,nan
쬈,U+CB08,0,0,0,0,0,0.21234130859375,0.76068115234375,0.18292236328125,5,nan,nan
쬉,U+CB09,0,0,0,0,0,0.183837890625,0.644287109375,0.14959716796875,5,nan,nan
쬊,U+CB0A,0,0,1,1,0,0.166015625,0.60540771484375,0.169189453125,5,nan,nan
쬋,U+CB0B,0,0,0,0,0,0.17437744140625,0.673583984375,0.18365478515625,8,nan,nan
쬌,U+CB0C,0,0,1,1,0,0.18133544921875,0.6976318359375,0.18829345703125,4,nan,nan
쬍,U+CB0D,0,0,1,1,0,0.2054443359375,0.75189208984375,0.2041015625,5,nan,nan
쬎,U+CB0E,0,0,0,0,0,0.18707275390625,0.7520751953125,0.19635009765625,1,nan,nan
쬏,U+CB0F,0,0,0,0,0,0.18585205078125,0.71875,0.162353515625,8,nan,nan
쬐,U+CB10,0,0,0,0,0,0.11370849609375,0.42047119140625,0.11492919921875,3,nan,nan
쬑,U+CB11,0,0,0,0,0,0.1546630859375,0.615966796875,0.15380859375,4,nan,nan
쬒,U+CB12,0,0,1,1,0,0.1649169921875,0.54052734375,0.14654541015625,4,nan,nan
쬓,U+CB13,0,0,0,0,0,0.1820068359375,0.6986083984375,0.16058349609375,6,nan,nan
쬔,U+CB14,0,0,0,0,0,0.1494140625,0.5706787109375,0.14208984375,3,nan,nan
쬕,U+CB15,0,0,1,1,0,0.17877197265625,0.681884765625,0.15972900390625,4,nan,nan
쬖,U+CB16,0,0,1,1,0,0.2008056640625,0.630126953125,0.1796875,4,nan,nan
쬗,U+CB17,0,0,1,1,0,0.140869140625,0.53521728515625,0.14117431640625,4,nan,nan
쬘,U+CB18,0,0,0,0,0,0.18023681640625,0.64453125,0.17132568359375,5,nan,nan
쬙,U+CB19,0,0,0,0,0,0.19549560546875,0.6690673828125,0.18804931640625,5,nan,nan
쬚,U+CB1A,0,0,0,0,0,0.19097900390625,0.62774658203125,0.1815185546875,7,nan,nan
쬛,U+CB1B,0,0,0,0,0,0.2017822265625,0.69427490234375,0.19891357421875,8,nan,nan
쬜,U+CB1C,0,0,0,0,0,0.216552734375,0.69427490234375,0.1956787109375,5,nan,nan
쬝,U+CB1D,0,0,0,0,0,0.19842529296875,0.7171630859375,0.1904296875,6,nan,nan
쬞,U+CB1E,0,0,1,1,0,0.1942138671875,0.71319580078125,0.19122314453125,6,nan,nan
쬟,U+CB1F,0,0,0,0,0,0.22509765625,0.71142578125,0.2001953125,5,nan,nan
쬠,U+CB20,0,0,0,0,0,0.1785888671875,0.6180419921875,0.16546630859375,2,nan,nan
쬡,U+CB21,0,0,0,0,0,0.17022705078125,0.576171875,0.15380859375,3,nan,nan
쬢,U+CB22,0,0,0,0,0,0.18328857421875,0.7117919921875,0.1722412109375,6,nan,nan
쬣,U+CB23,0,0,0,0,0,0.1727294921875,0.533203125,0.13031005859375,4,nan,nan
쬤,U+CB24,0,0,0,0,0,0.1746826171875,0.6756591796875,0.166748046875,5,nan,nan
쬥,U+CB25,0,0,0,0,0,0.14678955078125,0.5419921875,0.12921142578125,2,nan,nan
쬦,U+CB26,0,0,1,1,0,0.1766357421875,0.610107421875,0.150146484375,4,nan,nan
쬧,U+CB27,0,0,0,0,0,0.1683349609375,0.6561279296875,0.162353515625,6,nan,nan
쬨,U+CB28,0,0,1,1,0,0.17919921875,0.6005859375,0.15240478515625,4,nan,nan
쬩,U+CB29,0,0,1,1,0,0.1839599609375,0.61297607421875,0.16278076171875,4,nan,nan
쬪,U+CB2A,0,0,0,0,0,0.19012451171875,0.66259765625,0.17498779296875,4,nan,nan
쬫,U+CB2B,0,0,0,0,0,0.1531982421875,0.56414794921875,0.131591796875,4,nan,nan
쬬,U+CB2C,0,0,0,0,0,0.123291015625,0.4986572265625,0.1177978515625,4,nan,nan
쬭,U+CB2D,0,0,0,0,0,0.1522216796875,0.70159912109375,0.14495849609375,3,nan,nan
쬮,U+CB2E,0,0,1,1,0,0.15576171875,0.662109375,0.14605712890625,3,nan,nan
쬯,U+CB2F,0,0,0,0,0,0.1826171875,0.70159912109375,0.16583251953125,6,nan,nan
쬰,U+CB30,0,0,0,0,0,0.137451171875,0.703125,0.140869140625,5,nan,nan
쬱,U+CB31,0,0,1,1,0,0.18310546875,0.705810546875,0.16949462890625,4,nan,nan
쬲,U+CB32,0,0,1,1,0,0.1966552734375,0.732421875,0.18597412109375,4,nan,nan
쬳,U+CB33,0,0,1,1,0,0.14599609375,0.57379150390625,0.14434814453125,6,nan,nan
쬴,U+CB34,0,0,0,0,0,0.18017578125,0.734375,0.18212890625,3,nan,nan
쬵,U+CB35,0,0,0,0,0,0.1783447265625,0.6627197265625,0.1802978515625,6,nan,nan
쬶,U+CB36,0,0,0,0,0,0.18170166015625,0.62127685546875,0.17803955078125,4,nan,nan
쬷,U+CB37,0,0,0,0,0,0.2049560546875,0.7056884765625,0.1993408203125,3,nan,nan
쬸,U+CB38,0,0,0,0,0,0.18988037109375,0.7265625,0.1953125,6,nan,nan
쬹,U+CB39,0,0,0,0,0,0.19940185546875,0.7171630859375,0.20050048828125,3,nan,nan
쬺,U+CB3A,0,0,1,1,0,0.20452880859375,0.7613525390625,0.20050048828125,4,nan,nan
쬻,U+CB3B,0,0,0,0,0,0.209228515625,0.713134765625,0.20111083984375,4,nan,nan
쬼,U+CB3C,0,0,0,0,0,0.17010498046875,0.789306640625,0.16558837890625,3,nan,nan
쬽,U+CB3D,0,0,0,0,0,0.167236328125,0.6591796875,0.15777587890625,2,nan,nan
쬾,U+CB3E,0,0,0,0,0,0.15985107421875,0.66094970703125,0.16534423828125,6,nan,nan
쬿,U+CB3F,0,0,0,0,0,0.16094970703125,0.6844482421875,0.1397705078125,3,nan,nan
쭀,U+CB40,0,0,0,0,0,0.18316650390625,0.74462890625,0.16253662109375,4,nan,nan
쭁,U+CB41,0,0,0,0,0,0.12872314453125,0.62255859375,0.117919921875,4,nan,nan
쭂,U+CB42,0,0,1,1,0,0.15875244140625,0.6844482421875,0.15179443359375,3,nan,nan
쭃,U+CB43,0,0,0,0,0,0.1224365234375,0.579833984375,0.1348876953125,7,nan,nan
쭄,U+CB44,0,0,1,1,0,0.17852783203125,0.71484375,0.1622314453125,6,nan,nan
쭅,U+CB45,0,0,1,1,0,0.16864013671875,0.6055908203125,0.16650390625,3,nan,nan
쭆,U+CB46,0,0,0,0,0,0.1922607421875,0.69268798828125,0.1800537109375,3,nan,nan
쭇,U+CB47,0,0,0,0,0,0.15106201171875,0.671875,0.13470458984375,6,nan,nan
쭈,U+CB48,0,0,0,0,0,0.11669921875,0.53173828125,0.1021728515625,2,nan,nan
쭉,U+CB49,0,0,0,0,0,0.15057373046875,0.6097412109375,0.13812255859375,4,nan,nan
쭊,U+CB4A,0,0,1,1,0,0.1602783203125,0.62042236328125,0.1373291015625,4,nan,nan
쭋,U+CB4B,0,0,0,0,0,0.16741943359375,0.5908203125,0.15093994140625,6,nan,nan
쭌,U+CB4C,0,0,0,0,0,0.13433837890625,0.53955078125,0.12713623046875,3,nan,nan
쭍,U+CB4D,0,0,1,1,0,0.16082763671875,0.6331787109375,0.15350341796875,5,nan,nan
쭎,U+CB4E,0,0,1,1,0,0.18682861328125,0.70751953125,0.1732177734375,5,nan,nan
쭏,U+CB4F,0,0,1,1,0,0.1427001953125,0.6884765625,0.14892578125,4,nan,nan
쭐,U+CB50,0,0,0,0,0,0.19183349609375,0.65625,0.17022705078125,3,nan,nan
쭑,U+CB51,0,0,0,0,0,0.186767578125,0.6478271484375,0.177490234375,4,nan,nan
쭒,U+CB52,0,0,0,0,0,0.17779541015625,0.64984130859375,0.1787109375,6,nan,nan
쭓,U+CB53,0,0,0,0,0,0.2012939453125,0.7265625,0.18743896484375,3,nan,nan
쭔,U+CB54,0,0,0,0,0,0.1976318359375,0.670166015625,0.18170166015625,4,nan,nan
쭕,U+CB55,0,0,0,0,0,0.19232177734375,0.6953125,0.19189453125,4,nan,nan
쭖,U+CB56,0,0,1,1,0,0.18902587890625,0.713134765625,0.19488525390625,7,nan,nan
쭗,U+CB57,0,0,0,0,0,0.205322265625,0.6552734375,0.19390869140625,5,nan,nan
쭘,U+CB58,0,0,0,0,0,0.14727783203125,0.57244873046875,0.137939453125,4,nan,nan
쭙,U+CB59,0,0,0,0,0,0.1728515625,0.6513671875,0.15118408203125,3,nan,nan
쭚,U+CB5A,0,0,0,0,0,0.15447998046875,0.69580078125,0.16241455078125,3,nan,nan
쭛,U+CB5B,0,0,0,0,0,0.18402099609375,0.598388671875,0.134033203125,2,nan,nan
쭜,U+CB5C,0,0,0,0,0,0.177490234375,0.6646728515625,0.15380859375,3,nan,nan
쭝,U+CB5D,0,0,0,0,0,0.1146240234375,0.52392578125,0.1043701171875,4,nan,nan
쭞,U+CB5E,0,0,1,1,0,0.17987060546875,0.59661865234375,0.15106201171875,3,nan,nan
쭟,U+CB5F,0,0,0,0,0,0.12542724609375,0.556640625,0.1226806640625,4,nan,nan
쭠,U+CB60,0,0,1,1,0,0.1585693359375,0.619384765625,0.157470703125,4,nan,nan
쭡,U+CB61,0,0,1,1,0,0.1541748046875,0.5921630859375,0.15673828125,3,nan,nan
쭢,U+CB62,0,0,0,0,0,0.18194580078125,0.62469482421875,0.166015625,2,nan,nan
쭣,U+CB63,0,0,0,0,0,0.13531494140625,0.5465087890625,0.128173828125,3,nan,nan
쭤,U+CB64,0,0,0,0,0,0.13055419921875,0.4986572265625,0.130859375,3,nan,nan
쭥,U+CB65,0,0,0,0,0,0.170166015625,0.61383056640625,0.1524658203125,5,nan,nan
쭦,U+CB66,0,0,1,1,0,0.1649169921875,0.5947265625,0.16058349609375,8,nan,nan
쭧,U+CB67,0,0,0,0,0,0.187255859375,0.66259765625,0.16033935546875,5,nan,nan
쭨,U+CB68,0,0,0,0,0,0.15692138671875,0.60540771484375,0.15142822265625,4,nan,nan
쭩,U+CB69,0,0,1,1,0,0.18499755859375,0.69488525390625,0.19287109375,6,nan,nan
쭪,U+CB6A,0,0,1,1,0,0.1961669921875,0.6156005859375,0.19244384765625,9,nan,nan
쭫,U+CB6B,0,0,1,1,0,0.1749267578125,0.5914306640625,0.17181396484375,5,nan,nan
쭬,U+CB6C,0,0,0,0,0,0.1875,0.658447265625,0.17864990234375,8,nan,nan
쭭,U+CB6D,0,0,0,0,0,0.191650390625,0.6976318359375,0.1898193359375,7,nan,nan
쭮,U+CB6E,0,0,0,0,0,0.1915283203125,0.62060546875,0.19671630859375,6,nan,nan
쭯,U+CB6F,0,0,0,0,0,0.18731689453125,0.6561279296875,0.2021484375,7,nan,nan
쭰,U+CB70,0,0,0,0,0,0.20147705078125,0.70953369140625,0.18890380859375,4,nan,nan
쭱,U+CB71,0,0,0,0,0,0.186767578125,0.718994140625,0.198486328125,8,nan,nan
쭲,U+CB72,0,0,1,1,0,0.20361328125,0.71142578125,0.19879150390625,5,nan,nan
쭳,U+CB73,0,0,0,0,0,0.20458984375,0.7578125,0.20184326171875,8,nan,nan
쭴,U+CB74,0,0,0,0,0,0.18389892578125,0.579345703125,0.17327880859375,2,nan,nan
쭵,U+CB75,0,0,0,0,0,0.1668701171875,0.587646484375,0.16961669921875,4,nan,nan
쭶,U+CB76,0,0,0,0,0,0.1968994140625,0.64990234375,0.17315673828125,5,nan,nan
쭷,U+CB77,0,0,0,0,0,0.157470703125,0.550537109375,0.14349365234375,4,nan,nan
쭸,U+CB78,0,0,0,0,0,0.18017578125,0.7734375,0.17626953125,11,nan,nan
쭹,U+CB79,0,0,0,0,0,0.12847900390625,0.5255126953125,0.1234130859375,6,nan,nan
쭺,U+CB7A,0,0,1,1,0,0.17108154296875,0.6036376953125,0.167236328125,6,nan,nan
쭻,U+CB7B,0,0,0,0,0,0.176513671875,0.6690673828125,0.1732177734375,8,nan,nan
쭼,U+CB7C,0,0,1,1,0,0.15948486328125,0.62127685546875,0.167236328125,7,nan,nan
쭽,U+CB7D,0,0,1,1,0,0.1976318359375,0.666015625,0.16912841796875,8,nan,nan
쭾,U+CB7E,0,0,0,0,0,0.1871337890625,0.68115234375,0.18414306640625,5,nan,nan
쭿,U+CB7F,0,0,0,0,0,0.18157958984375,0.630615234375,0.16241455078125,4,nan,nan
쮀,U+CB80,0,0,0,0,0,0.16943359375,0.544921875,0.157958984375,3,nan,nan
쮁,U+CB81,0,0,0,0,0,0.203125,0.71484375,0.17974853515625,7,nan,nan
쮂,U+CB82,0,0,1,1,0,0.19488525390625,0.630126953125,0.1761474609375,6,nan,nan
쮃,U+CB83,0,0,0,0,0,0.19073486328125,0.6942138671875,0.1705322265625,4,nan,nan
쮄,U+CB84,0,0,0,0,0,0.18316650390625,0.68682861328125,0.18865966796875,5,nan,nan
쮅,U+CB85,0,0,1,1,0,0.20635986328125,0.7177734375,0.20635986328125,9,nan,nan
쮆,U+CB86,0,0,1,1,0,0.20550537109375,0.72479248046875,0.21258544921875,9,nan,nan
쮇,U+CB87,0,0,1,1,0,0.19775390625,0.63555908203125,0.18243408203125,5,nan,nan
쮈,U+CB88,0,0,0,0,0,0.2037353515625,0.7056884765625,0.21075439453125,7,nan,nan
쮉,U+CB89,0,0,0,0,0,0.223388671875,0.73828125,0.22613525390625,9,nan,nan
쮊,U+CB8A,0,0,0,0,0,0.20062255859375,0.67138671875,0.21435546875,6,nan,nan
쮋,U+CB8B,0,0,0,0,0,0.20269775390625,0.6998291015625,0.21270751953125,7,nan,nan
쮌,U+CB8C,0,0,0,0,0,0.2003173828125,0.6844482421875,0.21246337890625,7,nan,nan
쮍,U+CB8D,0,0,0,0,0,0.21331787109375,0.7459716796875,0.2215576171875,13,nan,nan
쮎,U+CB8E,0,0,1,1,0,0.20611572265625,0.722900390625,0.22637939453125,10,nan,nan
쮏,U+CB8F,0,0,0,0,0,0.20556640625,0.7265625,0.2122802734375,8,nan,nan
쮐,U+CB90,0,0,0,0,0,0.20501708984375,0.7568359375,0.205078125,6,nan,nan
쮑,U+CB91,0,0,0,0,0,0.19476318359375,0.66259765625,0.19281005859375,8,nan,nan
쮒,U+CB92,0,0,0,0,0,0.207275390625,0.7476806640625,0.214111328125,7,nan,nan
쮓,U+CB93,0,0,0,0,0,0.19921875,0.61767578125,0.16351318359375,5,nan,nan
쮔,U+CB94,0,0,0,0,0,0.21337890625,0.71905517578125,0.19964599609375,6,nan,nan
쮕,U+CB95,0,0,0,0,0,0.17279052734375,0.615234375,0.16583251953125,9,nan,nan
쮖,U+CB96,0,0,1,1,0,0.20135498046875,0.6756591796875,0.1888427734375,5,nan,nan
쮗,U+CB97,0,0,0,0,0,0.18072509765625,0.67205810546875,0.1673583984375,6,nan,nan
쮘,U+CB98,0,0,1,1,0,0.172607421875,0.6478271484375,0.19091796875,9,nan,nan
쮙,U+CB99,0,0,1,1,0,0.21112060546875,0.72088623046875,0.2027587890625,10,nan,nan
쮚,U+CB9A,0,0,0,0,0,0.18316650390625,0.68505859375,0.19903564453125,8,nan,nan
쮛,U+CB9B,0,0,0,0,0,0.21044921875,0.7596435546875,0.18255615234375,6,nan,nan
쮜,U+CB9C,0,0,0,0,0,0.1339111328125,0.44073486328125,0.1187744140625,3,nan,nan
쮝,U+CB9D,0,0,0,0,0,0.1845703125,0.6953125,0.16180419921875,3,nan,nan
쮞,U+CB9E,0,0,1,1,0,0.15985107421875,0.54345703125,0.14605712890625,5,nan,nan
쮟,U+CB9F,0,0,0,0,0,0.1724853515625,0.64251708984375,0.15460205078125,4,nan,nan
쮠,U+CBA0,0,0,0,0,0,0.1392822265625,0.5758056640625,0.15606689453125,6,nan,nan
쮡,U+CBA1,0,0,1,1,0,0.18768310546875,0.7236328125,0.17474365234375,6,nan,nan
쮢,U+CBA2,0,0,1,1,0,0.19097900390625,0.656982421875,0.17864990234375,5,nan,nan
쮣,U+CBA3,0,0,1,1,0,0.14324951171875,0.533935546875,0.1494140625,5,nan,nan
쮤,U+CBA4,0,0,0,0,0,0.16668701171875,0.67901611328125,0.172119140625,7,nan,nan
쮥,U+CBA5,0,0,0,0,0,0.18310546875,0.66064453125,0.1893310546875,8,nan,nan
쮦,U+CBA6,0,0,0,0,0,0.1824951171875,0.6298828125,0.1766357421875,6,nan,nan
쮧,U+CBA7,0,0,0,0,0,0.20025634765625,0.68115234375,0.19415283203125,7,nan,nan
쮨,U+CBA8,0,0,0,0,0,0.21148681640625,0.68316650390625,0.1920166015625,4,nan,nan
쮩,U+CBA9,0,0,0,0,0,0.18841552734375,0.6884765625,0.1983642578125,3,nan,nan
쮪,U+CBAA,0,0,1,1,0,0.201171875,0.71319580078125,0.1943359375,6,nan,nan
쮫,U+CBAB,0,0,0,0,0,0.21661376953125,0.699951171875,0.20166015625,8,nan,nan
쮬,U+CBAC,0,0,0,0,0,0.17584228515625,0.77545166015625,0.1689453125,5,nan,nan
쮭,U+CBAD,0,0,0,0,0,0.165283203125,0.60699462890625,0.162109375,4,nan,nan
쮮,U+CBAE,0,0,0,0,0,0.18682861328125,0.7274169921875,0.18914794921875,6,nan,nan
쮯,U+CBAF,0,0,0,0,0,0.1715087890625,0.556396484375,0.14044189453125,6,nan,nan
쮰,U+CBB0,0,0,0,0,0,0.173095703125,0.68988037109375,0.16815185546875,6,nan,nan
쮱,U+CBB1,0,0,0,0,0,0.12652587890625,0.5301513671875,0.1304931640625,4,nan,nan
쮲,U+CBB2,0,0,1,1,0,0.173095703125,0.65728759765625,0.1627197265625,8,nan,nan
쮳,U+CBB3,0,0,0,0,0,0.14007568359375,0.55450439453125,0.1495361328125,6,nan,nan
쮴,U+CBB4,0,0,1,1,0,0.16546630859375,0.61297607421875,0.1607666015625,4,nan,nan
쮵,U+CBB5,0,0,1,1,0,0.16705322265625,0.62255859375,0.15863037109375,5,nan,nan
쮶,U+CBB6,0,0,0,0,0,0.173583984375,0.668212890625,0.1888427734375,5,nan,nan
쮷,U+CBB7,0,0,0,0,0,0.17669677734375,0.615234375,0.1610107421875,6,nan,nan
쮸,U+CBB8,0,0,0,0,0,0.11444091796875,0.42431640625,0.1031494140625,2,nan,nan
쮹,U+CBB9,0,0,0,0,0,0.1514892578125,0.648193359375,0.142578125,4,nan,nan
쮺,U+CBBA,0,0,1,1,0,0.1802978515625,0.69781494140625,0.15191650390625,3,nan,nan
쮻,U+CBBB,0,0,0,0,0,0.15948486328125,0.644287109375,0.15069580078125,4,nan,nan
쮼,U+CBBC,0,0,0,0,0,0.14569091796875,0.615234375,0.1412353515625,5,nan,nan
쮽,U+CBBD,0,0,1,1,0,0.18890380859375,0.6265869140625,0.159912109375,4,nan,nan
쮾,U+CBBE,0,0,1,1,0,0.18255615234375,0.6827392578125,0.16778564453125,5,nan,nan
쮿,U+CBBF,0,0,1,1,0,0.15167236328125,0.640380859375,0.14971923828125,3,nan,nan
쯀,U+CBC0,0,0,0,0,0,0.19873046875,0.6953125,0.1761474609375,3,nan,nan
쯁,U+CBC1,0,0,0,0,0,0.17938232421875,0.66064453125,0.1737060546875,6,nan,nan
쯂,U+CBC2,0,0,0,0,0,0.1778564453125,0.6298828125,0.17803955078125,5,nan,nan
쯃,U+CBC3,0,0,0,0,0,0.20574951171875,0.68505859375,0.19317626953125,4,nan,nan
쯄,U+CBC4,0,0,0,0,0,0.19354248046875,0.7073974609375,0.1837158203125,6,nan,nan
쯅,U+CBC5,0,0,0,0,0,0.19097900390625,0.7056884765625,0.1929931640625,8,nan,nan
쯆,U+CBC6,0,0,1,1,0,0.1947021484375,0.720703125,0.2008056640625,6,nan,nan
쯇,U+CBC7,0,0,0,0,0,0.213623046875,0.718994140625,0.20062255859375,4,nan,nan
쯈,U+CBC8,0,0,0,0,0,0.17755126953125,0.6409912109375,0.15673828125,4,nan,nan
쯉,U+CBC9,0,0,0,0,0,0.1649169921875,0.67547607421875,0.1541748046875,6,nan,nan
쯊,U+CBCA,0,0,0,0,0,0.15289306640625,0.688720703125,0.161376953125,4,nan,nan
쯋,U+CBCB,0,0,0,0,0,0.185546875,0.63873291015625,0.143798828125,2,nan,nan
쯌,U+CBCC,0,0,0,0,0,0.1678466796875,0.587890625,0.152099609375,3,nan,nan
쯍,U+CBCD,0,0,0,0,0,0.1214599609375,0.4632568359375,0.109375,4,nan,nan
쯎,U+CBCE,0,0,1,1,0,0.19415283203125,0.6246337890625,0.1617431640625,3,nan,nan
쯏,U+CBCF,0,0,0,0,0,0.1427001953125,0.61297607421875,0.14459228515625,5,nan,nan
쯐,U+CBD0,0,0,1,1,0,0.1700439453125,0.7490234375,0.16131591796875,4,nan,nan
쯑,U+CBD1,0,0,1,1,0,0.17559814453125,0.5921630859375,0.168212890625,4,nan,nan
쯒,U+CBD2,0,0,0,0,0,0.1968994140625,0.6553955078125,0.18035888671875,4,nan,nan
쯓,U+CBD3,0,0,0,0,0,0.16351318359375,0.5545654296875,0.13726806640625,5,nan,nan
쯔,U+CBD4,0,0,0,0,0,0.09735107421875,0.3857421875,0.0888671875,2,nan,nan
쯕,U+CBD5,0,0,0,0,0,0.145263671875,0.6123046875,0.13226318359375,3,nan,nan
쯖,U+CBD6,0,0,1,1,0,0.1475830078125,0.61572265625,0.1380615234375,5,nan,nan
쯗,U+CBD7,0,0,0,0,0,0.16400146484375,0.604248046875,0.14312744140625,4,nan,nan
쯘,U+CBD8,0,0,0,0,0,0.12921142578125,0.56396484375,0.12310791015625,4,nan,nan
쯙,U+CBD9,0,0,1,1,0,0.15985107421875,0.6378173828125,0.14898681640625,4,nan,nan
쯚,U+CBDA,0,0,1,1,0,0.167724609375,0.65521240234375,0.15447998046875,6,nan,nan
쯛,U+CBDB,0,0,1,1,0,0.1634521484375,0.61737060546875,0.14306640625,3,nan,nan
쯜,U+CBDC,0,0,0,0,0,0.1876220703125,0.7073974609375,0.17425537109375,4,nan,nan
쯝,U+CBDD,0,0,0,0,0,0.18377685546875,0.7237548828125,0.176025390625,4,nan,nan
쯞,U+CBDE,0,0,0,0,0,0.19342041015625,0.708984375,0.185791015625,4,nan,nan
쯟,U+CBDF,0,0,0,0,0,0.1910400390625,0.66412353515625,0.19012451171875,4,nan,nan
쯠,U+CBE0,0,0,0,0,0,0.191162109375,0.6878662109375,0.16796875,3,nan,nan
쯡,U+CBE1,0,0,0,0,0,0.19244384765625,0.63873291015625,0.18548583984375,5,nan,nan
쯢,U+CBE2,0,0,1,1,0,0.18096923828125,0.645751953125,0.19146728515625,6,nan,nan
쯣,U+CBE3,0,0,0,0,0,0.21173095703125,0.708984375,0.19488525390625,6,nan,nan
쯤,U+CBE4,0,0,0,0,0,0.1815185546875,0.726318359375,0.161376953125,3,nan,nan
쯥,U+CBE5,0,0,0,0,0,0.16424560546875,0.697265625,0.15057373046875,5,nan,nan
쯦,U+CBE6,0,0,0,0,0,0.17022705078125,0.69488525390625,0.1590576171875,4,nan,nan
쯧,U+CBE7,0,0,0,0,0,0.16455078125,0.5572509765625,0.12628173828125,3,nan,nan
쯨,U+CBE8,0,0,0,0,0,0.1722412109375,0.66412353515625,0.14617919921875,3,nan,nan
쯩,U+CBE9,0,0,0,0,0,0.14337158203125,0.576171875,0.11181640625,4,nan,nan
쯪,U+CBEA,0,0,1,1,0,0.15972900390625,0.5572509765625,0.13763427734375,3,nan,nan
쯫,U+CBEB,0,0,0,0,0,0.16192626953125,0.6552734375,0.14990234375,5,nan,nan
쯬,U+CBEC,0,0,1,1,0,0.15399169921875,0.615966796875,0.14837646484375,4,nan,nan
쯭,U+CBED,0,0,1,1,0,0.181640625,0.630126953125,0.1649169921875,3,nan,nan
쯮,U+CBEE,0,0,0,0,0,0.17425537109375,0.64453125,0.16912841796875,3,nan,nan
쯯,U+CBEF,0,0,0,0,0,0.12762451171875,0.5474853515625,0.1204833984375,4,nan,nan
쯰,U+CBF0,0,0,0,0,0,0.11065673828125,0.38037109375,0.10333251953125,3,nan,nan
쯱,U+CBF1,0,0,0,0,0,0.14776611328125,0.671875,0.153564453125,5,nan,nan
쯲,U+CBF2,0,0,1,1,0,0.1453857421875,0.51165771484375,0.14141845703125,5,nan,nan
쯳,U+CBF3,0,0,0,0,0,0.17364501953125,0.615966796875,0.15594482421875,4,nan,nan
쯴,U+CBF4,0,0,0,0,0,0.1402587890625,0.598388671875,0.13775634765625,5,nan,nan
쯵,U+CBF5,0,0,1,1,0,0.1820068359375,0.69140625,0.1669921875,4,nan,nan
쯶,U+CBF6,0,0,1,1,0,0.18243408203125,0.63720703125,0.1763916015625,4,nan,nan
쯷,U+CBF7,0,0,1,1,0,0.13067626953125,0.55224609375,0.141845703125,5,nan,nan
쯸,U+CBF8,0,0,0,0,0,0.1727294921875,0.62310791015625,0.1671142578125,3,nan,nan
쯹,U+CBF9,0,0,0,0,0,0.2039794921875,0.6796875,0.18951416015625,7,nan,nan
쯺,U+CBFA,0,0,0,0,0,0.1971435546875,0.643310546875,0.19281005859375,4,nan,nan
쯻,U+CBFB,0,0,0,0,0,0.19097900390625,0.80224609375,0.19378662109375,6,nan,nan
쯼,U+CBFC,0,0,0,0,0,0.18560791015625,0.688720703125,0.1912841796875,4,nan,nan
쯽,U+CBFD,0,0,0,0,0,0.19989013671875,0.73828125,0.1959228515625,6,nan,nan
쯾,U+CBFE,0,0,1,1,0,0.2117919921875,0.7265625,0.20855712890625,3,nan,nan
쯿,U+CBFF,0,0,0,0,0,0.2132568359375,0.703125,0.2081298828125,6,nan,nan
찀,U+CC00,0,0,0,0,0,0.17083740234375,0.59271240234375,0.163330078125,3,nan,nan
찁,U+CC01,0,0,0,0,0,0.1575927734375,0.630615234375,0.1650390625,4,nan,nan
찂,U+CC02,0,0,0,0,0,0.19189453125,0.6986083984375,0.17877197265625,4,nan,nan
찃,U+CC03,0,0,0,0,0,0.17144775390625,0.58258056640625,0.13592529296875,5,nan,nan
찄,U+CC04,0,0,0,0,0,0.155517578125,0.68115234375,0.15289306640625,4,nan,nan
찅,U+CC05,0,0,0,0,0,0.127197265625,0.418701171875,0.1148681640625,3,nan,nan
찆,U+CC06,0,0,1,1,0,0.173095703125,0.62548828125,0.16522216796875,4,nan,nan
찇,U+CC07,0,0,0,0,0,0.1688232421875,0.6690673828125,0.1671142578125,5,nan,nan
찈,U+CC08,0,0,1,1,0,0.17230224609375,0.6357421875,0.1673583984375,7,nan,nan
찉,U+CC09,0,0,1,1,0,0.17864990234375,0.6201171875,0.16650390625,5,nan,nan
찊,U+CC0A,0,0,0,0,0,0.13671875,0.61065673828125,0.14752197265625,9,nan,nan
찋,U+CC0B,0,0,0,0,0,0.15313720703125,0.6356201171875,0.1376953125,6,nan,nan
찌,U+CC0C,0,0,0,0,0,0.10687255859375,0.419921875,0.09112548828125,2,nan,nan
찍,U+CC0D,0,0,0,0,0,0.1475830078125,0.62774658203125,0.125,3,nan,nan
찎,U+CC0E,0,0,1,1,0,0.14630126953125,0.60284423828125,0.134521484375,4,nan,nan
찏,U+CC0F,0,0,0,0,0,0.1636962890625,0.70159912109375,0.14447021484375,5,nan,nan
찐,U+CC10,0,0,0,0,0,0.12017822265625,0.55865478515625,0.112548828125,5,nan,nan
찑,U+CC11,0,0,1,1,0,0.16448974609375,0.71484375,0.15777587890625,4,nan,nan
찒,U+CC12,0,0,1,1,0,0.18109130859375,0.7117919921875,0.1514892578125,5,nan,nan
찓,U+CC13,0,0,1,1,0,0.13916015625,0.5755615234375,0.13165283203125,3,nan,nan
찔,U+CC14,0,0,0,0,0,0.14739990234375,0.58258056640625,0.149169921875,4,nan,nan
찕,U+CC15,0,0,0,0,0,0.150634765625,0.6484375,0.16070556640625,5,nan,nan
찖,U+CC16,0,0,0,0,0,0.16131591796875,0.7890625,0.1754150390625,9,nan,nan
찗,U+CC17,0,0,0,0,0,0.17913818359375,0.8125,0.17303466796875,5,nan,nan
찘,U+CC18,0,0,0,0,0,0.175048828125,0.620361328125,0.1693115234375,6,nan,nan
찙,U+CC19,0,0,0,0,0,0.1689453125,0.765625,0.1761474609375,6,nan,nan
찚,U+CC1A,0,0,1,1,0,0.17169189453125,0.7265625,0.18035888671875,5,nan,nan
찛,U+CC1B,0,0,0,0,0,0.1783447265625,0.703125,0.1717529296875,5,nan,nan
찜,U+CC1C,0,0,0,0,0,0.1492919921875,0.60498046875,0.14422607421875,3,nan,nan
찝,U+CC1D,0,0,0,0,0,0.1376953125,0.570556640625,0.13153076171875,5,nan,nan
찞,U+CC1E,0,0,0,0,0,0.15179443359375,0.734375,0.15081787109375,7,nan,nan
찟,U+CC1F,0,0,0,0,0,0.1533203125,0.587890625,0.12060546875,3,nan,nan
찠,U+CC20,0,0,0,0,0,0.14990234375,0.6427001953125,0.138671875,5,nan,nan
찡,U+CC21,0,0,0,0,0,0.1578369140625,0.62548828125,0.10870361328125,3,nan,nan
찢,U+CC22,0,0,1,1,0,0.14862060546875,0.610107421875,0.1343994140625,6,nan,nan
찣,U+CC23,0,0,0,0,0,0.13897705078125,0.61798095703125,0.13238525390625,3,nan,nan
찤,U+CC24,0,0,1,1,0,0.1474609375,0.71875,0.14105224609375,6,nan,nan
찥,U+CC25,0,0,1,1,0,0.1484375,0.5755615234375,0.152587890625,4,nan,nan
찦,U+CC26,0,0,0,0,0,0.15325927734375,0.6121826171875,0.14990234375,5,nan,nan
찧,U+CC27,0,0,0,0,0,0.14080810546875,0.5584716796875,0.11614990234375,4,nan,nan
차,U+CC28,0,0,0,0,0,0.08355712890625,0.52783203125,0.0858154296875,3,nan,nan
착,U+CC29,0,0,0,0,0,0.109130859375,0.71636962890625,0.111083984375,5,nan,nan
찪,U+CC2A,0,0,1,1,0,0.1136474609375,0.6328125,0.11431884765625,6,nan,nan
찫,U+CC2B,0,0,0,0,0,0.12054443359375,0.75,0.122802734375,5,nan,nan
찬,U+CC2C,0,0,0,0,0,0.10284423828125,0.61767578125,0.104248046875,4,nan,nan
찭,U+CC2D,0,0,1,1,0,0.11016845703125,0.703125,0.11395263671875,6,nan,nan
찮,U+CC2E,0,0,1,1,0,0.121337890625,0.71319580078125,0.12957763671875,5,nan,nan
찯,U+CC2F,0,0,1,1,0,0.0919189453125,0.642578125,0.1053466796875,6,nan,nan
찰,U+CC30,0,0,0,0,0,0.13946533203125,0.6756591796875,0.14447021484375,5,nan,nan
찱,U+CC31,0,0,0,0,0,0.14617919921875,0.71875,0.15631103515625,6,nan,nan
찲,U+CC32,0,0,0,0,0,0.14422607421875,0.703125,0.15997314453125,5,nan,nan
찳,U+CC33,0,0,0,0,0,0.1605224609375,0.8828125,0.168212890625,9,nan,nan
찴,U+CC34,0,0,0,0,0,0.1524658203125,0.7734375,0.15179443359375,4,nan,nan
찵,U+CC35,0,0,0,0,0,0.1483154296875,0.7305908203125,0.1673583984375,8,nan,nan
찶,U+CC36,0,0,1,1,0,0.1390380859375,0.692138671875,0.15576171875,5,nan,nan
찷,U+CC37,0,0,0,0,0,0.132080078125,0.65887451171875,0.150146484375,7,nan,nan
참,U+CC38,0,0,0,0,0,0.11077880859375,0.69140625,0.12286376953125,5,nan,nan
찹,U+CC39,0,0,0,0,0,0.098388671875,0.7056884765625,0.1123046875,4,nan,nan
찺,U+CC3A,0,0,0,0,0,0.11688232421875,0.744140625,0.1390380859375,8,nan,nan
찻,U+CC3B,0,0,0,0,0,0.12109375,0.76806640625,0.1192626953125,5,nan,nan
찼,U+CC3C,0,0,0,0,0,0.14483642578125,0.73114013671875,0.130859375,4,nan,nan
창,U+CC3D,0,0,0,0,0,0.12933349609375,0.720703125,0.1055908203125,6,nan,nan
찾,U+CC3E,0,0,1,1,0,0.11334228515625,0.7056884765625,0.12506103515625,6,nan,nan
찿,U+CC3F,0,0,0,0,0,0.12744140625,0.70751953125,0.13519287109375,4,nan,nan
챀,U+CC40,0,0,1,1,0,0.122314453125,0.69000244140625,0.12115478515625,5,nan,nan
챁,U+CC41,0,0,1,1,0,0.10687255859375,0.5689697265625,0.11279296875,5,nan,nan
챂,U+CC42,0,0,0,0,0,0.14739990234375,0.762939453125,0.147705078125,4,nan,nan
챃,U+CC43,0,0,0,0,0,0.13140869140625,0.73638916015625,0.121337890625,4,nan,nan
채,U+CC44,0,0,0,0,0,0.0938720703125,0.60699462890625,0.09930419921875,5,nan,nan
책,U+CC45,0,0,0,0,0,0.13482666015625,0.6640625,0.14410400390625,7,nan,nan
챆,U+CC46,0,0,1,1,0,0.130615234375,0.71905517578125,0.1417236328125,8,nan,nan
챇,U+CC47,0,0,0,0,0,0.13604736328125,0.6591796875,0.13958740234375,7,nan,nan
챈,U+CC48,0,0,0,0,0,0.11566162109375,0.5947265625,0.12799072265625,3,nan,nan
챉,U+CC49,0,0,1,1,0,0.13848876953125,0.658447265625,0.1507568359375,5,nan,nan
챊,U+CC4A,0,0,1,1,0,0.1343994140625,0.60699462890625,0.14508056640625,6,nan,nan
챋,U+CC4B,0,0,1,1,0,0.14080810546875,0.65087890625,0.142333984375,4,nan,nan
챌,U+CC4C,0,0,0,0,0,0.15496826171875,0.6328125,0.1630859375,7,nan,nan
챍,U+CC4D,0,0,0,0,0,0.13519287109375,0.6328125,0.1495361328125,10,nan,nan
챎,U+CC4E,0,0,0,0,0,0.16400146484375,0.7734375,0.18499755859375,10,nan,nan
챏,U+CC4F,0,0,0,0,0,0.12408447265625,0.7890625,0.148681640625,13,nan,nan
챐,U+CC50,0,0,0,0,0,0.152587890625,0.6953125,0.15826416015625,7,nan,nan
챑,U+CC51,0,0,0,0,0,0.11181640625,0.8392333984375,0.13995361328125,14,nan,nan
챒,U+CC52,0,0,1,1,0,0.1483154296875,0.6383056640625,0.1685791015625,5,nan,nan
챓,U+CC53,0,0,0,0,0,0.14398193359375,0.6666259765625,0.16717529296875,9,nan,nan
챔,U+CC54,0,0,0,0,0,0.126708984375,0.7613525390625,0.1400146484375,9,nan,nan
챕,U+CC55,0,0,0,0,0,0.13238525390625,0.75439453125,0.1328125,6,nan,nan
챖,U+CC56,0,0,0,0,0,0.14398193359375,0.643310546875,0.14642333984375,4,nan,nan
챗,U+CC57,0,0,0,0,0,0.12603759765625,0.651123046875,0.1258544921875,7,nan,nan
챘,U+CC58,0,0,0,0,0,0.15460205078125,0.6690673828125,0.14654541015625,4,nan,nan
챙,U+CC59,0,0,0,0,0,0.135009765625,0.65625,0.111328125,5,nan,nan
챚,U+CC5A,0,0,1,1,0,0.1298828125,0.64599609375,0.13958740234375,7,nan,nan
챛,U+CC5B,0,0,0,0,0,0.13250732421875,0.65625,0.14422607421875,6,nan,nan
챜,U+CC5C,0,0,1,1,0,0.1458740234375,0.7657470703125,0.15533447265625,8,nan,nan
챝,U+CC5D,0,0,1,1,0,0.137451171875,0.64849853515625,0.1551513671875,8,nan,nan
챞,U+CC5E,0,0,0,0,0,0.15911865234375,0.7305908203125,0.16094970703125,5,nan,nan
챟,U+CC5F,0,0,0,0,0,0.12811279296875,0.6328125,0.12738037109375,9,nan,nan
챠,U+CC60,0,0,0,0,0,0.09307861328125,0.48291015625,0.09039306640625,3,nan,nan
챡,U+CC61,0,0,0,0,0,0.12774658203125,0.76171875,0.123291015625,3,nan,nan
챢,U+CC62,0,0,1,1,0,0.11651611328125,0.734619140625,0.119384765625,4,nan,nan
챣,U+CC63,0,0,0,0,0,0.11602783203125,0.7274169921875,0.12451171875,4,nan,nan
챤,U+CC64,0,0,0,0,0,0.097900390625,0.6207275390625,0.10565185546875,4,nan,nan
챥,U+CC65,0,0,1,1,0,0.1146240234375,0.6712646484375,0.1241455078125,4,nan,nan
챦,U+CC66,0,0,1,1,0,0.1292724609375,0.7357177734375,0.14520263671875,5,nan,nan
챧,U+CC67,0,0,1,1,0,0.12139892578125,0.63873291015625,0.1229248046875,3,nan,nan
챨,U+CC68,0,0,0,0,0,0.1419677734375,0.72088623046875,0.15289306640625,4,nan,nan
챩,U+CC69,0,0,0,0,0,0.13604736328125,0.6690673828125,0.13653564453125,6,nan,nan
챪,U+CC6A,0,0,0,0,0,0.13055419921875,0.6962890625,0.1453857421875,6,nan,nan
챫,U+CC6B,0,0,0,0,0,0.14013671875,0.6953125,0.15966796875,3,nan,nan
챬,U+CC6C,0,0,0,0,0,0.14715576171875,0.71875,0.15289306640625,5,nan,nan
챭,U+CC6D,0,0,0,0,0,0.13189697265625,0.67437744140625,0.15216064453125,6,nan,nan
챮,U+CC6E,0,0,1,1,0,0.126953125,0.658447265625,0.14337158203125,7,nan,nan
챯,U+CC6F,0,0,0,0,0,0.11761474609375,0.666015625,0.139892578125,8,nan,nan
챰,U+CC70,0,0,0,0,0,0.1270751953125,0.714111328125,0.1304931640625,3,nan,nan
챱,U+CC71,0,0,0,0,0,0.120361328125,0.7921142578125,0.1353759765625,4,nan,nan
챲,U+CC72,0,0,0,0,0,0.1309814453125,0.6767578125,0.13970947265625,4,nan,nan
챳,U+CC73,0,0,0,0,0,0.122314453125,0.7371826171875,0.119140625,5,nan,nan
챴,U+CC74,0,0,0,0,0,0.14508056640625,0.708984375,0.1337890625,4,nan,nan
챵,U+CC75,0,0,0,0,0,0.13214111328125,0.7998046875,0.12823486328125,8,nan,nan
챶,U+CC76,0,0,1,1,0,0.1219482421875,0.6976318359375,0.12225341796875,6,nan,nan
챷,U+CC77,0,0,0,0,0,0.12738037109375,0.67437744140625,0.1334228515625,5,nan,nan
챸,U+CC78,0,0,1,1,0,0.13043212890625,0.72088623046875,0.1317138671875,7,nan,nan
챹,U+CC79,0,0,1,1,0,0.11883544921875,0.6298828125,0.128662109375,5,nan,nan
챺,U+CC7A,0,0,0,0,0,0.12310791015625,0.738525390625,0.12939453125,8,nan,nan
챻,U+CC7B,0,0,0,0,0,0.134033203125,0.7265625,0.1312255859375,4,nan,nan
챼,U+CC7C,0,0,0,0,0,0.113037109375,0.6875,0.118896484375,6,nan,nan
챽,U+CC7D,0,0,0,0,0,0.13446044921875,0.6875,0.1405029296875,7,nan,nan
챾,U+CC7E,0,0,1,1,0,0.14410400390625,0.7109375,0.14886474609375,4,nan,nan
챿,U+CC7F,0,0,0,0,0,0.14569091796875,0.744140625,0.1396484375,6,nan,nan
첀,U+CC80,0,0,0,0,0,0.1282958984375,0.6456298828125,0.1361083984375,6,nan,nan
첁,U+CC81,0,0,1,1,0,0.14739990234375,0.734375,0.15045166015625,6,nan,nan
첂,U+CC82,0,0,1,1,0,0.14532470703125,0.6383056640625,0.15313720703125,6,nan,nan
첃,U+CC83,0,0,1,1,0,0.14642333984375,0.65887451171875,0.14605712890625,4,nan,nan
첄,U+CC84,0,0,0,0,0,0.1553955078125,0.65887451171875,0.1541748046875,5,nan,nan
첅,U+CC85,0,0,0,0,0,0.156494140625,0.703125,0.1666259765625,9,nan,nan
첆,U+CC86,0,0,0,0,0,0.16436767578125,0.76904296875,0.1739501953125,10,nan,nan
첇,U+CC87,0,0,0,0,0,0.1407470703125,0.8125,0.1552734375,13,nan,nan
첈,U+CC88,0,0,0,0,0,0.17047119140625,0.7109375,0.1646728515625,4,nan,nan
첉,U+CC89,0,0,0,0,0,0.14874267578125,0.65625,0.16656494140625,11,nan,nan
첊,U+CC8A,0,0,1,1,0,0.155029296875,0.6953125,0.16644287109375,10,nan,nan
첋,U+CC8B,0,0,0,0,0,0.13995361328125,0.6998291015625,0.1566162109375,13,nan,nan
첌,U+CC8C,0,0,0,0,0,0.143798828125,0.67437744140625,0.1497802734375,4,nan,nan
첍,U+CC8D,0,0,0,0,0,0.13336181640625,0.6767578125,0.14251708984375,5,nan,nan
첎,U+CC8E,0,0,0,0,0,0.1566162109375,0.6875,0.15643310546875,5,nan,nan
첏,U+CC8F,0,0,0,0,0,0.13970947265625,0.71875,0.13232421875,5,nan,nan
첐,U+CC90,0,0,0,0,0,0.16998291015625,0.6953125,0.15582275390625,7,nan,nan
첑,U+CC91,0,0,0,0,0,0.13909912109375,0.7421875,0.13604736328125,6,nan,nan
첒,U+CC92,0,0,1,1,0,0.13031005859375,0.661376953125,0.14208984375,5,nan,nan
첓,U+CC93,0,0,0,0,0,0.14434814453125,0.7734375,0.15496826171875,3,nan,nan
첔,U+CC94,0,0,1,1,0,0.14111328125,0.7274169921875,0.1527099609375,11,nan,nan
첕,U+CC95,0,0,1,1,0,0.1478271484375,0.6357421875,0.150146484375,4,nan,nan
첖,U+CC96,0,0,0,0,0,0.1575927734375,0.6953125,0.1566162109375,6,nan,nan
첗,U+CC97,0,0,0,0,0,0.13482666015625,0.671875,0.14105224609375,9,nan,nan
처,U+CC98,0,0,0,0,0,0.09625244140625,0.40740966796875,0.0826416015625,3,nan,nan
척,U+CC99,0,0,0,0,0,0.115478515625,0.54931640625,0.10943603515625,3,nan,nan
첚,U+CC9A,0,0,1,1,0,0.12591552734375,0.61297607421875,0.1258544921875,5,nan,nan
첛,U+CC9B,0,0,0,0,0,0.13385009765625,0.7305908203125,0.12493896484375,4,nan,nan
천,U+CC9C,0,0,0,0,0,0.11419677734375,0.54046630859375,0.11163330078125,5,nan,nan
첝,U+CC9D,0,0,1,1,0,0.13250732421875,0.619384765625,0.13140869140625,4,nan,nan
첞,U+CC9E,0,0,1,1,0,0.14605712890625,0.7998046875,0.1375732421875,7,nan,nan
첟,U+CC9F,0,0,1,1,0,0.11566162109375,0.5401611328125,0.12255859375,5,nan,nan
철,U+CCA0,0,0,0,0,0,0.13970947265625,0.74810791015625,0.14031982421875,6,nan,nan
첡,U+CCA1,0,0,0,0,0,0.1514892578125,0.78289794921875,0.15570068359375,10,nan,nan
첢,U+CCA2,0,0,0,0,0,0.1517333984375,0.615234375,0.1683349609375,4,nan,nan
첣,U+CCA3,0,0,0,0,0,0.151611328125,0.7421875,0.1573486328125,5,nan,nan
첤,U+CCA4,0,0,0,0,0,0.15655517578125,0.7265625,0.15362548828125,4,nan,nan
첥,U+CCA5,0,0,0,0,0,0.1429443359375,0.7421875,0.15338134765625,6,nan,nan
첦,U+CCA6,0,0,1,1,0,0.160888671875,0.71875,0.16375732421875,6,nan,nan
첧,U+CCA7,0,0,0,0,0,0.14971923828125,0.765625,0.16082763671875,11,nan,nan
첨,U+CCA8,0,0,0,0,0,0.1163330078125,0.51239013671875,0.12042236328125,3,nan,nan
첩,U+CCA9,0,0,0,0,0,0.11962890625,0.54046630859375,0.121826171875,4,nan,nan
첪,U+CCAA,0,0,0,0,0,0.1441650390625,0.673583984375,0.1455078125,4,nan,nan
첫,U+CCAB,0,0,0,0,0,0.1248779296875,0.573486328125,0.10528564453125,3,nan,nan
첬,U+CCAC,0,0,0,0,0,0.1478271484375,0.6796875,0.12628173828125,3,nan,nan
청,U+CCAD,0,0,0,0,0,0.15313720703125,0.57861328125,0.1011962890625,4,nan,nan
첮,U+CCAE,0,0,1,1,0,0.13116455078125,0.552001953125,0.1204833984375,4,nan,nan
첯,U+CCAF,0,0,0,0,0,0.13092041015625,0.651123046875,0.12750244140625,4,nan,nan
첰,U+CCB0,0,0,1,1,0,0.13592529296875,0.55389404296875,0.12518310546875,3,nan,nan
첱,U+CCB1,0,0,1,1,0,0.14068603515625,0.58746337890625,0.1397705078125,7,nan,nan
첲,U+CCB2,0,0,0,0,0,0.14227294921875,0.66375732421875,0.14483642578125,6,nan,nan
첳,U+CCB3,0,0,0,0,0,0.14892578125,0.78289794921875,0.1265869140625,5,nan,nan
체,U+CCB4,0,0,0,0,1,0.12701416015625,0.6953125,0.1192626953125,3,24.208998812156,0.9583699593284712
첵,U+CCB5,0,0,0,0,0,0.12481689453125,0.703125,0.13330078125,7,nan,nan
첶,U+CCB6,0,0,1,1,0,0.1424560546875,0.6383056640625,0.1431884765625,4,nan,nan
첷,U+CCB7,0,0,0,0,0,0.14373779296875,0.713134765625,0.13690185546875,6,nan,nan
첸,U+CCB8,0,0,0,0,0,0.13653564453125,0.6875,0.140625,5,nan,nan
첹,U+CCB9,0,0,1,1,0,0.15338134765625,0.8526611328125,0.1568603515625,8,nan,nan
첺,U+CCBA,0,0,1,1,0,0.14947509765625,0.75,0.15997314453125,9,nan,nan
첻,U+CCBB,0,0,1,1,0,0.145263671875,0.6844482421875,0.1505126953125,5,nan,nan
첼,U+CCBC,0,0,0,0,0,0.17279052734375,0.6796875,0.17230224609375,4,nan,nan
첽,U+CCBD,0,0,0,0,0,0.15924072265625,0.6640625,0.15673828125,4,nan,nan
첾,U+CCBE,0,0,0,0,0,0.14898681640625,0.78125,0.1607666015625,13,nan,nan
첿,U+CCBF,0,0,0,0,0,0.1312255859375,0.8046875,0.14300537109375,13,nan,nan
쳀,U+CCC0,0,0,0,0,0,0.16961669921875,0.6953125,0.1668701171875,5,nan,nan
쳁,U+CCC1,0,0,0,0,0,0.14263916015625,0.75189208984375,0.15216064453125,11,nan,nan
쳂,U+CCC2,0,0,1,1,0,0.16253662109375,0.6953125,0.163330078125,8,nan,nan
쳃,U+CCC3,0,0,0,0,0,0.1732177734375,0.703125,0.18927001953125,7,nan,nan
쳄,U+CCC4,0,0,0,0,0,0.134521484375,0.7265625,0.14501953125,9,nan,nan
쳅,U+CCC5,0,0,0,0,0,0.136962890625,0.6055908203125,0.14288330078125,7,nan,nan
쳆,U+CCC6,0,0,0,0,0,0.1500244140625,0.6953125,0.15106201171875,6,nan,nan
쳇,U+CCC7,0,0,0,0,0,0.14306640625,0.6666259765625,0.130859375,5,nan,nan
쳈,U+CCC8,0,0,0,0,0,0.169921875,0.7906494140625,0.16265869140625,5,nan,nan
쳉,U+CCC9,0,0,0,0,0,0.17425537109375,0.65625,0.1217041015625,7,nan,nan
쳊,U+CCCA,0,0,1,1,0,0.14349365234375,0.6953125,0.14642333984375,7,nan,nan
쳋,U+CCCB,0,0,0,0,0,0.16058349609375,0.8125,0.14984130859375,5,nan,nan
쳌,U+CCCC,0,0,1,1,0,0.18670654296875,0.7734375,0.166259765625,5,nan,nan
쳍,U+CCCD,0,0,1,1,0,0.15338134765625,0.65625,0.16143798828125,6,nan,nan
쳎,U+CCCE,0,0,0,0,0,0.156982421875,0.7734375,0.16180419921875,8,nan,nan
쳏,U+CCCF,0,0,0,0,0,0.14862060546875,0.75189208984375,0.1341552734375,7,nan,nan
쳐,U+CCD0,0,0,0,0,0,0.0953369140625,0.4339599609375,0.0906982421875,3,nan,nan
쳑,U+CCD1,0,0,0,0,0,0.11962890625,0.573486328125,0.11602783203125,4,nan,nan
쳒,U+CCD2,0,0,1,1,0,0.12713623046875,0.7357177734375,0.13433837890625,10,nan,nan
쳓,U+CCD3,0,0,0,0,0,0.1492919921875,0.6953125,0.13623046875,3,nan,nan
쳔,U+CCD4,0,0,0,0,0,0.11749267578125,0.6646728515625,0.11773681640625,6,nan,nan
쳕,U+CCD5,0,0,1,1,0,0.1513671875,0.6796875,0.137451171875,5,nan,nan
쳖,U+CCD6,0,0,1,1,0,0.1600341796875,0.75189208984375,0.15728759765625,12,nan,nan
쳗,U+CCD7,0,0,1,1,0,0.1302490234375,0.57861328125,0.12701416015625,3,nan,nan
쳘,U+CCD8,0,0,0,0,0,0.14910888671875,0.8216552734375,0.144775390625,7,nan,nan
쳙,U+CCD9,0,0,0,0,0,0.14794921875,0.80615234375,0.15875244140625,12,nan,nan
쳚,U+CCDA,0,0,0,0,0,0.17242431640625,0.734375,0.17559814453125,8,nan,nan
쳛,U+CCDB,0,0,0,0,0,0.1656494140625,0.7906494140625,0.16705322265625,13,nan,nan
쳜,U+CCDC,0,0,0,0,0,0.15863037109375,0.8125,0.16693115234375,7,nan,nan
쳝,U+CCDD,0,0,0,0,0,0.149169921875,0.753662109375,0.15936279296875,9,nan,nan
쳞,U+CCDE,0,0,1,1,0,0.1580810546875,0.8125,0.1669921875,15,nan,nan
쳟,U+CCDF,0,0,0,0,0,0.1536865234375,0.79840087890625,0.157958984375,13,nan,nan
쳠,U+CCE0,0,0,0,0,0,0.134033203125,0.690673828125,0.13720703125,12,nan,nan
쳡,U+CCE1,0,0,0,0,0,0.14276123046875,0.73828125,0.13995361328125,10,nan,nan
쳢,U+CCE2,0,0,0,0,0,0.15106201171875,0.765625,0.148193359375,7,nan,nan
쳣,U+CCE3,0,0,0,0,0,0.12994384765625,0.60498046875,0.11383056640625,3,nan,nan
쳤,U+CCE4,0,0,0,0,1,0.1519775390625,0.6796875,0.1357421875,3,23.278376710073765,0.9540530962814258
쳥,U+CCE5,0,0,0,0,0,0.155517578125,0.625,0.123779296875,8,nan,nan
쳦,U+CCE6,0,0,1,1,0,0.14495849609375,0.77056884765625,0.1348876953125,10,nan,nan
쳧,U+CCE7,0,0,0,0,0,0.15081787109375,0.661376953125,0.13885498046875,4,nan,nan
쳨,U+CCE8,0,0,1,1,0,0.1409912109375,0.74462890625,0.14190673828125,9,nan,nan
쳩,U+CCE9,0,0,1,1,0,0.15863037109375,0.738525390625,0.14068603515625,5,nan,nan
쳪,U+CCEA,0,0,0,0,0,0.14300537109375,0.6875,0.14630126953125,10,nan,nan
쳫,U+CCEB,0,0,0,0,0,0.1566162109375,0.69268798828125,0.14166259765625,9,nan,nan
쳬,U+CCEC,0,0,0,0,0,0.1312255859375,0.796875,0.12249755859375,11,nan,nan
쳭,U+CCED,0,0,0,0,0,0.13946533203125,0.6953125,0.140380859375,6,nan,nan
쳮,U+CCEE,0,0,1,1,0,0.14276123046875,0.796875,0.156005859375,7,nan,nan
쳯,U+CCEF,0,0,0,0,0,0.1484375,0.7734375,0.14788818359375,8,nan,nan
쳰,U+CCF0,0,0,0,0,0,0.13897705078125,0.6796875,0.1463623046875,4,nan,nan
쳱,U+CCF1,0,0,1,1,0,0.162841796875,0.734375,0.17352294921875,7,nan,nan
쳲,U+CCF2,0,0,1,1,0,0.1622314453125,0.753662109375,0.166748046875,9,nan,nan
쳳,U+CCF3,0,0,1,1,0,0.13604736328125,0.6844482421875,0.15631103515625,6,nan,nan
쳴,U+CCF4,0,0,0,0,0,0.1702880859375,0.671875,0.168701171875,6,nan,nan
쳵,U+CCF5,0,0,0,0,0,0.16046142578125,0.796875,0.17291259765625,6,nan,nan
쳶,U+CCF6,0,0,0,0,0,0.162841796875,0.8046875,0.1702880859375,13,nan,nan
쳷,U+CCF7,0,0,0,0,0,0.1322021484375,0.784423828125,0.1468505859375,11,nan,nan
쳸,U+CCF8,0,0,0,0,0,0.17529296875,0.703125,0.16278076171875,7,nan,nan
쳹,U+CCF9,0,0,0,0,0,0.15399169921875,0.7596435546875,0.175537109375,12,nan,nan
쳺,U+CCFA,0,0,1,1,0,0.1767578125,0.8515625,0.18194580078125,12,nan,nan
쳻,U+CCFB,0,0,0,0,0,0.1610107421875,0.70751953125,0.177978515625,8,nan,nan
쳼,U+CCFC,0,0,0,0,0,0.12945556640625,0.64599609375,0.14422607421875,8,nan,nan
쳽,U+CCFD,0,0,0,0,0,0.12164306640625,0.73828125,0.14276123046875,12,nan,nan
쳾,U+CCFE,0,0,0,0,0,0.16619873046875,0.71875,0.16265869140625,6,nan,nan
쳿,U+CCFF,0,0,0,0,0,0.1466064453125,0.8125,0.14111328125,7,nan,nan
촀,U+CD00,0,0,0,0,0,0.16717529296875,0.68212890625,0.15478515625,6,nan,nan
촁,U+CD01,0,0,0,0,0,0.17041015625,0.7906494140625,0.14483642578125,6,nan,nan
촂,U+CD02,0,0,1,1,0,0.13134765625,0.7286376953125,0.14410400390625,7,nan,nan
촃,U+CD03,0,0,0,0,0,0.13702392578125,0.692138671875,0.1409912109375,7,nan,nan
촄,U+CD04,0,0,1,1,0,0.15899658203125,0.75,0.15911865234375,7,nan,nan
촅,U+CD05,0,0,1,1,0,0.15655517578125,0.671875,0.15625,8,nan,nan
촆,U+CD06,0,0,0,0,0,0.16259765625,0.7109375,0.16107177734375,7,nan,nan
촇,U+CD07,0,0,0,0,0,0.1400146484375,0.671875,0.1375732421875,12,nan,nan
초,U+CD08,0,0,0,0,0,0.08660888671875,0.487060546875,0.0799560546875,4,nan,nan
촉,U+CD09,0,0,0,0,0,0.10223388671875,0.578125,0.1087646484375,4,nan,nan
촊,U+CD0A,0,0,1,1,0,0.11956787109375,0.765625,0.13519287109375,7,nan,nan
촋,U+CD0B,0,0,0,0,0,0.1241455078125,0.734375,0.13238525390625,4,nan,nan
촌,U+CD0C,0,0,0,0,0,0.10662841796875,0.6796875,0.104736328125,4,nan,nan
촍,U+CD0D,0,0,1,1,0,0.1278076171875,0.6640625,0.14031982421875,6,nan,nan
촎,U+CD0E,0,0,1,1,0,0.131591796875,0.625,0.13299560546875,6,nan,nan
촏,U+CD0F,0,0,1,1,0,0.11932373046875,0.55810546875,0.11358642578125,3,nan,nan
촐,U+CD10,0,0,0,0,0,0.12896728515625,0.59375,0.12774658203125,3,nan,nan
촑,U+CD11,0,0,0,0,0,0.12347412109375,0.6484375,0.14703369140625,6,nan,nan
촒,U+CD12,0,0,0,0,0,0.135009765625,0.75,0.16473388671875,8,nan,nan
촓,U+CD13,0,0,0,0,0,0.1424560546875,0.6953125,0.15911865234375,7,nan,nan
촔,U+CD14,0,0,0,0,0,0.14129638671875,0.7171630859375,0.1578369140625,4,nan,nan
촕,U+CD15,0,0,0,0,0,0.11614990234375,0.6640625,0.1358642578125,8,nan,nan
촖,U+CD16,0,0,1,1,0,0.1292724609375,0.7109375,0.14910888671875,7,nan,nan
촗,U+CD17,0,0,0,0,0,0.17510986328125,0.765625,0.16302490234375,4,nan,nan
촘,U+CD18,0,0,0,0,0,0.1112060546875,0.609375,0.11700439453125,2,nan,nan
촙,U+CD19,0,0,0,0,0,0.13031005859375,0.6484375,0.1241455078125,2,nan,nan
촚,U+CD1A,0,0,0,0,0,0.13690185546875,0.71875,0.14202880859375,4,nan,nan
촛,U+CD1B,0,0,0,0,0,0.1099853515625,0.5426025390625,0.096435546875,1,nan,nan
촜,U+CD1C,0,0,0,0,0,0.15570068359375,0.6953125,0.12945556640625,3,nan,nan
총,U+CD1D,0,0,0,0,0,0.0772705078125,0.55694580078125,0.08038330078125,3,nan,nan
촞,U+CD1E,0,0,1,1,0,0.120849609375,0.68212890625,0.1170654296875,3,nan,nan
촟,U+CD1F,0,0,0,0,0,0.12042236328125,0.640625,0.12353515625,2,nan,nan
촠,U+CD20,0,0,1,1,0,0.1270751953125,0.625,0.1292724609375,4,nan,nan
촡,U+CD21,0,0,1,1,0,0.12530517578125,0.5546875,0.12432861328125,3,nan,nan
촢,U+CD22,0,0,0,0,0,0.132568359375,0.6666259765625,0.13763427734375,6,nan,nan
촣,U+CD23,0,0,0,0,0,0.0947265625,0.5546875,0.10467529296875,5,nan,nan
촤,U+CD24,0,0,0,0,0,0.11669921875,0.62841796875,0.1126708984375,3,nan,nan
촥,U+CD25,0,0,0,0,0,0.13714599609375,0.8203125,0.137939453125,5,nan,nan
촦,U+CD26,0,0,1,1,0,0.12652587890625,0.796875,0.12823486328125,5,nan,nan
촧,U+CD27,0,0,0,0,0,0.1593017578125,0.83056640625,0.150390625,4,nan,nan
촨,U+CD28,0,0,0,0,0,0.14849853515625,0.796875,0.13427734375,3,nan,nan
촩,U+CD29,0,0,1,1,0,0.13671875,0.71636962890625,0.14031982421875,4,nan,nan
촪,U+CD2A,0,0,1,1,0,0.14569091796875,0.77325439453125,0.147705078125,5,nan,nan
촫,U+CD2B,0,0,1,1,0,0.15130615234375,0.705810546875,0.145263671875,3,nan,nan
촬,U+CD2C,0,0,0,0,0,0.15771484375,0.70697021484375,0.14947509765625,6,nan,nan
촭,U+CD2D,0,0,0,0,0,0.14190673828125,0.75189208984375,0.15496826171875,5,nan,nan
촮,U+CD2E,0,0,0,0,0,0.15130615234375,0.67547607421875,0.16290283203125,8,nan,nan
촯,U+CD2F,0,0,0,0,0,0.14697265625,0.7286376953125,0.17083740234375,6,nan,nan
촰,U+CD30,0,0,0,0,0,0.15875244140625,0.78289794921875,0.160888671875,6,nan,nan
촱,U+CD31,0,0,0,0,0,0.12701416015625,0.7421875,0.14691162109375,6,nan,nan
촲,U+CD32,0,0,1,1,0,0.1259765625,0.734375,0.1435546875,6,nan,nan
촳,U+CD33,0,0,0,0,0,0.1551513671875,0.7578125,0.170654296875,7,nan,nan
촴,U+CD34,0,0,0,0,0,0.1507568359375,0.722900390625,0.14837646484375,3,nan,nan
촵,U+CD35,0,0,0,0,0,0.14996337890625,0.74591064453125,0.14227294921875,4,nan,nan
촶,U+CD36,0,0,0,0,0,0.15966796875,0.81390380859375,0.16339111328125,4,nan,nan
촷,U+CD37,0,0,0,0,0,0.15826416015625,0.845947265625,0.14117431640625,4,nan,nan
촸,U+CD38,0,0,0,0,0,0.17181396484375,0.8359375,0.15521240234375,5,nan,nan
촹,U+CD39,0,0,0,0,0,0.1744384765625,0.8671875,0.14453125,4,nan,nan
촺,U+CD3A,0,0,1,1,0,0.1292724609375,0.71319580078125,0.13702392578125,4,nan,nan
촻,U+CD3B,0,0,0,0,0,0.13470458984375,0.6796875,0.13946533203125,5,nan,nan
촼,U+CD3C,0,0,1,1,0,0.14031982421875,0.73358154296875,0.13909912109375,6,nan,nan
촽,U+CD3D,0,0,1,1,0,0.14239501953125,0.722900390625,0.1494140625,4,nan,nan
촾,U+CD3E,0,0,0,0,0,0.15631103515625,0.775146484375,0.1552734375,6,nan,nan
촿,U+CD3F,0,0,0,0,0,0.15362548828125,0.79022216796875,0.1495361328125,5,nan,nan
쵀,U+CD40,0,0,0,0,0,0.11444091796875,0.54248046875,0.1307373046875,2,nan,nan
쵁,U+CD41,0,0,0,0,0,0.15118408203125,0.686767578125,0.14544677734375,4,nan,nan
쵂,U+CD42,0,0,1,1,0,0.1461181640625,0.703125,0.16033935546875,3,nan,nan
쵃,U+CD43,0,0,0,0,0,0.16070556640625,0.7152099609375,0.1689453125,7,nan,nan
쵄,U+CD44,0,0,0,0,0,0.15582275390625,0.703125,0.16436767578125,5,nan,nan
쵅,U+CD45,0,0,1,1,0,0.17279052734375,0.673583984375,0.1785888671875,7,nan,nan
쵆,U+CD46,0,0,1,1,0,0.15167236328125,0.6796875,0.1673583984375,7,nan,nan
쵇,U+CD47,0,0,1,1,0,0.16082763671875,0.68212890625,0.16668701171875,6,nan,nan
쵈,U+CD48,0,0,0,0,0,0.184326171875,0.7109375,0.17877197265625,5,nan,nan
쵉,U+CD49,0,0,0,0,0,0.17071533203125,0.6690673828125,0.1800537109375,5,nan,nan
쵊,U+CD4A,0,0,0,0,0,0.18084716796875,0.6640625,0.1978759765625,8,nan,nan
쵋,U+CD4B,0,0,0,0,0,0.18414306640625,0.68212890625,0.19390869140625,4,nan,nan
쵌,U+CD4C,0,0,0,0,0,0.161376953125,0.6776123046875,0.1754150390625,4,nan,nan
쵍,U+CD4D,0,0,0,0,0,0.16943359375,0.6690673828125,0.18243408203125,6,nan,nan
쵎,U+CD4E,0,0,1,1,0,0.1690673828125,0.6875,0.1910400390625,11,nan,nan
쵏,U+CD4F,0,0,0,0,0,0.1680908203125,0.6844482421875,0.1837158203125,7,nan,nan
쵐,U+CD50,0,0,0,0,0,0.140380859375,0.692138671875,0.16766357421875,7,nan,nan
쵑,U+CD51,0,0,0,0,0,0.1488037109375,0.7109375,0.17822265625,4,nan,nan
쵒,U+CD52,0,0,0,0,0,0.17108154296875,0.7421875,0.17333984375,4,nan,nan
쵓,U+CD53,0,0,0,0,0,0.15045166015625,0.6265869140625,0.14324951171875,4,nan,nan
쵔,U+CD54,0,0,0,0,0,0.17559814453125,0.6884765625,0.16644287109375,4,nan,nan
쵕,U+CD55,0,0,0,0,0,0.1593017578125,0.68115234375,0.1444091796875,5,nan,nan
쵖,U+CD56,0,0,1,1,0,0.16455078125,0.6875,0.16943359375,4,nan,nan
쵗,U+CD57,0,0,0,0,0,0.172607421875,0.68988037109375,0.17315673828125,2,nan,nan
쵘,U+CD58,0,0,1,1,0,0.1566162109375,0.6875,0.170166015625,10,nan,nan
쵙,U+CD59,0,0,1,1,0,0.161376953125,0.671875,0.1710205078125,5,nan,nan
쵚,U+CD5A,0,0,0,0,0,0.163818359375,0.692138671875,0.18060302734375,7,nan,nan
쵛,U+CD5B,0,0,0,0,0,0.15673828125,0.6953125,0.1568603515625,8,nan,nan
최,U+CD5C,0,0,0,0,0,0.1114501953125,0.47735595703125,0.10272216796875,3,nan,nan
쵝,U+CD5D,0,0,0,0,0,0.13543701171875,0.6103515625,0.12225341796875,5,nan,nan
쵞,U+CD5E,0,0,1,1,0,0.151611328125,0.64599609375,0.1446533203125,6,nan,nan
쵟,U+CD5F,0,0,0,0,0,0.16632080078125,0.71875,0.156005859375,4,nan,nan
쵠,U+CD60,0,0,0,0,0,0.15057373046875,0.65625,0.1363525390625,5,nan,nan
쵡,U+CD61,0,0,1,1,0,0.17529296875,0.7152099609375,0.15283203125,4,nan,nan
쵢,U+CD62,0,0,1,1,0,0.15283203125,0.64337158203125,0.15283203125,7,nan,nan
쵣,U+CD63,0,0,1,1,0,0.1536865234375,0.609375,0.142333984375,7,nan,nan
쵤,U+CD64,0,0,0,0,0,0.15863037109375,0.59375,0.14447021484375,7,nan,nan
쵥,U+CD65,0,0,0,0,0,0.16876220703125,0.64337158203125,0.1568603515625,9,nan,nan
쵦,U+CD66,0,0,0,0,0,0.1671142578125,0.609375,0.15155029296875,6,nan,nan
쵧,U+CD67,0,0,0,0,0,0.1524658203125,0.63323974609375,0.16314697265625,6,nan,nan
쵨,U+CD68,0,0,0,0,0,0.17315673828125,0.7265625,0.15386962890625,5,nan,nan
쵩,U+CD69,0,0,0,0,0,0.18817138671875,0.75,0.176513671875,6,nan,nan
쵪,U+CD6A,0,0,1,1,0,0.18157958984375,0.6875,0.16778564453125,6,nan,nan
쵫,U+CD6B,0,0,0,0,0,0.17633056640625,0.65625,0.16534423828125,7,nan,nan
쵬,U+CD6C,0,0,0,0,0,0.14044189453125,0.615234375,0.14556884765625,3,nan,nan
쵭,U+CD6D,0,0,0,0,0,0.1365966796875,0.5855712890625,0.1422119140625,5,nan,nan
쵮,U+CD6E,0,0,0,0,0,0.1588134765625,0.78125,0.16192626953125,8,nan,nan
쵯,U+CD6F,0,0,0,0,0,0.1541748046875,0.6666259765625,0.13641357421875,3,nan,nan
쵰,U+CD70,0,0,0,0,0,0.1771240234375,0.7109375,0.15167236328125,4,nan,nan
쵱,U+CD71,0,0,0,0,1,0.1573486328125,0.6005859375,0.12481689453125,4,8.407824007698537,0.5290814434597727
쵲,U+CD72,0,0,1,1,0,0.15362548828125,0.65887451171875,0.14215087890625,4,nan,nan
쵳,U+CD73,0,0,0,0,0,0.15533447265625,0.651123046875,0.147705078125,5,nan,nan
쵴,U+CD74,0,0,1,1,0,0.14984130859375,0.5950927734375,0.144775390625,4,nan,nan
쵵,U+CD75,0,0,1,1,0,0.16278076171875,0.753662109375,0.1494140625,7,nan,nan
쵶,U+CD76,0,0,0,0,0,0.1732177734375,0.671875,0.151611328125,6,nan,nan
쵷,U+CD77,0,0,0,0,0,0.14019775390625,0.625,0.13031005859375,7,nan,nan
쵸,U+CD78,0,0,0,0,0,0.091796875,0.4306640625,0.08343505859375,2,nan,nan
쵹,U+CD79,0,0,0,0,0,0.11468505859375,0.65625,0.11517333984375,3,nan,nan
쵺,U+CD7A,0,0,1,1,0,0.1168212890625,0.6875,0.12701416015625,3,nan,nan
쵻,U+CD7B,0,0,0,0,0,0.13739013671875,0.6976318359375,0.134033203125,2,nan,nan
쵼,U+CD7C,0,0,0,0,0,0.1162109375,0.640625,0.109130859375,3,nan,nan
쵽,U+CD7D,0,0,1,1,0,0.12841796875,0.578125,0.1324462890625,5,nan,nan
쵾,U+CD7E,0,0,1,1,0,0.11572265625,0.5736083984375,0.133056640625,4,nan,nan
쵿,U+CD7F,0,0,1,1,0,0.1097412109375,0.5546875,0.112060546875,3,nan,nan
춀,U+CD80,0,0,0,0,0,0.157958984375,0.6640625,0.14404296875,3,nan,nan
춁,U+CD81,0,0,0,0,0,0.112548828125,0.59375,0.12884521484375,7,nan,nan
춂,U+CD82,0,0,0,0,0,0.1351318359375,0.625,0.144775390625,4,nan,nan
춃,U+CD83,0,0,0,0,0,0.13909912109375,0.6640625,0.15625,5,nan,nan
춄,U+CD84,0,0,0,0,0,0.152099609375,0.68988037109375,0.15899658203125,4,nan,nan
춅,U+CD85,0,0,0,0,0,0.125732421875,0.6171875,0.1483154296875,8,nan,nan
춆,U+CD86,0,0,1,1,0,0.12957763671875,0.640625,0.1514892578125,4,nan,nan
춇,U+CD87,0,0,0,0,0,0.13372802734375,0.703125,0.1558837890625,6,nan,nan
춈,U+CD88,0,0,0,0,0,0.10540771484375,0.5859375,0.110107421875,3,nan,nan
춉,U+CD89,0,0,0,0,0,0.11968994140625,0.5859375,0.12176513671875,3,nan,nan
춊,U+CD8A,0,0,0,0,0,0.1351318359375,0.640625,0.13421630859375,3,nan,nan
춋,U+CD8B,0,0,0,0,0,0.10125732421875,0.5859375,0.095458984375,3,nan,nan
춌,U+CD8C,0,0,0,0,0,0.1591796875,0.65625,0.13739013671875,3,nan,nan
춍,U+CD8D,0,0,0,0,0,0.12030029296875,0.68212890625,0.11907958984375,3,nan,nan
춎,U+CD8E,0,0,1,1,0,0.098388671875,0.5390625,0.1075439453125,4,nan,nan
춏,U+CD8F,0,0,0,0,0,0.10418701171875,0.5625,0.1063232421875,4,nan,nan
춐,U+CD90,0,0,1,1,0,0.126220703125,0.6015625,0.12359619140625,5,nan,nan
춑,U+CD91,0,0,1,1,0,0.09405517578125,0.4765625,0.1041259765625,4,nan,nan
춒,U+CD92,0,0,0,0,0,0.1502685546875,0.7109375,0.155029296875,4,nan,nan
춓,U+CD93,0,0,0,0,0,0.11456298828125,0.58746337890625,0.11968994140625,3,nan,nan
추,U+CD94,0,0,0,0,0,0.08660888671875,0.5616455078125,0.07867431640625,2,nan,nan
축,U+CD95,0,0,0,0,0,0.1011962890625,0.582763671875,0.106689453125,6,nan,nan
춖,U+CD96,0,0,1,1,0,0.11114501953125,0.640380859375,0.11456298828125,4,nan,nan
춗,U+CD97,0,0,0,0,0,0.122314453125,0.63812255859375,0.11029052734375,3,nan,nan
춘,U+CD98,0,0,0,0,0,0.10888671875,0.6484375,0.1075439453125,3,nan,nan
춙,U+CD99,0,0,1,1,0,0.11749267578125,0.5584716796875,0.11614990234375,5,nan,nan
춚,U+CD9A,0,0,1,1,0,0.12127685546875,0.6953125,0.13031005859375,3,nan,nan
춛,U+CD9B,0,0,1,1,0,0.1107177734375,0.5625,0.102294921875,2,nan,nan
출,U+CD9C,0,0,0,0,0,0.12957763671875,0.6640625,0.13568115234375,3,nan,nan
춝,U+CD9D,0,0,0,0,0,0.10504150390625,0.5546875,0.10992431640625,3,nan,nan
춞,U+CD9E,0,0,0,0,0,0.129638671875,0.589111328125,0.12835693359375,5,nan,nan
춟,U+CD9F,0,0,0,0,0,0.13226318359375,0.6328125,0.1510009765625,7,nan,nan
춠,U+CDA0,0,0,0,0,0,0.13604736328125,0.65625,0.13714599609375,3,nan,nan
춡,U+CDA1,0,0,0,0,0,0.1339111328125,0.6171875,0.14080810546875,5,nan,nan
춢,U+CDA2,0,0,1,1,0,0.1370849609375,0.640625,0.14373779296875,3,nan,nan
춣,U+CDA3,0,0,0,0,0,0.123291015625,0.71875,0.14739990234375,4,nan,nan
춤,U+CDA4,0,0,0,0,0,0.1004638671875,0.5859375,0.11492919921875,3,nan,nan
춥,U+CDA5,0,0,0,0,0,0.110107421875,0.5234375,0.10894775390625,3,nan,nan
춦,U+CDA6,0,0,0,0,0,0.13031005859375,0.6796875,0.1336669921875,3,nan,nan
춧,U+CDA7,0,0,0,0,0,0.104736328125,0.53466796875,0.09552001953125,3,nan,nan
춨,U+CDA8,0,0,0,0,0,0.135009765625,0.6383056640625,0.12274169921875,4,nan,nan
충,U+CDA9,0,0,0,0,0,0.09820556640625,0.561767578125,0.0908203125,3,nan,nan
춪,U+CDAA,0,0,1,1,0,0.10504150390625,0.60809326171875,0.10760498046875,3,nan,nan
춫,U+CDAB,0,0,0,0,0,0.09954833984375,0.59375,0.10125732421875,4,nan,nan
춬,U+CDAC,0,0,1,1,0,0.10595703125,0.6015625,0.115234375,5,nan,nan
춭,U+CDAD,0,0,1,1,0,0.094970703125,0.4495849609375,0.0955810546875,4,nan,nan
춮,U+CDAE,0,0,0,0,0,0.12646484375,0.6015625,0.1295166015625,4,nan,nan
춯,U+CDAF,0,0,0,0,0,0.1041259765625,0.6383056640625,0.106201171875,3,nan,nan
춰,U+CDB0,0,0,0,0,0,0.10772705078125,0.613037109375,0.11456298828125,4,nan,nan
춱,U+CDB1,0,0,0,0,0,0.13153076171875,0.60498046875,0.125,6,nan,nan
춲,U+CDB2,0,0,1,1,0,0.12646484375,0.6796875,0.12353515625,7,nan,nan
춳,U+CDB3,0,0,0,0,0,0.14892578125,0.70538330078125,0.14508056640625,7,nan,nan
춴,U+CDB4,0,0,0,0,0,0.1339111328125,0.701904296875,0.1341552734375,6,nan,nan
춵,U+CDB5,0,0,1,1,0,0.16473388671875,0.7596435546875,0.15087890625,5,nan,nan
춶,U+CDB6,0,0,1,1,0,0.1700439453125,0.67138671875,0.17022705078125,7,nan,nan
춷,U+CDB7,0,0,1,1,0,0.13909912109375,0.73638916015625,0.1412353515625,5,nan,nan
춸,U+CDB8,0,0,0,0,0,0.1575927734375,0.6953125,0.150390625,5,nan,nan
춹,U+CDB9,0,0,0,0,0,0.180419921875,0.6953125,0.168212890625,4,nan,nan
춺,U+CDBA,0,0,0,0,0,0.1824951171875,0.651123046875,0.17523193359375,5,nan,nan
춻,U+CDBB,0,0,0,0,0,0.1668701171875,0.71875,0.170166015625,6,nan,nan
춼,U+CDBC,0,0,0,0,0,0.1744384765625,0.75,0.1619873046875,6,nan,nan
춽,U+CDBD,0,0,0,0,0,0.17706298828125,0.71875,0.17254638671875,8,nan,nan
춾,U+CDBE,0,0,1,1,0,0.169189453125,0.7265625,0.1710205078125,9,nan,nan
춿,U+CDBF,0,0,0,0,0,0.17767333984375,0.70538330078125,0.18341064453125,10,nan,nan
췀,U+CDC0,0,0,0,0,0,0.15557861328125,0.63323974609375,0.15020751953125,4,nan,nan
췁,U+CDC1,0,0,0,0,0,0.156494140625,0.6229248046875,0.14697265625,4,nan,nan
췂,U+CDC2,0,0,0,0,0,0.16839599609375,0.76904296875,0.15960693359375,7,nan,nan
췃,U+CDC3,0,0,0,0,0,0.13720703125,0.630615234375,0.1292724609375,5,nan,nan
췄,U+CDC4,0,0,0,0,0,0.177978515625,0.75,0.15484619140625,5,nan,nan
췅,U+CDC5,0,0,0,0,0,0.13446044921875,0.6351318359375,0.11871337890625,6,nan,nan
췆,U+CDC6,0,0,1,1,0,0.146484375,0.6844482421875,0.13702392578125,7,nan,nan
췇,U+CDC7,0,0,0,0,0,0.1593017578125,0.6953125,0.15704345703125,8,nan,nan
췈,U+CDC8,0,0,1,1,0,0.15576171875,0.65887451171875,0.14739990234375,7,nan,nan
췉,U+CDC9,0,0,1,1,0,0.18621826171875,0.65625,0.16168212890625,4,nan,nan
췊,U+CDCA,0,0,0,0,0,0.15533447265625,0.70751953125,0.15679931640625,6,nan,nan
췋,U+CDCB,0,0,0,0,0,0.153564453125,0.62786865234375,0.14764404296875,7,nan,nan
췌,U+CDCC,0,0,0,0,0,0.134033203125,0.5914306640625,0.1351318359375,4,nan,nan
췍,U+CDCD,0,0,0,0,0,0.152099609375,0.75189208984375,0.16058349609375,6,nan,nan
췎,U+CDCE,0,0,1,1,0,0.153564453125,0.648193359375,0.15606689453125,4,nan,nan
췏,U+CDCF,0,0,0,0,0,0.1590576171875,0.68115234375,0.16253662109375,6,nan,nan
췐,U+CDD0,0,0,0,0,0,0.163818359375,0.7357177734375,0.16363525390625,5,nan,nan
췑,U+CDD1,0,0,1,1,0,0.1640625,0.70751953125,0.16790771484375,6,nan,nan
췒,U+CDD2,0,0,1,1,0,0.154052734375,0.71875,0.1669921875,9,nan,nan
췓,U+CDD3,0,0,1,1,0,0.15325927734375,0.62548828125,0.1612548828125,9,nan,nan
췔,U+CDD4,0,0,0,0,0,0.184326171875,0.699951171875,0.171630859375,7,nan,nan
췕,U+CDD5,0,0,0,0,0,0.17169189453125,0.72088623046875,0.1798095703125,7,nan,nan
췖,U+CDD6,0,0,0,0,0,0.1697998046875,0.599853515625,0.1817626953125,9,nan,nan
췗,U+CDD7,0,0,0,0,0,0.166015625,0.6998291015625,0.18084716796875,13,nan,nan
췘,U+CDD8,0,0,0,0,0,0.18670654296875,0.713134765625,0.18115234375,8,nan,nan
췙,U+CDD9,0,0,0,0,0,0.20111083984375,0.71875,0.20025634765625,10,nan,nan
췚,U+CDDA,0,0,1,1,0,0.1915283203125,0.7109375,0.20269775390625,9,nan,nan
췛,U+CDDB,0,0,0,0,0,0.18060302734375,0.6953125,0.1927490234375,8,nan,nan
췜,U+CDDC,0,0,0,0,0,0.145263671875,0.5859375,0.16131591796875,7,nan,nan
췝,U+CDDD,0,0,0,0,0,0.1484375,0.65728759765625,0.15362548828125,4,nan,nan
췞,U+CDDE,0,0,0,0,0,0.17095947265625,0.71636962890625,0.1680908203125,7,nan,nan
췟,U+CDDF,0,0,0,0,0,0.1519775390625,0.61737060546875,0.1495361328125,5,nan,nan
췠,U+CDE0,0,0,0,0,0,0.16387939453125,0.63720703125,0.16351318359375,7,nan,nan
췡,U+CDE1,0,0,0,0,0,0.160400390625,0.66650390625,0.15509033203125,6,nan,nan
췢,U+CDE2,0,0,1,1,0,0.15362548828125,0.6427001953125,0.153076171875,6,nan,nan
췣,U+CDE3,0,0,0,0,0,0.1671142578125,0.7265625,0.1629638671875,6,nan,nan
췤,U+CDE4,0,0,1,1,0,0.15277099609375,0.6337890625,0.1541748046875,6,nan,nan
췥,U+CDE5,0,0,1,1,0,0.1517333984375,0.65728759765625,0.1629638671875,6,nan,nan
췦,U+CDE6,0,0,0,0,0,0.17559814453125,0.7265625,0.17724609375,8,nan,nan
췧,U+CDE7,0,0,0,0,0,0.1644287109375,0.7109375,0.167236328125,10,nan,nan
취,U+CDE8,0,0,0,0,0,0.09527587890625,0.45977783203125,0.09515380859375,3,nan,nan
췩,U+CDE9,0,0,0,0,0,0.12640380859375,0.613037109375,0.12060546875,4,nan,nan
췪,U+CDEA,0,0,1,1,0,0.12060546875,0.6298828125,0.11895751953125,4,nan,nan
췫,U+CDEB,0,0,0,0,0,0.1365966796875,0.6925048828125,0.1312255859375,6,nan,nan
췬,U+CDEC,0,0,0,0,0,0.12957763671875,0.666015625,0.126708984375,5,nan,nan
췭,U+CDED,0,0,1,1,0,0.1270751953125,0.6646728515625,0.12823486328125,5,nan,nan
췮,U+CDEE,0,0,1,1,0,0.12725830078125,0.615234375,0.135498046875,5,nan,nan
췯,U+CDEF,0,0,1,1,0,0.13739013671875,0.738525390625,0.13702392578125,5,nan,nan
췰,U+CDF0,0,0,0,0,0,0.1627197265625,0.640869140625,0.14862060546875,5,nan,nan
췱,U+CDF1,0,0,0,0,0,0.140380859375,0.65887451171875,0.149169921875,5,nan,nan
췲,U+CDF2,0,0,0,0,0,0.15667724609375,0.5955810546875,0.1593017578125,8,nan,nan
췳,U+CDF3,0,0,0,0,0,0.144287109375,0.68212890625,0.15411376953125,7,nan,nan
췴,U+CDF4,0,0,0,0,0,0.13916015625,0.765625,0.14715576171875,7,nan,nan
췵,U+CDF5,0,0,0,0,0,0.16436767578125,0.7286376953125,0.16455078125,5,nan,nan
췶,U+CDF6,0,0,1,1,0,0.15887451171875,0.76904296875,0.17218017578125,6,nan,nan
췷,U+CDF7,0,0,0,0,0,0.16534423828125,0.6953125,0.1612548828125,8,nan,nan
췸,U+CDF8,0,0,0,0,0,0.13311767578125,0.573486328125,0.12890625,5,nan,nan
췹,U+CDF9,0,0,0,0,0,0.128662109375,0.58258056640625,0.13275146484375,3,nan,nan
췺,U+CDFA,0,0,0,0,0,0.12408447265625,0.673583984375,0.13677978515625,3,nan,nan
췻,U+CDFB,0,0,0,0,0,0.13824462890625,0.590576171875,0.119873046875,5,nan,nan
췼,U+CDFC,0,0,0,0,0,0.1522216796875,0.6844482421875,0.1387939453125,4,nan,nan
췽,U+CDFD,0,0,0,0,0,0.14825439453125,0.59326171875,0.12646484375,4,nan,nan
췾,U+CDFE,0,0,1,1,0,0.14129638671875,0.65087890625,0.131591796875,3,nan,nan
췿,U+CDFF,0,0,0,0,0,0.1417236328125,0.67437744140625,0.1314697265625,4,nan,nan
츀,U+CE00,0,0,1,1,0,0.12908935546875,0.615234375,0.12701416015625,4,nan,nan
츁,U+CE01,0,0,1,1,0,0.13958740234375,0.6005859375,0.13470458984375,6,nan,nan
츂,U+CE02,0,0,0,0,0,0.1416015625,0.67437744140625,0.14190673828125,5,nan,nan
츃,U+CE03,0,0,0,0,0,0.14691162109375,0.62786865234375,0.13629150390625,4,nan,nan
츄,U+CE04,0,0,0,0,0,0.09283447265625,0.546875,0.087890625,2,nan,nan
츅,U+CE05,0,0,0,0,0,0.12860107421875,0.666015625,0.1192626953125,3,nan,nan
츆,U+CE06,0,0,1,1,0,0.11053466796875,0.63812255859375,0.11785888671875,4,nan,nan
츇,U+CE07,0,0,0,0,0,0.134521484375,0.643310546875,0.1258544921875,6,nan,nan
츈,U+CE08,0,0,0,0,0,0.1226806640625,0.7109375,0.1142578125,3,nan,nan
츉,U+CE09,0,0,1,1,0,0.09857177734375,0.6031494140625,0.11663818359375,5,nan,nan
츊,U+CE0A,0,0,1,1,0,0.12042236328125,0.7109375,0.1357421875,5,nan,nan
츋,U+CE0B,0,0,1,1,0,0.11968994140625,0.5426025390625,0.121826171875,4,nan,nan
츌,U+CE0C,0,0,0,0,0,0.15435791015625,0.67437744140625,0.15264892578125,3,nan,nan
츍,U+CE0D,0,0,0,0,0,0.12689208984375,0.5703125,0.13201904296875,3,nan,nan
츎,U+CE0E,0,0,0,0,0,0.128173828125,0.6171875,0.14349365234375,4,nan,nan
츏,U+CE0F,0,0,0,0,0,0.1405029296875,0.609375,0.14654541015625,3,nan,nan
츐,U+CE10,0,0,0,0,0,0.1397705078125,0.6640625,0.1376953125,4,nan,nan
츑,U+CE11,0,0,0,0,0,0.14697265625,0.6171875,0.14605712890625,7,nan,nan
츒,U+CE12,0,0,1,1,0,0.1448974609375,0.640625,0.15399169921875,3,nan,nan
츓,U+CE13,0,0,0,0,0,0.13226318359375,0.7109375,0.14984130859375,6,nan,nan
츔,U+CE14,0,0,0,0,0,0.1273193359375,0.6201171875,0.12939453125,3,nan,nan
츕,U+CE15,0,0,0,0,0,0.10992431640625,0.59375,0.11968994140625,4,nan,nan
츖,U+CE16,0,0,0,0,0,0.14080810546875,0.6953125,0.1380615234375,4,nan,nan
츗,U+CE17,0,0,0,0,0,0.1055908203125,0.55389404296875,0.10198974609375,3,nan,nan
츘,U+CE18,0,0,0,0,0,0.145751953125,0.61798095703125,0.1258544921875,3,nan,nan
츙,U+CE19,0,0,0,0,0,0.1375732421875,0.73638916015625,0.11419677734375,3,nan,nan
츚,U+CE1A,0,0,1,1,0,0.10443115234375,0.6201171875,0.10504150390625,4,nan,nan
츛,U+CE1B,0,0,0,0,0,0.12139892578125,0.640625,0.11468505859375,3,nan,nan
츜,U+CE1C,0,0,1,1,0,0.09674072265625,0.6015625,0.11163330078125,5,nan,nan
츝,U+CE1D,0,0,1,1,0,0.09197998046875,0.4765625,0.099853515625,4,nan,nan
츞,U+CE1E,0,0,0,0,0,0.12469482421875,0.6328125,0.13433837890625,5,nan,nan
츟,U+CE1F,0,0,0,0,0,0.1265869140625,0.7734375,0.11651611328125,3,nan,nan
츠,U+CE20,0,0,0,0,0,0.0675048828125,0.37060546875,0.0654296875,3,nan,nan
측,U+CE21,0,0,0,0,0,0.10552978515625,0.63812255859375,0.10369873046875,4,nan,nan
츢,U+CE22,0,0,1,1,0,0.10577392578125,0.72509765625,0.1240234375,6,nan,nan
츣,U+CE23,0,0,0,0,0,0.12457275390625,0.7286376953125,0.127685546875,3,nan,nan
츤,U+CE24,0,0,0,0,0,0.10711669921875,0.753662109375,0.10662841796875,3,nan,nan
츥,U+CE25,0,0,1,1,0,0.1158447265625,0.6875,0.12713623046875,5,nan,nan
츦,U+CE26,0,0,1,1,0,0.1331787109375,0.7421875,0.14739990234375,3,nan,nan
츧,U+CE27,0,0,1,1,0,0.120849609375,0.561279296875,0.11431884765625,4,nan,nan
츨,U+CE28,0,0,0,0,0,0.15936279296875,0.6478271484375,0.146240234375,3,nan,nan
츩,U+CE29,0,0,0,0,0,0.12969970703125,0.65625,0.14361572265625,4,nan,nan
츪,U+CE2A,0,0,0,0,0,0.14300537109375,0.6767578125,0.14581298828125,3,nan,nan
츫,U+CE2B,0,0,0,0,0,0.14117431640625,0.703125,0.15765380859375,7,nan,nan
츬,U+CE2C,0,0,0,0,0,0.15191650390625,0.7890625,0.157470703125,5,nan,nan
츭,U+CE2D,0,0,0,0,0,0.15728759765625,0.6953125,0.1590576171875,5,nan,nan
츮,U+CE2E,0,0,1,1,0,0.15118408203125,0.703125,0.15972900390625,7,nan,nan
츯,U+CE2F,0,0,0,0,0,0.14276123046875,0.734375,0.15869140625,4,nan,nan
츰,U+CE30,0,0,0,0,0,0.1170654296875,0.703125,0.12109375,3,nan,nan
츱,U+CE31,0,0,0,0,0,0.10662841796875,0.6156005859375,0.1192626953125,5,nan,nan
츲,U+CE32,0,0,0,0,0,0.14105224609375,0.7109375,0.1346435546875,4,nan,nan
츳,U+CE33,0,0,0,0,0,0.11126708984375,0.6351318359375,0.0999755859375,2,nan,nan
츴,U+CE34,0,0,0,0,0,0.14190673828125,0.65625,0.119140625,3,nan,nan
층,U+CE35,0,0,0,0,0,0.113525390625,0.5859375,0.0968017578125,2,nan,nan
츶,U+CE36,0,0,1,1,0,0.112060546875,0.630615234375,0.10552978515625,3,nan,nan
츷,U+CE37,0,0,0,0,0,0.11785888671875,0.59375,0.1107177734375,4,nan,nan
츸,U+CE38,0,0,1,1,0,0.11419677734375,0.6328125,0.11541748046875,4,nan,nan
츹,U+CE39,0,0,1,1,0,0.135009765625,0.515625,0.12744140625,2,nan,nan
츺,U+CE3A,0,0,0,0,0,0.152587890625,0.7578125,0.1448974609375,4,nan,nan
츻,U+CE3B,0,0,0,0,0,0.10748291015625,0.65625,0.115478515625,6,nan,nan
츼,U+CE3C,0,0,0,0,0,0.11846923828125,0.505615234375,0.098388671875,2,nan,nan
츽,U+CE3D,0,0,0,0,0,0.126708984375,0.60272216796875,0.11700439453125,5,nan,nan
츾,U+CE3E,0,0,1,1,0,0.12579345703125,0.57843017578125,0.12738037109375,6,nan,nan
츿,U+CE3F,0,0,0,0,0,0.14276123046875,0.68505859375,0.13189697265625,4,nan,nan
칀,U+CE40,0,0,0,0,0,0.11981201171875,0.671875,0.120849609375,4,nan,nan
칁,U+CE41,0,0,1,1,0,0.14459228515625,0.66815185546875,0.1351318359375,7,nan,nan
칂,U+CE42,0,0,1,1,0,0.12689208984375,0.6156005859375,0.13250732421875,6,nan,nan
칃,U+CE43,0,0,1,1,0,0.13299560546875,0.59033203125,0.12652587890625,6,nan,nan
칄,U+CE44,0,0,0,0,0,0.16278076171875,0.6229248046875,0.14678955078125,5,nan,nan
칅,U+CE45,0,0,0,0,0,0.14508056640625,0.61798095703125,0.15283203125,6,nan,nan
칆,U+CE46,0,0,0,0,0,0.14495849609375,0.713134765625,0.150634765625,6,nan,nan
칇,U+CE47,0,0,0,0,0,0.146484375,0.630615234375,0.15765380859375,10,nan,nan
칈,U+CE48,0,0,0,0,0,0.140380859375,0.7421875,0.13958740234375,7,nan,nan
칉,U+CE49,0,0,0,0,0,0.162353515625,0.6329345703125,0.1593017578125,7,nan,nan
칊,U+CE4A,0,0,1,1,0,0.15667724609375,0.6180419921875,0.16314697265625,6,nan,nan
칋,U+CE4B,0,0,0,0,0,0.154296875,0.65887451171875,0.1689453125,10,nan,nan
칌,U+CE4C,0,0,0,0,0,0.128662109375,0.5380859375,0.13348388671875,3,nan,nan
칍,U+CE4D,0,0,0,0,0,0.12274169921875,0.567626953125,0.1357421875,7,nan,nan
칎,U+CE4E,0,0,0,0,0,0.14434814453125,0.703857421875,0.13134765625,6,nan,nan
칏,U+CE4F,0,0,0,0,0,0.1373291015625,0.63189697265625,0.12054443359375,5,nan,nan
칐,U+CE50,0,0,0,0,0,0.14752197265625,0.66375732421875,0.13525390625,7,nan,nan
칑,U+CE51,0,0,0,0,0,0.13720703125,0.53021240234375,0.11468505859375,4,nan,nan
칒,U+CE52,0,0,1,1,0,0.14373779296875,0.67138671875,0.12982177734375,5,nan,nan
칓,U+CE53,0,0,0,0,0,0.13836669921875,0.673828125,0.13470458984375,6,nan,nan
칔,U+CE54,0,0,1,1,0,0.1226806640625,0.60546875,0.12738037109375,8,nan,nan
칕,U+CE55,0,0,1,1,0,0.14337158203125,0.599853515625,0.14599609375,7,nan,nan
칖,U+CE56,0,0,0,0,0,0.13653564453125,0.64849853515625,0.13482666015625,7,nan,nan
칗,U+CE57,0,0,0,0,0,0.13067626953125,0.6046142578125,0.13116455078125,8,nan,nan
치,U+CE58,0,0,0,0,0,0.089111328125,0.4267578125,0.07513427734375,3,nan,nan
칙,U+CE59,0,0,0,0,0,0.11572265625,0.5859375,0.1011962890625,4,nan,nan
칚,U+CE5A,0,0,1,1,0,0.1165771484375,0.75537109375,0.11688232421875,6,nan,nan
칛,U+CE5B,0,0,0,0,0,0.13800048828125,0.734375,0.116943359375,3,nan,nan
친,U+CE5C,0,0,0,0,0,0.11383056640625,0.75189208984375,0.10675048828125,6,nan,nan
칝,U+CE5D,0,0,1,1,0,0.1209716796875,0.6561279296875,0.125244140625,6,nan,nan
칞,U+CE5E,0,0,1,1,0,0.1185302734375,0.71484375,0.12261962890625,10,nan,nan
칟,U+CE5F,0,0,1,1,0,0.12353515625,0.609375,0.11468505859375,3,nan,nan
칠,U+CE60,0,0,0,0,0,0.1285400390625,0.57806396484375,0.12384033203125,5,nan,nan
칡,U+CE61,0,0,0,0,0,0.1334228515625,0.6328125,0.13470458984375,7,nan,nan
칢,U+CE62,0,0,0,0,0,0.14251708984375,0.64337158203125,0.162109375,4,nan,nan
칣,U+CE63,0,0,0,0,0,0.1434326171875,0.6640625,0.14447021484375,6,nan,nan
칤,U+CE64,0,0,0,0,0,0.143310546875,0.7265625,0.1380615234375,3,nan,nan
칥,U+CE65,0,0,0,0,0,0.1497802734375,0.78125,0.1571044921875,8,nan,nan
칦,U+CE66,0,0,1,1,0,0.13763427734375,0.6552734375,0.145751953125,5,nan,nan
칧,U+CE67,0,0,0,0,0,0.140625,0.6796875,0.14959716796875,9,nan,nan
침,U+CE68,0,0,0,0,0,0.124267578125,0.595703125,0.11627197265625,3,nan,nan
칩,U+CE69,0,0,0,0,0,0.13067626953125,0.597900390625,0.118896484375,3,nan,nan
칪,U+CE6A,0,0,0,0,0,0.12896728515625,0.6640625,0.1368408203125,5,nan,nan
칫,U+CE6B,0,0,0,0,0,0.1380615234375,0.63323974609375,0.1136474609375,4,nan,nan
칬,U+CE6C,0,0,0,0,0,0.13165283203125,0.6484375,0.11993408203125,4,nan,nan
칭,U+CE6D,0,0,0,0,0,0.12066650390625,0.52001953125,0.09417724609375,5,nan,nan
칮,U+CE6E,0,0,1,1,0,0.12298583984375,0.59686279296875,0.12066650390625,5,nan,nan
칯,U+CE6F,0,0,0,0,0,0.12255859375,0.74005126953125,0.117919921875,9,nan,nan
칰,U+CE70,0,0,1,1,0,0.13525390625,0.5859375,0.119140625,4,nan,nan
칱,U+CE71,0,0,1,1,0,0.1219482421875,0.578125,0.12213134765625,6,nan,nan
칲,U+CE72,0,0,0,0,0,0.1353759765625,0.6640625,0.1378173828125,4,nan,nan
칳,U+CE73,0,0,0,0,0,0.12451171875,0.6015625,0.1085205078125,6,nan,nan
카,U+CE74,0,0,0,0,0,0.0750732421875,0.66552734375,0.0911865234375,8,nan,nan
칵,U+CE75,0,0,0,0,0,0.09320068359375,0.577392578125,0.098876953125,3,nan,nan
칶,U+CE76,0,0,1,1,0,0.10693359375,0.6756591796875,0.11090087890625,3,nan,nan
칷,U+CE77,0,0,0,0,0,0.09423828125,0.599853515625,0.11175537109375,9,nan,nan
칸,U+CE78,0,0,0,0,0,0.1087646484375,0.71142578125,0.11004638671875,3,nan,nan
칹,U+CE79,0,0,1,1,0,0.10540771484375,0.615234375,0.11651611328125,4,nan,nan
칺,U+CE7A,0,0,1,1,0,0.1104736328125,0.6666259765625,0.12841796875,10,nan,nan
칻,U+CE7B,0,0,1,1,0,0.10052490234375,0.58544921875,0.10479736328125,4,nan,nan
칼,U+CE7C,0,0,0,0,0,0.1328125,0.671875,0.13592529296875,5,nan,nan
칽,U+CE7D,0,0,0,0,0,0.12896728515625,0.64849853515625,0.1407470703125,8,nan,nan
칾,U+CE7E,0,0,0,0,0,0.116455078125,0.673583984375,0.1396484375,7,nan,nan
칿,U+CE7F,0,0,0,0,0,0.13800048828125,0.703125,0.16058349609375,8,nan,nan
캀,U+CE80,0,0,0,0,0,0.1207275390625,0.65625,0.1343994140625,6,nan,nan
캁,U+CE81,0,0,0,0,0,0.1158447265625,0.64849853515625,0.14208984375,7,nan,nan
캂,U+CE82,0,0,1,1,0,0.130859375,0.6484375,0.13922119140625,7,nan,nan
캃,U+CE83,0,0,0,0,0,0.12005615234375,0.64849853515625,0.1480712890625,7,nan,nan
캄,U+CE84,0,0,0,0,0,0.09417724609375,0.57586669921875,0.10833740234375,3,nan,nan
캅,U+CE85,0,0,0,0,0,0.10455322265625,0.630126953125,0.1092529296875,2,nan,nan
캆,U+CE86,0,0,0,0,0,0.10028076171875,0.56866455078125,0.121826171875,4,nan,nan
캇,U+CE87,0,0,0,0,0,0.1031494140625,0.6925048828125,0.11334228515625,5,nan,nan
캈,U+CE88,0,0,0,0,0,0.1416015625,0.7109375,0.12420654296875,3,nan,nan
캉,U+CE89,0,0,0,0,0,0.10821533203125,0.7177734375,0.10260009765625,7,nan,nan
캊,U+CE8A,0,0,1,1,0,0.1058349609375,0.6298828125,0.1165771484375,4,nan,nan
캋,U+CE8B,0,0,0,0,0,0.11865234375,0.6103515625,0.12640380859375,9,nan,nan
캌,U+CE8C,0,0,1,1,0,0.10723876953125,0.6180419921875,0.1075439453125,5,nan,nan
캍,U+CE8D,0,0,1,1,0,0.11358642578125,0.5755615234375,0.1146240234375,3,nan,nan
캎,U+CE8E,0,0,0,0,0,0.10662841796875,0.6329345703125,0.127685546875,5,nan,nan
캏,U+CE8F,0,0,0,0,0,0.1243896484375,0.71142578125,0.11199951171875,5,nan,nan
캐,U+CE90,0,0,0,0,0,0.10736083984375,0.6756591796875,0.12127685546875,6,nan,nan
캑,U+CE91,0,0,0,0,0,0.12445068359375,0.6075439453125,0.1317138671875,4,nan,nan
캒,U+CE92,0,0,1,1,0,0.129150390625,0.65625,0.12945556640625,7,nan,nan
캓,U+CE93,0,0,0,0,0,0.12225341796875,0.6156005859375,0.13433837890625,8,nan,nan
캔,U+CE94,0,0,0,0,1,0.1524658203125,0.703125,0.14117431640625,3,24.347517557948287,0.9526048507589191
캕,U+CE95,0,0,1,1,0,0.15081787109375,0.68988037109375,0.15625,9,nan,nan
캖,U+CE96,0,0,1,1,0,0.13995361328125,0.640869140625,0.154296875,8,nan,nan
캗,U+CE97,0,0,1,1,0,0.1412353515625,0.609375,0.13543701171875,6,nan,nan
캘,U+CE98,0,0,0,0,0,0.14215087890625,0.6171875,0.14849853515625,4,nan,nan
캙,U+CE99,0,0,0,0,0,0.14349365234375,0.7890625,0.16180419921875,8,nan,nan
캚,U+CE9A,0,0,0,0,0,0.15765380859375,0.8046875,0.16912841796875,6,nan,nan
캛,U+CE9B,0,0,0,0,0,0.14422607421875,0.796875,0.16668701171875,5,nan,nan
캜,U+CE9C,0,0,0,0,0,0.14129638671875,0.6484375,0.15350341796875,6,nan,nan
캝,U+CE9D,0,0,0,0,0,0.135986328125,0.73358154296875,0.16058349609375,9,nan,nan
캞,U+CE9E,0,0,1,1,0,0.1285400390625,0.6015625,0.14837646484375,9,nan,nan
캟,U+CE9F,0,0,0,0,0,0.13433837890625,0.76904296875,0.167236328125,7,nan,nan
캠,U+CEA0,0,0,0,0,0,0.1395263671875,0.6156005859375,0.14501953125,5,nan,nan
캡,U+CEA1,0,0,0,0,0,0.140625,0.615234375,0.136474609375,3,nan,nan
캢,U+CEA2,0,0,0,0,0,0.14154052734375,0.749267578125,0.15264892578125,8,nan,nan
캣,U+CEA3,0,0,0,0,0,0.129638671875,0.628173828125,0.1312255859375,7,nan,nan
캤,U+CEA4,0,0,0,0,0,0.1458740234375,0.651123046875,0.14166259765625,3,nan,nan
캥,U+CEA5,0,0,0,0,0,0.1519775390625,0.651123046875,0.10980224609375,4,nan,nan
캦,U+CEA6,0,0,1,1,0,0.1295166015625,0.651123046875,0.13543701171875,6,nan,nan
캧,U+CEA7,0,0,0,0,0,0.12298583984375,0.78125,0.1405029296875,9,nan,nan
캨,U+CEA8,0,0,1,1,0,0.1236572265625,0.57861328125,0.138671875,6,nan,nan
캩,U+CEA9,0,0,1,1,0,0.14288330078125,0.6103515625,0.1419677734375,4,nan,nan
캪,U+CEAA,0,0,0,0,0,0.15093994140625,0.64337158203125,0.15631103515625,6,nan,nan
캫,U+CEAB,0,0,0,0,0,0.1278076171875,0.59375,0.12603759765625,6,nan,nan
캬,U+CEAC,0,0,0,0,0,0.10845947265625,0.544677734375,0.0894775390625,2,nan,nan
캭,U+CEAD,0,0,0,0,0,0.12347412109375,0.7152099609375,0.113525390625,4,nan,nan
캮,U+CEAE,0,0,1,1,0,0.115234375,0.64453125,0.1158447265625,5,nan,nan
캯,U+CEAF,0,0,0,0,0,0.14129638671875,0.71142578125,0.131591796875,5,nan,nan
캰,U+CEB0,0,0,0,0,0,0.13323974609375,0.7305908203125,0.1212158203125,3,nan,nan
캱,U+CEB1,0,0,1,1,0,0.13690185546875,0.7056884765625,0.14434814453125,4,nan,nan
캲,U+CEB2,0,0,1,1,0,0.1328125,0.75,0.13580322265625,7,nan,nan
캳,U+CEB3,0,0,1,1,0,0.1197509765625,0.68316650390625,0.126220703125,4,nan,nan
캴,U+CEB4,0,0,0,0,0,0.12982177734375,0.66375732421875,0.13397216796875,5,nan,nan
캵,U+CEB5,0,0,0,0,0,0.14569091796875,0.809814453125,0.148193359375,7,nan,nan
캶,U+CEB6,0,0,0,0,0,0.142822265625,0.6456298828125,0.15557861328125,6,nan,nan
캷,U+CEB7,0,0,0,0,0,0.1474609375,0.7476806640625,0.1627197265625,6,nan,nan
캸,U+CEB8,0,0,0,0,0,0.14111328125,0.66375732421875,0.146484375,5,nan,nan
캹,U+CEB9,0,0,0,0,0,0.1087646484375,0.73828125,0.1378173828125,7,nan,nan
캺,U+CEBA,0,0,1,1,0,0.07965087890625,0.615234375,0.1016845703125,9,nan,nan
캻,U+CEBB,0,0,0,0,0,0.14642333984375,0.6875,0.1572265625,8,nan,nan
캼,U+CEBC,0,0,0,0,0,0.134521484375,0.6925048828125,0.13006591796875,4,nan,nan
캽,U+CEBD,0,0,0,0,0,0.1231689453125,0.66815185546875,0.12744140625,3,nan,nan
캾,U+CEBE,0,0,0,0,0,0.14306640625,0.65313720703125,0.1456298828125,4,nan,nan
캿,U+CEBF,0,0,0,0,0,0.13037109375,0.7056884765625,0.12542724609375,4,nan,nan
컀,U+CEC0,0,0,0,0,0,0.1519775390625,0.765625,0.14349365234375,6,nan,nan
컁,U+CEC1,0,0,0,0,0,0.146728515625,0.6646728515625,0.1185302734375,4,nan,nan
컂,U+CEC2,0,0,1,1,0,0.15667724609375,0.796875,0.140869140625,4,nan,nan
컃,U+CEC3,0,0,0,0,0,0.1444091796875,0.71875,0.13885498046875,5,nan,nan
컄,U+CEC4,0,0,1,1,0,0.13775634765625,0.6456298828125,0.1295166015625,3,nan,nan
컅,U+CEC5,0,0,1,1,0,0.1226806640625,0.61737060546875,0.129150390625,3,nan,nan
컆,U+CEC6,0,0,0,0,0,0.15106201171875,0.6357421875,0.14007568359375,4,nan,nan
컇,U+CEC7,0,0,0,0,0,0.11492919921875,0.6561279296875,0.11053466796875,5,nan,nan
컈,U+CEC8,0,0,0,0,0,0.100830078125,0.6552734375,0.10821533203125,2,nan,nan
컉,U+CEC9,0,0,0,0,0,0.14599609375,0.640625,0.1402587890625,4,nan,nan
컊,U+CECA,0,0,1,1,0,0.132568359375,0.60809326171875,0.13677978515625,4,nan,nan
컋,U+CECB,0,0,0,0,0,0.14263916015625,0.703857421875,0.14471435546875,8,nan,nan
컌,U+CECC,0,0,0,0,0,0.159423828125,0.703125,0.14642333984375,3,nan,nan
컍,U+CECD,0,0,1,1,0,0.1512451171875,0.796875,0.15264892578125,12,nan,nan
컎,U+CECE,0,0,1,1,0,0.15582275390625,0.71875,0.16778564453125,8,nan,nan
컏,U+CECF,0,0,1,1,0,0.14508056640625,0.6690673828125,0.1551513671875,4,nan,nan
컐,U+CED0,0,0,0,0,0,0.1614990234375,0.6171875,0.1624755859375,5,nan,nan
컑,U+CED1,0,0,0,0,0,0.15289306640625,0.7421875,0.1641845703125,8,nan,nan
컒,U+CED2,0,0,0,0,0,0.159423828125,0.7906494140625,0.17999267578125,7,nan,nan
컓,U+CED3,0,0,0,0,0,0.167724609375,0.640625,0.1785888671875,5,nan,nan
컔,U+CED4,0,0,0,0,0,0.15234375,0.6640625,0.16015625,9,nan,nan
컕,U+CED5,0,0,0,0,0,0.14410400390625,0.7109375,0.1588134765625,13,nan,nan
컖,U+CED6,0,0,1,1,0,0.142578125,0.7109375,0.1566162109375,13,nan,nan
컗,U+CED7,0,0,0,0,0,0.16265869140625,0.65625,0.178955078125,8,nan,nan
컘,U+CED8,0,0,0,0,0,0.1400146484375,0.75531005859375,0.14215087890625,6,nan,nan
컙,U+CED9,0,0,0,0,0,0.154541015625,0.703125,0.1473388671875,4,nan,nan
컚,U+CEDA,0,0,0,0,0,0.16064453125,0.703125,0.1619873046875,4,nan,nan
컛,U+CEDB,0,0,0,0,0,0.13592529296875,0.8359375,0.1436767578125,7,nan,nan
컜,U+CEDC,0,0,0,0,0,0.1575927734375,0.65887451171875,0.14984130859375,3,nan,nan
컝,U+CEDD,0,0,0,0,0,0.1331787109375,0.6298828125,0.1251220703125,3,nan,nan
컞,U+CEDE,0,0,1,1,0,0.16168212890625,0.65625,0.14501953125,3,nan,nan
컟,U+CEDF,0,0,0,0,0,0.1505126953125,0.671875,0.1524658203125,5,nan,nan
컠,U+CEE0,0,0,1,1,0,0.10260009765625,0.671875,0.1361083984375,12,nan,nan
컡,U+CEE1,0,0,1,1,0,0.158447265625,0.595703125,0.151123046875,4,nan,nan
컢,U+CEE2,0,0,0,0,0,0.13525390625,0.7734375,0.158203125,13,nan,nan
컣,U+CEE3,0,0,0,0,0,0.141845703125,0.640625,0.13519287109375,7,nan,nan
커,U+CEE4,0,0,0,0,0,0.08978271484375,0.57220458984375,0.0966796875,5,nan,nan
컥,U+CEE5,0,0,0,0,0,0.11212158203125,0.62786865234375,0.11114501953125,2,nan,nan
컦,U+CEE6,0,0,1,1,0,0.11871337890625,0.59326171875,0.123291015625,3,nan,nan
컧,U+CEE7,0,0,0,0,0,0.1187744140625,0.63720703125,0.11920166015625,7,nan,nan
컨,U+CEE8,0,0,0,0,0,0.12652587890625,0.625,0.11859130859375,3,nan,nan
컩,U+CEE9,0,0,1,1,0,0.1348876953125,0.6478271484375,0.1373291015625,5,nan,nan
컪,U+CEEA,0,0,1,1,0,0.13165283203125,0.5751953125,0.14678955078125,5,nan,nan
컫,U+CEEB,0,0,1,1,0,0.10858154296875,0.58447265625,0.12286376953125,3,nan,nan
컬,U+CEEC,0,0,0,0,0,0.13385009765625,0.5921630859375,0.13165283203125,3,nan,nan
컭,U+CEED,0,0,0,0,0,0.1309814453125,0.61236572265625,0.1453857421875,7,nan,nan
컮,U+CEEE,0,0,0,0,0,0.15557861328125,0.61236572265625,0.16094970703125,5,nan,nan
컯,U+CEEF,0,0,0,0,0,0.154052734375,0.64337158203125,0.1575927734375,5,nan,nan
컰,U+CEF0,0,0,0,0,0,0.1500244140625,0.6875,0.1517333984375,4,nan,nan
컱,U+CEF1,0,0,0,0,0,0.134765625,0.613037109375,0.154052734375,7,nan,nan
컲,U+CEF2,0,0,1,1,0,0.145263671875,0.734375,0.15875244140625,7,nan,nan
컳,U+CEF3,0,0,0,0,0,0.1436767578125,0.651123046875,0.158447265625,7,nan,nan
컴,U+CEF4,0,0,0,0,0,0.12091064453125,0.570556640625,0.12451171875,3,nan,nan
컵,U+CEF5,0,0,0,0,0,0.1392822265625,0.61236572265625,0.12750244140625,3,nan,nan
컶,U+CEF6,0,0,0,0,0,0.1312255859375,0.630615234375,0.134521484375,2,nan,nan
컷,U+CEF7,0,0,0,0,0,0.13250732421875,0.64599609375,0.108642578125,3,nan,nan
컸,U+CEF8,0,0,0,0,0,0.13226318359375,0.67437744140625,0.12744140625,5,nan,nan
컹,U+CEF9,0,0,0,0,0,0.125244140625,0.556640625,0.091552734375,2,nan,nan
컺,U+CEFA,0,0,1,1,0,0.12164306640625,0.61236572265625,0.12322998046875,5,nan,nan
컻,U+CEFB,0,0,0,0,0,0.1407470703125,0.78125,0.135986328125,5,nan,nan
컼,U+CEFC,0,0,1,1,0,0.1273193359375,0.5751953125,0.1156005859375,3,nan,nan
컽,U+CEFD,0,0,1,1,0,0.12945556640625,0.750732421875,0.1300048828125,6,nan,nan
컾,U+CEFE,0,0,0,0,0,0.1368408203125,0.6666259765625,0.14276123046875,4,nan,nan
컿,U+CEFF,0,0,0,0,0,0.11334228515625,0.582763671875,0.1190185546875,5,nan,nan
케,U+CF00,0,0,0,0,0,0.1187744140625,0.7476806640625,0.1158447265625,3,nan,nan
켁,U+CF01,0,0,0,0,0,0.1268310546875,0.6767578125,0.14093017578125,4,nan,nan
켂,U+CF02,0,0,1,1,0,0.142333984375,0.81390380859375,0.1474609375,8,nan,nan
켃,U+CF03,0,0,0,0,0,0.13604736328125,0.6552734375,0.136962890625,5,nan,nan
켄,U+CF04,0,0,0,0,0,0.138916015625,0.6976318359375,0.1458740234375,6,nan,nan
켅,U+CF05,0,0,1,1,0,0.16009521484375,0.6220703125,0.14483642578125,5,nan,nan
켆,U+CF06,0,0,1,1,0,0.1551513671875,0.661376953125,0.1474609375,5,nan,nan
켇,U+CF07,0,0,1,1,0,0.14306640625,0.6640625,0.14471435546875,5,nan,nan
켈,U+CF08,0,0,0,0,0,0.15728759765625,0.651123046875,0.153564453125,4,nan,nan
켉,U+CF09,0,0,0,0,0,0.1790771484375,0.615234375,0.165283203125,6,nan,nan
켊,U+CF0A,0,0,0,0,0,0.1654052734375,0.67437744140625,0.1689453125,4,nan,nan
켋,U+CF0B,0,0,0,0,0,0.16986083984375,0.671875,0.1693115234375,4,nan,nan
켌,U+CF0C,0,0,0,0,0,0.1546630859375,0.63720703125,0.14666748046875,4,nan,nan
켍,U+CF0D,0,0,0,0,0,0.17596435546875,0.6690673828125,0.1759033203125,4,nan,nan
켎,U+CF0E,0,0,1,1,0,0.16827392578125,0.6844482421875,0.14520263671875,4,nan,nan
켏,U+CF0F,0,0,0,0,0,0.17327880859375,0.7265625,0.17559814453125,8,nan,nan
켐,U+CF10,0,0,0,0,0,0.14044189453125,0.62310791015625,0.1453857421875,4,nan,nan
켑,U+CF11,0,0,0,0,0,0.15118408203125,0.6031494140625,0.1429443359375,3,nan,nan
켒,U+CF12,0,0,0,0,0,0.1597900390625,0.66815185546875,0.15362548828125,8,nan,nan
켓,U+CF13,0,0,0,0,0,0.1556396484375,0.6875,0.13568115234375,3,nan,nan
켔,U+CF14,0,0,0,0,0,0.14666748046875,0.68988037109375,0.1422119140625,4,nan,nan
켕,U+CF15,0,0,0,0,0,0.14947509765625,0.65625,0.11102294921875,4,nan,nan
켖,U+CF16,0,0,1,1,0,0.1571044921875,0.67437744140625,0.1478271484375,4,nan,nan
켗,U+CF17,0,0,0,0,0,0.15716552734375,0.6796875,0.1522216796875,6,nan,nan
켘,U+CF18,0,0,1,1,0,0.16827392578125,0.7265625,0.15234375,4,nan,nan
켙,U+CF19,0,0,1,1,0,0.16693115234375,0.67437744140625,0.15924072265625,6,nan,nan
켚,U+CF1A,0,0,0,0,0,0.18218994140625,0.692138671875,0.16497802734375,4,nan,nan
켛,U+CF1B,0,0,0,0,0,0.144775390625,0.640625,0.126953125,5,nan,nan
켜,U+CF1C,0,0,0,0,0,0.098876953125,0.734375,0.10552978515625,4,nan,nan
켝,U+CF1D,0,0,0,0,0,0.1131591796875,0.7265625,0.12103271484375,9,nan,nan
켞,U+CF1E,0,0,1,1,0,0.13018798828125,0.73358154296875,0.133544921875,7,nan,nan
켟,U+CF1F,0,0,0,0,0,0.14154052734375,0.73553466796875,0.13214111328125,7,nan,nan
켠,U+CF20,0,0,0,0,0,0.12530517578125,0.6328125,0.12347412109375,4,nan,nan
켡,U+CF21,0,0,1,1,0,0.158935546875,0.7734375,0.15423583984375,4,nan,nan
켢,U+CF22,0,0,1,1,0,0.13641357421875,0.63323974609375,0.13824462890625,11,nan,nan
켣,U+CF23,0,0,1,1,0,0.1251220703125,0.59686279296875,0.12420654296875,7,nan,nan
켤,U+CF24,0,0,0,0,0,0.13653564453125,0.5921630859375,0.13885498046875,6,nan,nan
켥,U+CF25,0,0,0,0,0,0.13092041015625,0.6015625,0.141357421875,6,nan,nan
켦,U+CF26,0,0,0,0,0,0.149658203125,0.6055908203125,0.16387939453125,4,nan,nan
켧,U+CF27,0,0,0,0,0,0.1480712890625,0.78125,0.15423583984375,10,nan,nan
켨,U+CF28,0,0,0,0,0,0.15350341796875,0.7421875,0.1614990234375,7,nan,nan
켩,U+CF29,0,0,0,0,0,0.12945556640625,0.7109375,0.154296875,10,nan,nan
켪,U+CF2A,0,0,1,1,0,0.1385498046875,0.6015625,0.14666748046875,9,nan,nan
켫,U+CF2B,0,0,0,0,0,0.1357421875,0.6015625,0.15185546875,9,nan,nan
켬,U+CF2C,0,0,0,0,0,0.13189697265625,0.5921630859375,0.1309814453125,3,nan,nan
켭,U+CF2D,0,0,0,0,0,0.13653564453125,0.589111328125,0.1226806640625,4,nan,nan
켮,U+CF2E,0,0,0,0,0,0.13494873046875,0.796875,0.13555908203125,8,nan,nan
켯,U+CF2F,0,0,0,0,0,0.1285400390625,0.64337158203125,0.1181640625,6,nan,nan
켰,U+CF30,0,0,0,0,1,0.14630126953125,0.7906494140625,0.1644287109375,7,9.271943939047638,0.5527368309405714
켱,U+CF31,0,0,0,0,0,0.15057373046875,0.5955810546875,0.10113525390625,4,nan,nan
켲,U+CF32,0,0,1,1,0,0.121337890625,0.6666259765625,0.134521484375,6,nan,nan
켳,U+CF33,0,0,0,0,0,0.140380859375,0.7767333984375,0.1436767578125,10,nan,nan
켴,U+CF34,0,0,1,1,0,0.1392822265625,0.56304931640625,0.1297607421875,4,nan,nan
켵,U+CF35,0,0,1,1,0,0.14031982421875,0.589111328125,0.14727783203125,5,nan,nan
켶,U+CF36,0,0,0,0,0,0.13653564453125,0.66064453125,0.15289306640625,10,nan,nan
켷,U+CF37,0,0,0,0,0,0.1356201171875,0.6171875,0.126220703125,6,nan,nan
켸,U+CF38,0,0,0,0,0,0.10137939453125,0.703125,0.1148681640625,11,nan,nan
켹,U+CF39,0,0,0,0,0,0.1302490234375,0.671875,0.138671875,8,nan,nan
켺,U+CF3A,0,0,1,1,0,0.127685546875,0.7222900390625,0.14422607421875,8,nan,nan
켻,U+CF3B,0,0,0,0,0,0.14801025390625,0.7421875,0.155517578125,8,nan,nan
켼,U+CF3C,0,0,0,0,0,0.119873046875,0.7890625,0.14935302734375,16,nan,nan
켽,U+CF3D,0,0,1,1,0,0.12579345703125,0.7265625,0.15545654296875,20,nan,nan
켾,U+CF3E,0,0,1,1,0,0.149169921875,0.7109375,0.17254638671875,16,nan,nan
켿,U+CF3F,0,0,1,1,0,0.12841796875,0.651123046875,0.15081787109375,6,nan,nan
콀,U+CF40,0,0,0,0,0,0.14910888671875,0.6875,0.1605224609375,5,nan,nan
콁,U+CF41,0,0,0,0,0,0.1478271484375,0.68988037109375,0.16357421875,8,nan,nan
콂,U+CF42,0,0,0,0,0,0.16632080078125,0.796875,0.17816162109375,7,nan,nan
콃,U+CF43,0,0,0,0,0,0.1591796875,0.6875,0.1820068359375,6,nan,nan
콄,U+CF44,0,0,0,0,0,0.15386962890625,0.6976318359375,0.1663818359375,7,nan,nan
콅,U+CF45,0,0,0,0,0,0.1431884765625,0.7109375,0.17474365234375,16,nan,nan
콆,U+CF46,0,0,1,1,0,0.1173095703125,0.6796875,0.14678955078125,13,nan,nan
콇,U+CF47,0,0,0,0,0,0.1634521484375,0.692138671875,0.17694091796875,6,nan,nan
콈,U+CF48,0,0,0,0,0,0.13690185546875,0.7767333984375,0.15802001953125,7,nan,nan
콉,U+CF49,0,0,0,0,0,0.1356201171875,0.6456298828125,0.14434814453125,4,nan,nan
콊,U+CF4A,0,0,0,0,0,0.161376953125,0.7109375,0.1678466796875,4,nan,nan
콋,U+CF4B,0,0,0,0,0,0.1439208984375,0.703125,0.14654541015625,7,nan,nan
콌,U+CF4C,0,0,0,0,0,0.1610107421875,0.6875,0.15277099609375,4,nan,nan
콍,U+CF4D,0,0,0,0,0,0.15118408203125,0.671875,0.12530517578125,4,nan,nan
콎,U+CF4E,0,0,1,1,0,0.16033935546875,0.7109375,0.1568603515625,6,nan,nan
콏,U+CF4F,0,0,0,0,0,0.170654296875,0.8228759765625,0.165771484375,9,nan,nan
콐,U+CF50,0,0,1,1,0,0.12176513671875,0.6484375,0.14459228515625,12,nan,nan
콑,U+CF51,0,0,1,1,0,0.16033935546875,0.6640625,0.16192626953125,3,nan,nan
콒,U+CF52,0,0,0,0,0,0.16326904296875,0.6796875,0.1719970703125,5,nan,nan
콓,U+CF53,0,0,0,0,0,0.13629150390625,0.671875,0.12420654296875,6,nan,nan
코,U+CF54,0,0,0,0,0,0.0860595703125,0.506591796875,0.0887451171875,3,nan,nan
콕,U+CF55,0,0,0,0,0,0.1219482421875,0.609375,0.1092529296875,4,nan,nan
콖,U+CF56,0,0,1,1,0,0.10906982421875,0.5625,0.12255859375,7,nan,nan
콗,U+CF57,0,0,0,0,0,0.12432861328125,0.68505859375,0.1358642578125,3,nan,nan
콘,U+CF58,0,0,0,0,0,0.08367919921875,0.44573974609375,0.09112548828125,3,nan,nan
콙,U+CF59,0,0,1,1,0,0.12347412109375,0.7152099609375,0.13494873046875,5,nan,nan
콚,U+CF5A,0,0,1,1,0,0.1236572265625,0.734375,0.14068603515625,9,nan,nan
콛,U+CF5B,0,0,1,1,0,0.0986328125,0.45703125,0.1048583984375,3,nan,nan
콜,U+CF5C,0,0,0,0,0,0.155029296875,0.625,0.1419677734375,4,nan,nan
콝,U+CF5D,0,0,0,0,0,0.1182861328125,0.630615234375,0.14794921875,8,nan,nan
콞,U+CF5E,0,0,0,0,0,0.1488037109375,0.899169921875,0.17913818359375,10,nan,nan
콟,U+CF5F,0,0,0,0,0,0.15557861328125,0.651123046875,0.1744384765625,10,nan,nan
콠,U+CF60,0,0,0,0,0,0.15301513671875,0.71875,0.15625,6,nan,nan
콡,U+CF61,0,0,0,0,0,0.154052734375,0.6640625,0.15875244140625,4,nan,nan
콢,U+CF62,0,0,1,1,0,0.1409912109375,0.7734375,0.16064453125,9,nan,nan
콣,U+CF63,0,0,0,0,0,0.18072509765625,0.861328125,0.17437744140625,9,nan,nan
콤,U+CF64,0,0,0,0,0,0.11334228515625,0.559326171875,0.12506103515625,4,nan,nan
콥,U+CF65,0,0,0,0,0,0.11822509765625,0.4730224609375,0.12030029296875,3,nan,nan
콦,U+CF66,0,0,0,0,0,0.143310546875,0.713134765625,0.15350341796875,6,nan,nan
콧,U+CF67,0,0,0,0,0,0.0926513671875,0.5570068359375,0.09771728515625,3,nan,nan
콨,U+CF68,0,0,0,0,0,0.1376953125,0.6552734375,0.12744140625,4,nan,nan
콩,U+CF69,0,0,0,0,0,0.1114501953125,0.58746337890625,0.10235595703125,3,nan,nan
콪,U+CF6A,0,0,1,1,0,0.10821533203125,0.625,0.12078857421875,5,nan,nan
콫,U+CF6B,0,0,0,0,0,0.1226806640625,0.5703125,0.1192626953125,4,nan,nan
콬,U+CF6C,0,0,1,1,0,0.1201171875,0.6328125,0.13714599609375,5,nan,nan
콭,U+CF6D,0,0,1,1,0,0.10308837890625,0.4248046875,0.1116943359375,3,nan,nan
콮,U+CF6E,0,0,0,0,0,0.14703369140625,0.6561279296875,0.151611328125,4,nan,nan
콯,U+CF6F,0,0,0,0,0,0.1121826171875,0.59375,0.11859130859375,7,nan,nan
콰,U+CF70,0,0,0,0,0,0.11737060546875,0.5859375,0.1163330078125,3,nan,nan
콱,U+CF71,0,0,0,0,0,0.13970947265625,0.7274169921875,0.138916015625,4,nan,nan
콲,U+CF72,0,0,1,1,0,0.12939453125,0.60003662109375,0.12982177734375,4,nan,nan
콳,U+CF73,0,0,0,0,0,0.14898681640625,0.73974609375,0.1534423828125,5,nan,nan
콴,U+CF74,0,0,0,0,0,0.1292724609375,0.6749267578125,0.13458251953125,5,nan,nan
콵,U+CF75,0,0,1,1,0,0.1444091796875,0.61383056640625,0.141845703125,4,nan,nan
콶,U+CF76,0,0,1,1,0,0.14373779296875,0.6827392578125,0.15447998046875,5,nan,nan
콷,U+CF77,0,0,1,1,0,0.12774658203125,0.61767578125,0.13623046875,4,nan,nan
콸,U+CF78,0,0,0,0,0,0.14605712890625,0.744140625,0.16302490234375,2,nan,nan
콹,U+CF79,0,0,0,0,0,0.16961669921875,0.73638916015625,0.17510986328125,5,nan,nan
콺,U+CF7A,0,0,0,0,0,0.153564453125,0.65185546875,0.1678466796875,6,nan,nan
콻,U+CF7B,0,0,0,0,0,0.168701171875,0.74005126953125,0.18817138671875,7,nan,nan
콼,U+CF7C,0,0,0,0,0,0.17059326171875,0.765625,0.17401123046875,8,nan,nan
콽,U+CF7D,0,0,0,0,0,0.15521240234375,0.6627197265625,0.17041015625,5,nan,nan
콾,U+CF7E,0,0,1,1,0,0.14990234375,0.6925048828125,0.15875244140625,7,nan,nan
콿,U+CF7F,0,0,0,0,0,0.18359375,0.75,0.18133544921875,8,nan,nan
쾀,U+CF80,0,0,0,0,0,0.1539306640625,0.64642333984375,0.15216064453125,4,nan,nan
쾁,U+CF81,0,0,0,0,0,0.1416015625,0.673828125,0.14154052734375,4,nan,nan
쾂,U+CF82,0,0,0,0,0,0.1578369140625,0.703125,0.1619873046875,5,nan,nan
쾃,U+CF83,0,0,0,0,0,0.1544189453125,0.76068115234375,0.142822265625,4,nan,nan
쾄,U+CF84,0,0,0,0,0,0.16534423828125,0.7669677734375,0.16058349609375,3,nan,nan
쾅,U+CF85,0,0,0,0,0,0.12872314453125,0.63348388671875,0.12261962890625,4,nan,nan
쾆,U+CF86,0,0,1,1,0,0.13751220703125,0.64984130859375,0.13641357421875,4,nan,nan
쾇,U+CF87,0,0,0,0,0,0.150634765625,0.68505859375,0.15264892578125,4,nan,nan
쾈,U+CF88,0,0,1,1,0,0.148193359375,0.6536865234375,0.14501953125,4,nan,nan
쾉,U+CF89,0,0,1,1,0,0.13470458984375,0.61767578125,0.135498046875,4,nan,nan
쾊,U+CF8A,0,0,0,0,0,0.15631103515625,0.65728759765625,0.15948486328125,5,nan,nan
쾋,U+CF8B,0,0,0,0,0,0.13531494140625,0.6552734375,0.12957763671875,7,nan,nan
쾌,U+CF8C,0,0,0,0,0,0.11370849609375,0.494384765625,0.131103515625,3,nan,nan
쾍,U+CF8D,0,0,0,0,0,0.13543701171875,0.62255859375,0.15069580078125,3,nan,nan
쾎,U+CF8E,0,0,1,1,0,0.15185546875,0.6640625,0.16058349609375,5,nan,nan
쾏,U+CF8F,0,0,0,0,0,0.1605224609375,0.67138671875,0.1697998046875,5,nan,nan
쾐,U+CF90,0,0,0,0,0,0.1373291015625,0.6796875,0.1575927734375,4,nan,nan
쾑,U+CF91,0,0,1,1,0,0.15533447265625,0.7109375,0.164794921875,7,nan,nan
쾒,U+CF92,0,0,1,1,0,0.17449951171875,0.671875,0.17462158203125,7,nan,nan
쾓,U+CF93,0,0,1,1,0,0.139892578125,0.63812255859375,0.158935546875,4,nan,nan
쾔,U+CF94,0,0,0,0,0,0.162841796875,0.595703125,0.17401123046875,3,nan,nan
쾕,U+CF95,0,0,0,0,0,0.1654052734375,0.6383056640625,0.1815185546875,7,nan,nan
쾖,U+CF96,0,0,0,0,0,0.1749267578125,0.6356201171875,0.19024658203125,7,nan,nan
쾗,U+CF97,0,0,0,0,0,0.163818359375,0.63812255859375,0.185791015625,6,nan,nan
쾘,U+CF98,0,0,0,0,0,0.15338134765625,0.640869140625,0.18096923828125,4,nan,nan
쾙,U+CF99,0,0,0,0,0,0.16241455078125,0.6666259765625,0.1793212890625,8,nan,nan
쾚,U+CF9A,0,0,1,1,0,0.13592529296875,0.578125,0.14996337890625,10,nan,nan
쾛,U+CF9B,0,0,0,0,0,0.16180419921875,0.67138671875,0.1934814453125,6,nan,nan
쾜,U+CF9C,0,0,0,0,0,0.152099609375,0.62310791015625,0.16558837890625,5,nan,nan
쾝,U+CF9D,0,0,0,0,0,0.14874267578125,0.666015625,0.161376953125,4,nan,nan
쾞,U+CF9E,0,0,0,0,0,0.15997314453125,0.6265869140625,0.17535400390625,5,nan,nan
쾟,U+CF9F,0,0,0,0,0,0.1507568359375,0.64251708984375,0.14849853515625,5,nan,nan
쾠,U+CFA0,0,0,0,0,0,0.1727294921875,0.75,0.16632080078125,4,nan,nan
쾡,U+CFA1,0,0,0,0,0,0.1500244140625,0.66375732421875,0.14080810546875,5,nan,nan
쾢,U+CFA2,0,0,1,1,0,0.16241455078125,0.7109375,0.16485595703125,8,nan,nan
쾣,U+CFA3,0,0,0,0,0,0.17144775390625,0.68212890625,0.1763916015625,5,nan,nan
쾤,U+CFA4,0,0,1,1,0,0.167724609375,0.6478271484375,0.160400390625,5,nan,nan
쾥,U+CFA5,0,0,1,1,0,0.16436767578125,0.613037109375,0.16412353515625,8,nan,nan
쾦,U+CFA6,0,0,0,0,0,0.153076171875,0.623046875,0.172607421875,5,nan,nan
쾧,U+CFA7,0,0,0,0,0,0.16796875,0.6357421875,0.1611328125,5,nan,nan
쾨,U+CFA8,0,0,0,0,0,0.11309814453125,0.47149658203125,0.118408203125,4,nan,nan
쾩,U+CFA9,0,0,0,0,0,0.12469482421875,0.5379638671875,0.12603759765625,3,nan,nan
쾪,U+CFAA,0,0,1,1,0,0.14013671875,0.58343505859375,0.13897705078125,4,nan,nan
쾫,U+CFAB,0,0,0,0,0,0.14630126953125,0.66375732421875,0.14166259765625,5,nan,nan
쾬,U+CFAC,0,0,0,0,0,0.12664794921875,0.5584716796875,0.13433837890625,5,nan,nan
쾭,U+CFAD,0,0,1,1,0,0.1634521484375,0.661376953125,0.1468505859375,4,nan,nan
쾮,U+CFAE,0,0,1,1,0,0.166015625,0.56005859375,0.1553955078125,6,nan,nan
쾯,U+CFAF,0,0,1,1,0,0.11962890625,0.4913330078125,0.129638671875,5,nan,nan
쾰,U+CFB0,0,0,0,0,0,0.1512451171875,0.579833984375,0.1614990234375,6,nan,nan
쾱,U+CFB1,0,0,0,0,0,0.1627197265625,0.60272216796875,0.15869140625,3,nan,nan
쾲,U+CFB2,0,0,0,0,0,0.157470703125,0.59686279296875,0.16839599609375,7,nan,nan
쾳,U+CFB3,0,0,0,0,0,0.15185546875,0.60272216796875,0.1712646484375,7,nan,nan
쾴,U+CFB4,0,0,0,0,0,0.1734619140625,0.71875,0.1793212890625,5,nan,nan
쾵,U+CFB5,0,0,0,0,0,0.1669921875,0.61798095703125,0.16827392578125,7,nan,nan
쾶,U+CFB6,0,0,1,1,0,0.18316650390625,0.6171875,0.1766357421875,6,nan,nan
쾷,U+CFB7,0,0,0,0,0,0.17352294921875,0.597900390625,0.17559814453125,5,nan,nan
쾸,U+CFB8,0,0,0,0,0,0.14447021484375,0.52734375,0.14453125,4,nan,nan
쾹,U+CFB9,0,0,0,0,0,0.14111328125,0.5257568359375,0.1385498046875,4,nan,nan
쾺,U+CFBA,0,0,0,0,0,0.16131591796875,0.61737060546875,0.1595458984375,4,nan,nan
쾻,U+CFBB,0,0,0,0,0,0.13836669921875,0.72125244140625,0.12030029296875,5,nan,nan
쾼,U+CFBC,0,0,0,0,0,0.165771484375,0.68988037109375,0.150634765625,4,nan,nan
쾽,U+CFBD,0,0,0,0,0,0.11309814453125,0.542724609375,0.117431640625,4,nan,nan
쾾,U+CFBE,0,0,1,1,0,0.151123046875,0.5882568359375,0.14727783203125,4,nan,nan
쾿,U+CFBF,0,0,0,0,0,0.14642333984375,0.7890625,0.14453125,8,nan,nan
쿀,U+CFC0,0,0,1,1,0,0.13720703125,0.537353515625,0.13494873046875,5,nan,nan
쿁,U+CFC1,0,0,1,1,0,0.141845703125,0.4998779296875,0.144287109375,4,nan,nan
쿂,U+CFC2,0,0,0,0,0,0.16717529296875,0.65313720703125,0.16259765625,4,nan,nan
쿃,U+CFC3,0,0,0,0,0,0.15625,0.538330078125,0.13385009765625,4,nan,nan
쿄,U+CFC4,0,0,0,0,0,0.09649658203125,0.46527099609375,0.1068115234375,2,nan,nan
쿅,U+CFC5,0,0,0,0,0,0.11334228515625,0.6640625,0.1199951171875,4,nan,nan
쿆,U+CFC6,0,0,1,1,0,0.09814453125,0.51953125,0.11627197265625,5,nan,nan
쿇,U+CFC7,0,0,0,0,0,0.1407470703125,0.713134765625,0.14129638671875,5,nan,nan
쿈,U+CFC8,0,0,0,0,0,0.1258544921875,0.597900390625,0.1285400390625,3,nan,nan
쿉,U+CFC9,0,0,1,1,0,0.14788818359375,0.7152099609375,0.1419677734375,3,nan,nan
쿊,U+CFCA,0,0,1,1,0,0.126220703125,0.70953369140625,0.13909912109375,5,nan,nan
쿋,U+CFCB,0,0,1,1,0,0.107177734375,0.45758056640625,0.119384765625,4,nan,nan
쿌,U+CFCC,0,0,0,0,0,0.13525390625,0.6875,0.15380859375,4,nan,nan
쿍,U+CFCD,0,0,0,0,0,0.1409912109375,0.68316650390625,0.1646728515625,5,nan,nan
쿎,U+CFCE,0,0,0,0,0,0.16412353515625,0.673583984375,0.18096923828125,7,nan,nan
쿏,U+CFCF,0,0,0,0,0,0.1650390625,0.7305908203125,0.1917724609375,7,nan,nan
쿐,U+CFD0,0,0,0,0,0,0.15802001953125,0.71875,0.16595458984375,7,nan,nan
쿑,U+CFD1,0,0,0,0,0,0.1541748046875,0.65087890625,0.1658935546875,6,nan,nan
쿒,U+CFD2,0,0,1,1,0,0.16815185546875,0.6561279296875,0.16998291015625,5,nan,nan
쿓,U+CFD3,0,0,0,0,0,0.1788330078125,0.75,0.18048095703125,5,nan,nan
쿔,U+CFD4,0,0,0,0,0,0.1195068359375,0.65625,0.13165283203125,4,nan,nan
쿕,U+CFD5,0,0,0,0,0,0.111083984375,0.56585693359375,0.1209716796875,5,nan,nan
쿖,U+CFD6,0,0,0,0,0,0.1478271484375,0.692138671875,0.1578369140625,5,nan,nan
쿗,U+CFD7,0,0,0,0,0,0.12261962890625,0.67437744140625,0.11737060546875,4,nan,nan
쿘,U+CFD8,0,0,0,0,0,0.15362548828125,0.70751953125,0.1434326171875,5,nan,nan
쿙,U+CFD9,0,0,0,0,0,0.103271484375,0.579345703125,0.11383056640625,3,nan,nan
쿚,U+CFDA,0,0,1,1,0,0.1434326171875,0.8125,0.121337890625,5,nan,nan
쿛,U+CFDB,0,0,0,0,0,0.136474609375,0.65625,0.141845703125,7,nan,nan
쿜,U+CFDC,0,0,1,1,0,0.14581298828125,0.6875,0.14788818359375,4,nan,nan
쿝,U+CFDD,0,0,1,1,0,0.1219482421875,0.58746337890625,0.12646484375,4,nan,nan
쿞,U+CFDE,0,0,0,0,0,0.1734619140625,0.784423828125,0.16583251953125,3,nan,nan
쿟,U+CFDF,0,0,0,0,0,0.10430908203125,0.567626953125,0.1153564453125,5,nan,nan
쿠,U+CFE0,0,0,0,0,0,0.0706787109375,0.4127197265625,0.06903076171875,2,nan,nan
쿡,U+CFE1,0,0,0,0,0,0.1072998046875,0.57379150390625,0.11029052734375,2,nan,nan
쿢,U+CFE2,0,0,1,1,0,0.09881591796875,0.60693359375,0.1146240234375,5,nan,nan
쿣,U+CFE3,0,0,0,0,0,0.1302490234375,0.67547607421875,0.12811279296875,5,nan,nan
쿤,U+CFE4,0,0,0,0,0,0.11383056640625,0.559326171875,0.11181640625,3,nan,nan
쿥,U+CFE5,0,0,1,1,0,0.13623046875,0.61383056640625,0.12945556640625,3,nan,nan
쿦,U+CFE6,0,0,1,1,0,0.1431884765625,0.6942138671875,0.1466064453125,5,nan,nan
쿧,U+CFE7,0,0,1,1,0,0.1116943359375,0.545166015625,0.114501953125,1,nan,nan
쿨,U+CFE8,0,0,0,0,0,0.1505126953125,0.68505859375,0.1519775390625,2,nan,nan
쿩,U+CFE9,0,0,0,0,0,0.149169921875,0.62310791015625,0.1590576171875,3,nan,nan
쿪,U+CFEA,0,0,0,0,0,0.1605224609375,0.658447265625,0.1795654296875,7,nan,nan
쿫,U+CFEB,0,0,0,0,0,0.15966796875,0.73638916015625,0.1806640625,6,nan,nan
쿬,U+CFEC,0,0,0,0,0,0.1710205078125,0.673583984375,0.150146484375,3,nan,nan
쿭,U+CFED,0,0,0,0,0,0.1566162109375,0.68212890625,0.16424560546875,4,nan,nan
쿮,U+CFEE,0,0,1,1,0,0.16217041015625,0.6962890625,0.17120361328125,2,nan,nan
쿯,U+CFEF,0,0,0,0,0,0.1683349609375,0.67437744140625,0.1802978515625,5,nan,nan
쿰,U+CFF0,0,0,0,0,0,0.1207275390625,0.5194091796875,0.11572265625,2,nan,nan
쿱,U+CFF1,0,0,0,0,0,0.13433837890625,0.5465087890625,0.1248779296875,4,nan,nan
쿲,U+CFF2,0,0,0,0,0,0.12420654296875,0.6005859375,0.12921142578125,6,nan,nan
쿳,U+CFF3,0,0,0,0,0,0.11920166015625,0.62310791015625,0.108154296875,4,nan,nan
쿴,U+CFF4,0,0,0,0,0,0.14971923828125,0.66815185546875,0.12823486328125,3,nan,nan
쿵,U+CFF5,0,0,0,0,0,0.1119384765625,0.5380859375,0.09954833984375,2,nan,nan
쿶,U+CFF6,0,0,1,1,0,0.125,0.62060546875,0.11285400390625,2,nan,nan
쿷,U+CFF7,0,0,0,0,0,0.1207275390625,0.5751953125,0.11566162109375,3,nan,nan
쿸,U+CFF8,0,0,1,1,0,0.11529541015625,0.640869140625,0.12432861328125,4,nan,nan
쿹,U+CFF9,0,0,1,1,0,0.1094970703125,0.50347900390625,0.1170654296875,3,nan,nan
쿺,U+CFFA,0,0,0,0,0,0.15472412109375,0.6456298828125,0.13970947265625,2,nan,nan
쿻,U+CFFB,0,0,0,0,0,0.1185302734375,0.640625,0.113525390625,4,nan,nan
쿼,U+CFFC,0,0,0,0,0,0.11181640625,0.49383544921875,0.1063232421875,4,nan,nan
쿽,U+CFFD,0,0,0,0,0,0.133056640625,0.57421875,0.12884521484375,2,nan,nan
쿾,U+CFFE,0,0,1,1,0,0.138671875,0.5977783203125,0.14276123046875,7,nan,nan
쿿,U+CFFF,0,0,0,0,0,0.16497802734375,0.7109375,0.15386962890625,6,nan,nan
퀀,U+D000,0,0,0,0,0,0.126220703125,0.570556640625,0.13214111328125,4,nan,nan
퀁,U+D001,0,0,1,1,0,0.1756591796875,0.6776123046875,0.15350341796875,7,nan,nan
퀂,U+D002,0,0,1,1,0,0.1783447265625,0.630615234375,0.16827392578125,6,nan,nan
퀃,U+D003,0,0,1,1,0,0.1317138671875,0.537109375,0.13311767578125,5,nan,nan
퀄,U+D004,0,0,0,0,0,0.14990234375,0.60284423828125,0.14959716796875,4,nan,nan
퀅,U+D005,0,0,0,0,0,0.1746826171875,0.630615234375,0.17462158203125,8,nan,nan
퀆,U+D006,0,0,0,0,0,0.18304443359375,0.6484375,0.1866455078125,4,nan,nan
퀇,U+D007,0,0,0,0,0,0.18084716796875,0.671875,0.18377685546875,5,nan,nan
퀈,U+D008,0,0,0,0,0,0.196044921875,0.7734375,0.17816162109375,5,nan,nan
퀉,U+D009,0,0,0,0,0,0.1763916015625,0.67437744140625,0.1800537109375,5,nan,nan
퀊,U+D00A,0,0,1,1,0,0.2021484375,0.6875,0.18389892578125,4,nan,nan
퀋,U+D00B,0,0,0,0,0,0.19793701171875,0.6875,0.17742919921875,5,nan,nan
퀌,U+D00C,0,0,0,0,0,0.14239501953125,0.5517578125,0.141357421875,3,nan,nan
퀍,U+D00D,0,0,0,0,0,0.14764404296875,0.53106689453125,0.13909912109375,4,nan,nan
퀎,U+D00E,0,0,0,0,0,0.17950439453125,0.668212890625,0.16632080078125,6,nan,nan
퀏,U+D00F,0,0,0,0,0,0.13299560546875,0.60809326171875,0.125,6,nan,nan
퀐,U+D010,0,0,0,0,0,0.1734619140625,0.68212890625,0.15283203125,4,nan,nan
퀑,U+D011,0,0,0,0,0,0.12640380859375,0.5438232421875,0.125244140625,3,nan,nan
퀒,U+D012,0,0,1,1,0,0.15057373046875,0.63323974609375,0.145751953125,4,nan,nan
퀓,U+D013,0,0,0,0,0,0.160400390625,0.64337158203125,0.163330078125,6,nan,nan
퀔,U+D014,0,0,1,1,0,0.1485595703125,0.613037109375,0.1485595703125,5,nan,nan
퀕,U+D015,0,0,1,1,0,0.15374755859375,0.5712890625,0.15179443359375,6,nan,nan
퀖,U+D016,0,0,0,0,0,0.16888427734375,0.63323974609375,0.1529541015625,6,nan,nan
퀗,U+D017,0,0,0,0,0,0.1484375,0.579833984375,0.147216796875,8,nan,nan
퀘,U+D018,0,0,0,0,0,0.16455078125,0.6041259765625,0.15057373046875,4,nan,nan
퀙,U+D019,0,0,0,0,0,0.15521240234375,0.729736328125,0.1600341796875,7,nan,nan
퀚,U+D01A,0,0,1,1,0,0.1634521484375,0.6953125,0.159912109375,5,nan,nan
퀛,U+D01B,0,0,0,0,0,0.181884765625,0.72088623046875,0.16839599609375,4,nan,nan
퀜,U+D01C,0,0,0,0,0,0.1507568359375,0.670166015625,0.16424560546875,10,nan,nan
퀝,U+D01D,0,0,1,1,0,0.19378662109375,0.7152099609375,0.1942138671875,6,nan,nan
퀞,U+D01E,0,0,1,1,0,0.16485595703125,0.66064453125,0.17706298828125,7,nan,nan
퀟,U+D01F,0,0,1,1,0,0.155029296875,0.640380859375,0.1646728515625,3,nan,nan
퀠,U+D020,0,0,0,0,0,0.1846923828125,0.6998291015625,0.18328857421875,5,nan,nan
퀡,U+D021,0,0,0,0,0,0.177734375,0.6690673828125,0.18194580078125,6,nan,nan
퀢,U+D022,0,0,0,0,0,0.18121337890625,0.68988037109375,0.1851806640625,6,nan,nan
퀣,U+D023,0,0,0,0,0,0.18017578125,0.815185546875,0.19354248046875,7,nan,nan
퀤,U+D024,0,0,0,0,0,0.193359375,0.73828125,0.18731689453125,7,nan,nan
퀥,U+D025,0,0,0,0,0,0.17669677734375,0.732421875,0.18695068359375,9,nan,nan
퀦,U+D026,0,0,1,1,0,0.1885986328125,0.7109375,0.20556640625,5,nan,nan
퀧,U+D027,0,0,0,0,0,0.196533203125,0.6925048828125,0.2066650390625,8,nan,nan
퀨,U+D028,0,0,0,0,0,0.1727294921875,0.80108642578125,0.17987060546875,6,nan,nan
퀩,U+D029,0,0,0,0,0,0.15850830078125,0.699951171875,0.161865234375,5,nan,nan
퀪,U+D02A,0,0,0,0,0,0.1656494140625,0.73828125,0.17218017578125,6,nan,nan
퀫,U+D02B,0,0,0,0,0,0.16339111328125,0.71319580078125,0.1552734375,3,nan,nan
퀬,U+D02C,0,0,0,0,0,0.1827392578125,0.765625,0.189208984375,8,nan,nan
퀭,U+D02D,0,0,0,0,0,0.1572265625,0.68316650390625,0.14898681640625,7,nan,nan
퀮,U+D02E,0,0,1,1,0,0.184814453125,0.7818603515625,0.1807861328125,4,nan,nan
퀯,U+D02F,0,0,0,0,0,0.16961669921875,0.77056884765625,0.1695556640625,6,nan,nan
퀰,U+D030,0,0,1,1,0,0.1748046875,0.66815185546875,0.17364501953125,4,nan,nan
퀱,U+D031,0,0,1,1,0,0.18359375,0.7613525390625,0.18084716796875,6,nan,nan
퀲,U+D032,0,0,0,0,0,0.17401123046875,0.8216552734375,0.1981201171875,13,nan,nan
퀳,U+D033,0,0,0,0,0,0.150146484375,0.6875,0.14306640625,7,nan,nan
퀴,U+D034,0,0,0,0,0,0.08526611328125,0.409912109375,0.08856201171875,4,nan,nan
퀵,U+D035,0,0,0,0,0,0.12872314453125,0.62841796875,0.11895751953125,4,nan,nan
퀶,U+D036,0,0,1,1,0,0.1356201171875,0.6328125,0.13165283203125,4,nan,nan
퀷,U+D037,0,0,0,0,0,0.148193359375,0.68212890625,0.1395263671875,3,nan,nan
퀸,U+D038,0,0,0,0,0,0.12432861328125,0.56640625,0.1307373046875,4,nan,nan
퀹,U+D039,0,0,1,1,0,0.1546630859375,0.690673828125,0.149169921875,3,nan,nan
퀺,U+D03A,0,0,1,1,0,0.1494140625,0.6328125,0.149169921875,3,nan,nan
퀻,U+D03B,0,0,1,1,0,0.13360595703125,0.5570068359375,0.13385009765625,6,nan,nan
퀼,U+D03C,0,0,0,0,0,0.13775634765625,0.5882568359375,0.1458740234375,6,nan,nan
퀽,U+D03D,0,0,0,0,0,0.16082763671875,0.64337158203125,0.1640625,8,nan,nan
퀾,U+D03E,0,0,0,0,0,0.1676025390625,0.6201171875,0.1737060546875,3,nan,nan
퀿,U+D03F,0,0,0,0,0,0.1707763671875,0.651123046875,0.18377685546875,4,nan,nan
큀,U+D040,0,0,0,0,0,0.16796875,0.708984375,0.17822265625,4,nan,nan
큁,U+D041,0,0,0,0,0,0.15863037109375,0.6356201171875,0.16796875,3,nan,nan
큂,U+D042,0,0,1,1,0,0.155517578125,0.65887451171875,0.16729736328125,4,nan,nan
큃,U+D043,0,0,0,0,0,0.16192626953125,0.65887451171875,0.17852783203125,4,nan,nan
큄,U+D044,0,0,0,0,0,0.1544189453125,0.5810546875,0.1451416015625,2,nan,nan
큅,U+D045,0,0,0,0,0,0.1402587890625,0.5665283203125,0.14178466796875,3,nan,nan
큆,U+D046,0,0,0,0,0,0.14898681640625,0.68115234375,0.15142822265625,6,nan,nan
큇,U+D047,0,0,0,0,0,0.1478271484375,0.62548828125,0.1273193359375,3,nan,nan
큈,U+D048,0,0,0,0,0,0.1627197265625,0.692138671875,0.1414794921875,5,nan,nan
큉,U+D049,0,0,0,0,0,0.13397216796875,0.55926513671875,0.12115478515625,2,nan,nan
큊,U+D04A,0,0,1,1,0,0.152099609375,0.6666259765625,0.1370849609375,4,nan,nan
큋,U+D04B,0,0,0,0,0,0.14105224609375,0.661376953125,0.144287109375,6,nan,nan
큌,U+D04C,0,0,1,1,0,0.14031982421875,0.609375,0.1297607421875,5,nan,nan
큍,U+D04D,0,0,1,1,0,0.14215087890625,0.5882568359375,0.14459228515625,7,nan,nan
큎,U+D04E,0,0,0,0,0,0.17083740234375,0.6953125,0.1627197265625,5,nan,nan
큏,U+D04F,0,0,0,0,0,0.1466064453125,0.5751953125,0.13116455078125,7,nan,nan
큐,U+D050,0,0,0,0,0,0.10052490234375,0.5767822265625,0.1026611328125,2,nan,nan
큑,U+D051,0,0,0,0,0,0.130615234375,0.68316650390625,0.13525390625,4,nan,nan
큒,U+D052,0,0,1,1,0,0.10369873046875,0.66094970703125,0.11785888671875,4,nan,nan
큓,U+D053,0,0,0,0,0,0.13592529296875,0.6646728515625,0.13348388671875,4,nan,nan
큔,U+D054,0,0,0,0,0,0.11871337890625,0.5665283203125,0.1253662109375,4,nan,nan
큕,U+D055,0,0,1,1,0,0.138671875,0.6265869140625,0.14361572265625,6,nan,nan
큖,U+D056,0,0,1,1,0,0.16107177734375,0.7734375,0.14892578125,7,nan,nan
큗,U+D057,0,0,1,1,0,0.121826171875,0.6298828125,0.1270751953125,4,nan,nan
큘,U+D058,0,0,0,0,0,0.1800537109375,0.72479248046875,0.1845703125,4,nan,nan
큙,U+D059,0,0,0,0,0,0.161376953125,0.71875,0.17291259765625,4,nan,nan
큚,U+D05A,0,0,0,0,0,0.1591796875,0.6998291015625,0.1826171875,4,nan,nan
큛,U+D05B,0,0,0,0,0,0.1634521484375,0.7734375,0.1785888671875,8,nan,nan
큜,U+D05C,0,0,0,0,0,0.16448974609375,0.74005126953125,0.17108154296875,4,nan,nan
큝,U+D05D,0,0,0,0,0,0.170166015625,0.692138671875,0.17987060546875,7,nan,nan
큞,U+D05E,0,0,1,1,0,0.17132568359375,0.70751953125,0.17822265625,3,nan,nan
큟,U+D05F,0,0,0,0,0,0.19049072265625,0.71875,0.200439453125,7,nan,nan
큠,U+D060,0,0,0,0,0,0.132080078125,0.57843017578125,0.13482666015625,2,nan,nan
큡,U+D061,0,0,0,0,0,0.14019775390625,0.62548828125,0.13970947265625,4,nan,nan
큢,U+D062,0,0,0,0,0,0.146240234375,0.718994140625,0.14581298828125,5,nan,nan
큣,U+D063,0,0,0,0,0,0.14825439453125,0.67138671875,0.1258544921875,3,nan,nan
큤,U+D064,0,0,0,0,0,0.1395263671875,0.615234375,0.13079833984375,3,nan,nan
큥,U+D065,0,0,0,0,0,0.1068115234375,0.56396484375,0.1025390625,2,nan,nan
큦,U+D066,0,0,1,1,0,0.13446044921875,0.6180419921875,0.12103271484375,3,nan,nan
큧,U+D067,0,0,0,0,0,0.14166259765625,0.69427490234375,0.138427734375,4,nan,nan
큨,U+D068,0,0,1,1,0,0.1395263671875,0.628173828125,0.1424560546875,4,nan,nan
큩,U+D069,0,0,1,1,0,0.1285400390625,0.52294921875,0.13226318359375,4,nan,nan
큪,U+D06A,0,0,0,0,0,0.16754150390625,0.6866455078125,0.15008544921875,3,nan,nan
큫,U+D06B,0,0,0,0,0,0.14837646484375,0.6484375,0.134521484375,6,nan,nan
크,U+D06C,0,0,0,0,0,0.0809326171875,0.5218505859375,0.0869140625,2,nan,nan
큭,U+D06D,0,0,0,0,0,0.10650634765625,0.6646728515625,0.11248779296875,3,nan,nan
큮,U+D06E,0,0,1,1,0,0.10015869140625,0.59326171875,0.11627197265625,8,nan,nan
큯,U+D06F,0,0,0,0,0,0.11273193359375,0.5914306640625,0.1171875,5,nan,nan
큰,U+D070,0,0,0,0,0,0.09918212890625,0.5218505859375,0.10052490234375,3,nan,nan
큱,U+D071,0,0,1,1,0,0.122802734375,0.6036376953125,0.12274169921875,4,nan,nan
큲,U+D072,0,0,1,1,0,0.13116455078125,0.699951171875,0.1435546875,5,nan,nan
큳,U+D073,0,0,1,1,0,0.10345458984375,0.43994140625,0.1044921875,2,nan,nan
클,U+D074,0,0,0,0,0,0.14337158203125,0.6246337890625,0.13909912109375,2,nan,nan
큵,U+D075,0,0,0,0,0,0.13458251953125,0.6005859375,0.14971923828125,4,nan,nan
큶,U+D076,0,0,0,0,0,0.16949462890625,0.65313720703125,0.17279052734375,4,nan,nan
큷,U+D077,0,0,0,0,0,0.16546630859375,0.6866455078125,0.1856689453125,5,nan,nan
큸,U+D078,0,0,0,0,0,0.1427001953125,0.6925048828125,0.14874267578125,4,nan,nan
큹,U+D079,0,0,0,0,0,0.15777587890625,0.66815185546875,0.17840576171875,5,nan,nan
큺,U+D07A,0,0,1,1,0,0.16455078125,0.65728759765625,0.17620849609375,3,nan,nan
큻,U+D07B,0,0,0,0,0,0.1739501953125,0.6844482421875,0.18450927734375,5,nan,nan
큼,U+D07C,0,0,0,0,0,0.1158447265625,0.5380859375,0.11822509765625,3,nan,nan
큽,U+D07D,0,0,0,0,0,0.12640380859375,0.545166015625,0.1246337890625,4,nan,nan
큾,U+D07E,0,0,0,0,0,0.13873291015625,0.619384765625,0.13531494140625,3,nan,nan
큿,U+D07F,0,0,0,0,0,0.09393310546875,0.5545654296875,0.091064453125,3,nan,nan
킀,U+D080,0,0,0,0,0,0.13653564453125,0.6456298828125,0.125,5,nan,nan
킁,U+D081,0,0,0,0,0,0.1029052734375,0.51416015625,0.09613037109375,3,nan,nan
킂,U+D082,0,0,1,1,0,0.11810302734375,0.54986572265625,0.11334228515625,2,nan,nan
킃,U+D083,0,0,0,0,0,0.11907958984375,0.56304931640625,0.114501953125,3,nan,nan
킄,U+D084,0,0,1,1,0,0.11505126953125,0.58258056640625,0.1248779296875,5,nan,nan
킅,U+D085,0,0,1,1,0,0.10198974609375,0.4229736328125,0.10882568359375,3,nan,nan
킆,U+D086,0,0,0,0,0,0.1485595703125,0.55450439453125,0.13604736328125,2,nan,nan
킇,U+D087,0,0,0,0,0,0.12628173828125,0.58135986328125,0.10247802734375,6,nan,nan
킈,U+D088,0,0,0,0,0,0.10211181640625,0.474609375,0.09515380859375,1,nan,nan
킉,U+D089,0,0,0,0,0,0.117919921875,0.54046630859375,0.11505126953125,3,nan,nan
킊,U+D08A,0,0,1,1,0,0.12799072265625,0.55224609375,0.1239013671875,4,nan,nan
킋,U+D08B,0,0,0,0,0,0.14166259765625,0.67205810546875,0.1273193359375,5,nan,nan
킌,U+D08C,0,0,0,0,0,0.115478515625,0.5955810546875,0.12841796875,4,nan,nan
킍,U+D08D,0,0,1,1,0,0.1710205078125,0.7767333984375,0.16583251953125,9,nan,nan
킎,U+D08E,0,0,1,1,0,0.16387939453125,0.671875,0.15093994140625,6,nan,nan
킏,U+D08F,0,0,1,1,0,0.11590576171875,0.56396484375,0.12628173828125,5,nan,nan
킐,U+D090,0,0,0,0,0,0.15081787109375,0.60272216796875,0.14306640625,3,nan,nan
킑,U+D091,0,0,0,0,0,0.1527099609375,0.625,0.1485595703125,6,nan,nan
킒,U+D092,0,0,0,0,0,0.16400146484375,0.609375,0.164306640625,6,nan,nan
킓,U+D093,0,0,0,0,0,0.15863037109375,0.613037109375,0.16546630859375,4,nan,nan
킔,U+D094,0,0,0,0,0,0.1650390625,0.68212890625,0.16046142578125,5,nan,nan
킕,U+D095,0,0,0,0,0,0.13775634765625,0.726318359375,0.15411376953125,15,nan,nan
킖,U+D096,0,0,1,1,0,0.15313720703125,0.6513671875,0.15777587890625,7,nan,nan
킗,U+D097,0,0,0,0,0,0.174560546875,0.56585693359375,0.151611328125,5,nan,nan
킘,U+D098,0,0,0,0,0,0.13763427734375,0.53912353515625,0.1341552734375,4,nan,nan
킙,U+D099,0,0,0,0,0,0.13037109375,0.556640625,0.12750244140625,3,nan,nan
킚,U+D09A,0,0,0,0,0,0.1474609375,0.62255859375,0.14190673828125,3,nan,nan
킛,U+D09B,0,0,0,0,0,0.12603759765625,0.620361328125,0.1165771484375,3,nan,nan
킜,U+D09C,0,0,0,0,0,0.14105224609375,0.6796875,0.1368408203125,5,nan,nan
킝,U+D09D,0,0,0,0,0,0.12109375,0.580810546875,0.10430908203125,4,nan,nan
킞,U+D09E,0,0,1,1,0,0.15057373046875,0.628173828125,0.13427734375,4,nan,nan
킟,U+D09F,0,0,0,0,0,0.140380859375,0.640625,0.14044189453125,5,nan,nan
킠,U+D0A0,0,0,1,1,0,0.15423583984375,0.7109375,0.14129638671875,7,nan,nan
킡,U+D0A1,0,0,1,1,0,0.13775634765625,0.5340576171875,0.136962890625,5,nan,nan
킢,U+D0A2,0,0,0,0,0,0.1580810546875,0.673583984375,0.15557861328125,6,nan,nan
킣,U+D0A3,0,0,0,0,0,0.14111328125,0.57220458984375,0.11944580078125,6,nan,nan
키,U+D0A4,0,0,0,0,0,0.09063720703125,0.59033203125,0.091796875,4,nan,nan
킥,U+D0A5,0,0,0,0,0,0.11297607421875,0.609375,0.10772705078125,4,nan,nan
킦,U+D0A6,0,0,1,1,0,0.111083984375,0.61236572265625,0.10614013671875,5,nan,nan
킧,U+D0A7,0,0,0,0,0,0.1151123046875,0.6875,0.1134033203125,4,nan,nan
킨,U+D0A8,0,0,0,0,0,0.09991455078125,0.78125,0.1097412109375,9,nan,nan
킩,U+D0A9,0,0,1,1,0,0.1214599609375,0.6875,0.12628173828125,3,nan,nan
킪,U+D0AA,0,0,1,1,0,0.1446533203125,0.6328125,0.12652587890625,4,nan,nan
킫,U+D0AB,0,0,1,1,0,0.1075439453125,0.552490234375,0.11968994140625,4,nan,nan
킬,U+D0AC,0,0,0,0,0,0.13848876953125,0.5859375,0.13055419921875,2,nan,nan
킭,U+D0AD,0,0,0,0,0,0.13262939453125,0.640625,0.13543701171875,7,nan,nan
킮,U+D0AE,0,0,0,0,0,0.1029052734375,0.86041259765625,0.14605712890625,24,nan,nan
킯,U+D0AF,0,0,0,0,0,0.1241455078125,0.6484375,0.14666748046875,6,nan,nan
킰,U+D0B0,0,0,0,0,0,0.14825439453125,0.67138671875,0.14093017578125,4,nan,nan
킱,U+D0B1,0,0,0,0,0,0.13153076171875,0.651123046875,0.1439208984375,5,nan,nan
킲,U+D0B2,0,0,1,1,0,0.135986328125,0.6640625,0.14593505859375,6,nan,nan
킳,U+D0B3,0,0,0,0,0,0.1483154296875,0.60546875,0.15545654296875,6,nan,nan
킴,U+D0B4,0,0,0,0,0,0.11566162109375,0.57806396484375,0.120849609375,4,nan,nan
킵,U+D0B5,0,0,0,0,0,0.11322021484375,0.54931640625,0.11285400390625,3,nan,nan
킶,U+D0B6,0,0,0,0,0,0.11083984375,0.6690673828125,0.1241455078125,7,nan,nan
킷,U+D0B7,0,0,0,0,0,0.11077880859375,0.6156005859375,0.1014404296875,4,nan,nan
킸,U+D0B8,0,0,0,0,0,0.12554931640625,0.68115234375,0.11712646484375,4,nan,nan
킹,U+D0B9,0,0,0,0,0,0.111328125,0.54931640625,0.0841064453125,4,nan,nan
킺,U+D0BA,0,0,1,1,0,0.12542724609375,0.6005859375,0.11077880859375,5,nan,nan
킻,U+D0BB,0,0,0,0,0,0.12152099609375,0.625,0.1224365234375,5,nan,nan
킼,U+D0BC,0,0,1,1,0,0.1158447265625,0.5733642578125,0.11505126953125,6,nan,nan
킽,U+D0BD,0,0,1,1,0,0.11712646484375,0.52294921875,0.12030029296875,3,nan,nan
킾,U+D0BE,0,0,0,0,0,0.131103515625,0.6976318359375,0.13006591796875,6,nan,nan
킿,U+D0BF,0,0,0,0,0,0.11297607421875,0.546875,0.0994873046875,3,nan,nan
타,U+D0C0,0,0,0,0,0,0.09423828125,0.582275390625,0.09918212890625,4,nan,nan
탁,U+D0C1,0,0,0,0,0,0.09967041015625,0.56854248046875,0.10174560546875,3,nan,nan
탂,U+D0C2,0,0,1,1,0,0.107421875,0.538330078125,0.11907958984375,4,nan,nan
탃,U+D0C3,0,0,0,0,0,0.14056396484375,0.587646484375,0.127685546875,4,nan,nan
탄,U+D0C4,0,0,0,0,0,0.09161376953125,0.5196533203125,0.09893798828125,3,nan,nan
탅,U+D0C5,0,0,1,1,0,0.10821533203125,0.52178955078125,0.12152099609375,4,nan,nan
탆,U+D0C6,0,0,1,1,0,0.0950927734375,0.5977783203125,0.117919921875,7,nan,nan
탇,U+D0C7,0,0,1,1,0,0.09417724609375,0.5155029296875,0.10577392578125,3,nan,nan
탈,U+D0C8,0,0,0,0,0,0.1441650390625,0.70953369140625,0.14886474609375,4,nan,nan
탉,U+D0C9,0,0,0,0,0,0.124267578125,0.599853515625,0.13287353515625,10,nan,nan
탊,U+D0CA,0,0,0,0,0,0.10919189453125,0.545166015625,0.12701416015625,7,nan,nan
탋,U+D0CB,0,0,0,0,0,0.1307373046875,0.6776123046875,0.16461181640625,6,nan,nan
탌,U+D0CC,0,0,0,0,0,0.10894775390625,0.6265869140625,0.13275146484375,8,nan,nan
탍,U+D0CD,0,0,0,0,0,0.10992431640625,0.59271240234375,0.13055419921875,9,nan,nan
탎,U+D0CE,0,0,1,1,0,0.140625,0.59271240234375,0.1470947265625,4,nan,nan
탏,U+D0CF,0,0,0,0,0,0.109375,0.5833740234375,0.1451416015625,8,nan,nan
탐,U+D0D0,0,0,0,0,0,0.09893798828125,0.56231689453125,0.11322021484375,2,nan,nan
탑,U+D0D1,0,0,0,0,0,0.099365234375,0.533935546875,0.11029052734375,3,nan,nan
탒,U+D0D2,0,0,0,0,0,0.11669921875,0.5322265625,0.12884521484375,5,nan,nan
탓,U+D0D3,0,0,0,0,0,0.11749267578125,0.60693359375,0.1202392578125,7,nan,nan
탔,U+D0D4,0,0,0,0,0,0.142822265625,0.640869140625,0.14068603515625,5,nan,nan
탕,U+D0D5,0,0,0,0,0,0.11773681640625,0.6192626953125,0.10357666015625,4,nan,nan
탖,U+D0D6,0,0,1,1,0,0.10955810546875,0.5635986328125,0.110595703125,3,nan,nan
탗,U+D0D7,0,0,0,0,0,0.121337890625,0.64337158203125,0.1268310546875,7,nan,nan
탘,U+D0D8,0,0,1,1,0,0.12103271484375,0.5712890625,0.11572265625,6,nan,nan
탙,U+D0D9,0,0,1,1,0,0.12652587890625,0.5615234375,0.12677001953125,5,nan,nan
탚,U+D0DA,0,0,0,0,0,0.1236572265625,0.570556640625,0.1346435546875,6,nan,nan
탛,U+D0DB,0,0,0,0,0,0.1114501953125,0.66815185546875,0.12689208984375,12,nan,nan
태,U+D0DC,0,0,0,0,0,0.1151123046875,0.514404296875,0.1148681640625,3,nan,nan
택,U+D0DD,0,0,0,0,0,0.1158447265625,0.597900390625,0.13275146484375,4,nan,nan
탞,U+D0DE,0,0,1,1,0,0.1378173828125,0.744140625,0.1495361328125,5,nan,nan
탟,U+D0DF,0,0,0,0,0,0.150146484375,0.630615234375,0.1522216796875,3,nan,nan
탠,U+D0E0,0,0,0,0,0,0.09820556640625,0.630615234375,0.12054443359375,6,nan,nan
탡,U+D0E1,0,0,1,1,0,0.1412353515625,0.6123046875,0.1395263671875,3,nan,nan
탢,U+D0E2,0,0,1,1,0,0.152099609375,0.6180419921875,0.16168212890625,5,nan,nan
탣,U+D0E3,0,0,1,1,0,0.1173095703125,0.55224609375,0.1336669921875,5,nan,nan
탤,U+D0E4,0,0,0,0,0,0.13427734375,0.6201171875,0.16021728515625,3,nan,nan
탥,U+D0E5,0,0,0,0,0,0.13836669921875,0.74591064453125,0.1697998046875,8,nan,nan
탦,U+D0E6,0,0,0,0,0,0.15106201171875,0.615234375,0.1707763671875,6,nan,nan
탧,U+D0E7,0,0,0,0,0,0.13671875,0.796875,0.17657470703125,8,nan,nan
탨,U+D0E8,0,0,0,0,0,0.16363525390625,0.6866455078125,0.1656494140625,5,nan,nan
탩,U+D0E9,0,0,0,0,0,0.14306640625,0.7237548828125,0.172607421875,10,nan,nan
탪,U+D0EA,0,0,1,1,0,0.146240234375,0.6478271484375,0.1815185546875,10,nan,nan
탫,U+D0EB,0,0,0,0,0,0.146728515625,0.671875,0.1669921875,7,nan,nan
탬,U+D0EC,0,0,0,0,0,0.1182861328125,0.55926513671875,0.13818359375,4,nan,nan
탭,U+D0ED,0,0,0,0,0,0.13671875,0.597900390625,0.15045166015625,4,nan,nan
탮,U+D0EE,0,0,0,0,0,0.15960693359375,0.6329345703125,0.15863037109375,6,nan,nan
탯,U+D0EF,0,0,0,0,0,0.1448974609375,0.599853515625,0.1395263671875,5,nan,nan
탰,U+D0F0,0,0,0,0,0,0.1544189453125,0.65625,0.15423583984375,6,nan,nan
탱,U+D0F1,0,0,0,0,0,0.13671875,0.573486328125,0.12359619140625,3,nan,nan
탲,U+D0F2,0,0,1,1,0,0.13934326171875,0.640869140625,0.141357421875,4,nan,nan
탳,U+D0F3,0,0,0,0,0,0.13653564453125,0.6383056640625,0.15435791015625,8,nan,nan
탴,U+D0F4,0,0,1,1,0,0.11749267578125,0.6046142578125,0.12890625,7,nan,nan
탵,U+D0F5,0,0,1,1,0,0.13623046875,0.61236572265625,0.15533447265625,4,nan,nan
탶,U+D0F6,0,0,0,0,0,0.13671875,0.62060546875,0.156005859375,5,nan,nan
탷,U+D0F7,0,0,0,0,0,0.14031982421875,0.609375,0.1326904296875,5,nan,nan
탸,U+D0F8,0,0,0,0,0,0.104736328125,0.57208251953125,0.1036376953125,2,nan,nan
탹,U+D0F9,0,0,0,0,0,0.110107421875,0.6456298828125,0.12200927734375,4,nan,nan
탺,U+D0FA,0,0,1,1,0,0.10174560546875,0.56494140625,0.1175537109375,5,nan,nan
탻,U+D0FB,0,0,0,0,0,0.1302490234375,0.62548828125,0.1341552734375,6,nan,nan
탼,U+D0FC,0,0,0,0,0,0.10205078125,0.54473876953125,0.10687255859375,3,nan,nan
탽,U+D0FD,0,0,1,1,0,0.13128662109375,0.57586669921875,0.1365966796875,5,nan,nan
탾,U+D0FE,0,0,1,1,0,0.1214599609375,0.6796875,0.13775634765625,8,nan,nan
탿,U+D0FF,0,0,1,1,0,0.10040283203125,0.56231689453125,0.11883544921875,4,nan,nan
턀,U+D100,0,0,0,0,0,0.14117431640625,0.66375732421875,0.1539306640625,5,nan,nan
턁,U+D101,0,0,0,0,0,0.14007568359375,0.613037109375,0.1505126953125,4,nan,nan
턂,U+D102,0,0,0,0,0,0.14764404296875,0.59820556640625,0.16217041015625,8,nan,nan
턃,U+D103,0,0,0,0,0,0.146240234375,0.62310791015625,0.16778564453125,6,nan,nan
턄,U+D104,0,0,0,0,0,0.14593505859375,0.6357421875,0.1571044921875,5,nan,nan
턅,U+D105,0,0,0,0,0,0.1234130859375,0.66375732421875,0.1434326171875,8,nan,nan
턆,U+D106,0,0,1,1,0,0.134521484375,0.65887451171875,0.15423583984375,8,nan,nan
턇,U+D107,0,0,0,0,0,0.1234130859375,0.58624267578125,0.14398193359375,6,nan,nan
턈,U+D108,0,0,0,0,0,0.1248779296875,0.5833740234375,0.1278076171875,3,nan,nan
턉,U+D109,0,0,0,0,0,0.1361083984375,0.671875,0.13458251953125,3,nan,nan
턊,U+D10A,0,0,0,0,0,0.13922119140625,0.5572509765625,0.14794921875,4,nan,nan
턋,U+D10B,0,0,0,0,0,0.14544677734375,0.6998291015625,0.134521484375,4,nan,nan
턌,U+D10C,0,0,0,0,0,0.13946533203125,0.64361572265625,0.14263916015625,6,nan,nan
턍,U+D10D,0,0,0,0,0,0.13214111328125,0.630126953125,0.12054443359375,4,nan,nan
턎,U+D10E,0,0,1,1,0,0.13238525390625,0.6265869140625,0.133056640625,5,nan,nan
턏,U+D10F,0,0,0,0,0,0.12939453125,0.630615234375,0.13433837890625,4,nan,nan
턐,U+D110,0,0,1,1,0,0.12945556640625,0.6055908203125,0.1268310546875,4,nan,nan
턑,U+D111,0,0,1,1,0,0.150634765625,0.61297607421875,0.1427001953125,3,nan,nan
턒,U+D112,0,0,0,0,0,0.14776611328125,0.628173828125,0.14202880859375,3,nan,nan
턓,U+D113,0,0,0,0,0,0.12884521484375,0.6953125,0.1260986328125,5,nan,nan
턔,U+D114,0,0,0,0,0,0.10882568359375,0.47265625,0.11163330078125,2,nan,nan
턕,U+D115,0,0,0,0,0,0.1239013671875,0.625,0.13671875,3,nan,nan
턖,U+D116,0,0,1,1,0,0.134765625,0.52178955078125,0.137451171875,3,nan,nan
턗,U+D117,0,0,0,0,0,0.16485595703125,0.65087890625,0.1551513671875,3,nan,nan
턘,U+D118,0,0,0,0,0,0.133544921875,0.65887451171875,0.14239501953125,3,nan,nan
턙,U+D119,0,0,1,1,0,0.13525390625,0.630615234375,0.15057373046875,8,nan,nan
턚,U+D11A,0,0,1,1,0,0.1575927734375,0.76806640625,0.16796875,9,nan,nan
턛,U+D11B,0,0,1,1,0,0.13189697265625,0.7418212890625,0.14947509765625,7,nan,nan
턜,U+D11C,0,0,0,0,0,0.149658203125,0.6484375,0.15838623046875,6,nan,nan
턝,U+D11D,0,0,0,0,0,0.1649169921875,0.7657470703125,0.1824951171875,7,nan,nan
턞,U+D11E,0,0,0,0,0,0.16790771484375,0.77325439453125,0.18292236328125,6,nan,nan
턟,U+D11F,0,0,0,0,0,0.1524658203125,0.78289794921875,0.185791015625,15,nan,nan
턠,U+D120,0,0,0,0,0,0.15692138671875,0.6953125,0.17529296875,9,nan,nan
턡,U+D121,0,0,0,0,0,0.142822265625,0.738525390625,0.17657470703125,9,nan,nan
턢,U+D122,0,0,1,1,0,0.16033935546875,0.7967529296875,0.18499755859375,7,nan,nan
턣,U+D123,0,0,0,0,0,0.14105224609375,0.643310546875,0.1800537109375,9,nan,nan
턤,U+D124,0,0,0,0,0,0.13641357421875,0.630615234375,0.15203857421875,5,nan,nan
턥,U+D125,0,0,0,0,0,0.1417236328125,0.60546875,0.15264892578125,5,nan,nan
턦,U+D126,0,0,0,0,0,0.1405029296875,0.620361328125,0.162841796875,5,nan,nan
턧,U+D127,0,0,0,0,0,0.1490478515625,0.83056640625,0.14862060546875,5,nan,nan
턨,U+D128,0,0,0,0,0,0.15997314453125,0.671875,0.16015625,3,nan,nan
턩,U+D129,0,0,0,0,0,0.13714599609375,0.587646484375,0.12005615234375,5,nan,nan
턪,U+D12A,0,0,1,1,0,0.1497802734375,0.60498046875,0.1566162109375,6,nan,nan
턫,U+D12B,0,0,0,0,0,0.1400146484375,0.6383056640625,0.1531982421875,4,nan,nan
턬,U+D12C,0,0,1,1,0,0.14581298828125,0.6561279296875,0.159423828125,6,nan,nan
턭,U+D12D,0,0,1,1,0,0.151611328125,0.79840087890625,0.16961669921875,9,nan,nan
턮,U+D12E,0,0,0,0,0,0.14874267578125,0.7781982421875,0.17822265625,7,nan,nan
턯,U+D12F,0,0,0,0,0,0.13104248046875,0.6356201171875,0.14697265625,8,nan,nan
터,U+D130,0,0,0,0,0,0.09527587890625,0.466552734375,0.08587646484375,3,nan,nan
턱,U+D131,0,0,0,0,0,0.110107421875,0.6015625,0.1153564453125,4,nan,nan
턲,U+D132,0,0,1,1,0,0.11260986328125,0.609375,0.121826171875,7,nan,nan
턳,U+D133,0,0,0,0,0,0.146240234375,0.6796875,0.134765625,6,nan,nan
턴,U+D134,0,0,0,0,0,0.109619140625,0.597900390625,0.10772705078125,3,nan,nan
턵,U+D135,0,0,1,1,0,0.13873291015625,0.65887451171875,0.146728515625,6,nan,nan
턶,U+D136,0,0,1,1,0,0.15228271484375,0.64599609375,0.16595458984375,5,nan,nan
턷,U+D137,0,0,1,1,0,0.10076904296875,0.54931640625,0.12213134765625,5,nan,nan
털,U+D138,0,0,0,0,0,0.1468505859375,0.6171875,0.14410400390625,4,nan,nan
턹,U+D139,0,0,0,0,0,0.16387939453125,0.6328125,0.17376708984375,4,nan,nan
턺,U+D13A,0,0,0,0,0,0.1480712890625,0.625,0.16766357421875,7,nan,nan
턻,U+D13B,0,0,0,0,0,0.16888427734375,0.640625,0.1820068359375,8,nan,nan
턼,U+D13C,0,0,0,0,0,0.16644287109375,0.703125,0.169189453125,2,nan,nan
턽,U+D13D,0,0,0,0,0,0.142578125,0.76739501953125,0.16876220703125,7,nan,nan
턾,U+D13E,0,0,1,1,0,0.15142822265625,0.6640625,0.1812744140625,7,nan,nan
턿,U+D13F,0,0,0,0,0,0.1573486328125,0.6640625,0.17315673828125,6,nan,nan
텀,U+D140,0,0,0,0,0,0.126708984375,0.5855712890625,0.13214111328125,3,nan,nan
텁,U+D141,0,0,0,0,0,0.12542724609375,0.582763671875,0.12725830078125,3,nan,nan
텂,U+D142,0,0,0,0,0,0.12664794921875,0.6383056640625,0.142333984375,5,nan,nan
텃,U+D143,0,0,0,0,0,0.1251220703125,0.630615234375,0.121337890625,8,nan,nan
텄,U+D144,0,0,0,0,0,0.15509033203125,0.6953125,0.14459228515625,3,nan,nan
텅,U+D145,0,0,0,0,1,0.13189697265625,0.625,0.10687255859375,3,25.79687869284306,0.9584674977394079
텆,U+D146,0,0,1,1,0,0.13031005859375,0.72021484375,0.13360595703125,8,nan,nan
텇,U+D147,0,0,0,0,0,0.13031005859375,0.6171875,0.13995361328125,5,nan,nan
텈,U+D148,0,0,1,1,0,0.131103515625,0.59686279296875,0.12841796875,3,nan,nan
텉,U+D149,0,0,1,1,0,0.14117431640625,0.73828125,0.15301513671875,3,nan,nan
텊,U+D14A,0,0,0,0,0,0.15582275390625,0.640625,0.15582275390625,2,nan,nan
텋,U+D14B,0,0,0,0,0,0.12603759765625,0.78125,0.12908935546875,10,nan,nan
테,U+D14C,0,0,0,0,0,0.10198974609375,0.439453125,0.10040283203125,4,nan,nan
텍,U+D14D,0,0,0,0,0,0.12548828125,0.6484375,0.135498046875,4,nan,nan
텎,U+D14E,0,0,1,1,0,0.1334228515625,0.6357421875,0.14642333984375,4,nan,nan
텏,U+D14F,0,0,0,0,0,0.158203125,0.77197265625,0.15081787109375,11,nan,nan
텐,U+D150,0,0,0,0,0,0.10498046875,0.5947265625,0.12750244140625,7,nan,nan
텑,U+D151,0,0,1,1,0,0.16790771484375,0.7265625,0.1590576171875,7,nan,nan
텒,U+D152,0,0,1,1,0,0.16790771484375,0.61737060546875,0.16741943359375,5,nan,nan
텓,U+D153,0,0,1,1,0,0.11346435546875,0.5665283203125,0.1385498046875,9,nan,nan
텔,U+D154,0,0,0,0,0,0.14593505859375,0.62774658203125,0.1575927734375,8,nan,nan
텕,U+D155,0,0,0,0,0,0.17010498046875,0.828125,0.1898193359375,9,nan,nan
텖,U+D156,0,0,0,0,0,0.16015625,0.5755615234375,0.17840576171875,5,nan,nan
텗,U+D157,0,0,0,0,0,0.1600341796875,0.79840087890625,0.178955078125,11,nan,nan
텘,U+D158,0,0,0,0,0,0.15869140625,0.6552734375,0.17041015625,9,nan,nan
텙,U+D159,0,0,0,0,0,0.18206787109375,0.84375,0.189208984375,11,nan,nan
텚,U+D15A,0,0,1,1,0,0.1737060546875,0.8526611328125,0.184814453125,9,nan,nan
텛,U+D15B,0,0,0,0,0,0.17572021484375,0.68115234375,0.19598388671875,10,nan,nan
템,U+D15C,0,0,0,0,0,0.1201171875,0.60284423828125,0.14105224609375,6,nan,nan
텝,U+D15D,0,0,0,0,0,0.1273193359375,0.5921630859375,0.147216796875,6,nan,nan
텞,U+D15E,0,0,0,0,0,0.1444091796875,0.6666259765625,0.1575927734375,9,nan,nan
텟,U+D15F,0,0,0,0,0,0.15179443359375,0.7056884765625,0.149658203125,6,nan,nan
텠,U+D160,0,0,0,0,0,0.1588134765625,0.8203125,0.16204833984375,6,nan,nan
텡,U+D161,0,0,0,0,0,0.15338134765625,0.7357177734375,0.13140869140625,6,nan,nan
텢,U+D162,0,0,1,1,0,0.15985107421875,0.784423828125,0.1591796875,8,nan,nan
텣,U+D163,0,0,0,0,0,0.154052734375,0.651123046875,0.15673828125,6,nan,nan
텤,U+D164,0,0,1,1,0,0.14556884765625,0.744140625,0.15740966796875,10,nan,nan
텥,U+D165,0,0,1,1,0,0.17010498046875,0.7921142578125,0.17926025390625,6,nan,nan
텦,U+D166,0,0,0,0,0,0.16265869140625,0.68682861328125,0.16961669921875,7,nan,nan
텧,U+D167,0,0,0,0,0,0.135498046875,0.6046142578125,0.140380859375,5,nan,nan
텨,U+D168,0,0,0,0,0,0.10888671875,0.451171875,0.098876953125,3,nan,nan
텩,U+D169,0,0,0,0,0,0.116455078125,0.750732421875,0.126953125,6,nan,nan
텪,U+D16A,0,0,1,1,0,0.13165283203125,0.726318359375,0.156494140625,12,nan,nan
텫,U+D16B,0,0,0,0,0,0.1463623046875,0.69580078125,0.1556396484375,10,nan,nan
텬,U+D16C,0,0,0,0,0,0.11492919921875,0.6888427734375,0.11865234375,8,nan,nan
텭,U+D16D,0,0,1,1,0,0.14398193359375,0.72125244140625,0.15869140625,12,nan,nan
텮,U+D16E,0,0,1,1,0,0.14422607421875,0.5322265625,0.1517333984375,6,nan,nan
텯,U+D16F,0,0,1,1,0,0.1199951171875,0.5584716796875,0.1326904296875,6,nan,nan
텰,U+D170,0,0,0,0,0,0.1475830078125,0.625,0.1552734375,7,nan,nan
텱,U+D171,0,0,0,0,0,0.16796875,0.7890625,0.17828369140625,8,nan,nan
텲,U+D172,0,0,0,0,0,0.15142822265625,0.6356201171875,0.17095947265625,8,nan,nan
텳,U+D173,0,0,0,0,0,0.160400390625,0.7921142578125,0.177734375,6,nan,nan
텴,U+D174,0,0,0,0,0,0.16571044921875,0.7421875,0.16937255859375,6,nan,nan
텵,U+D175,0,0,0,0,0,0.15130615234375,0.7734375,0.1724853515625,13,nan,nan
텶,U+D176,0,0,1,1,0,0.1558837890625,0.73638916015625,0.181884765625,11,nan,nan
텷,U+D177,0,0,0,0,0,0.15216064453125,0.8125,0.18157958984375,11,nan,nan
텸,U+D178,0,0,0,0,0,0.125244140625,0.561279296875,0.13653564453125,5,nan,nan
텹,U+D179,0,0,0,0,0,0.13671875,0.59033203125,0.13775634765625,6,nan,nan
텺,U+D17A,0,0,0,0,0,0.14996337890625,0.65087890625,0.15826416015625,9,nan,nan
텻,U+D17B,0,0,0,0,0,0.13397216796875,0.615234375,0.13140869140625,5,nan,nan
텼,U+D17C,0,0,0,0,1,0.16351318359375,0.6796875,0.15386962890625,3,23.510985887888445,0.9513926631549148
텽,U+D17D,0,0,0,0,0,0.13690185546875,0.779541015625,0.110595703125,6,nan,nan
텾,U+D17E,0,0,1,1,0,0.13385009765625,0.587646484375,0.14715576171875,7,nan,nan
텿,U+D17F,0,0,0,0,0,0.149658203125,0.625,0.15582275390625,6,nan,nan
톀,U+D180,0,0,1,1,0,0.116943359375,0.7166748046875,0.1341552734375,9,nan,nan
톁,U+D181,0,0,1,1,0,0.14208984375,0.796875,0.154052734375,9,nan,nan
톂,U+D182,0,0,0,0,0,0.14453125,0.601806640625,0.16033935546875,7,nan,nan
톃,U+D183,0,0,0,0,0,0.143310546875,0.6171875,0.13751220703125,4,nan,nan
톄,U+D184,0,0,0,0,0,0.106689453125,0.515625,0.11700439453125,4,nan,nan
톅,U+D185,0,0,0,0,0,0.11676025390625,0.670166015625,0.1334228515625,7,nan,nan
톆,U+D186,0,0,1,1,0,0.1143798828125,0.570556640625,0.140380859375,9,nan,nan
톇,U+D187,0,0,0,0,0,0.1458740234375,0.65887451171875,0.1568603515625,7,nan,nan
톈,U+D188,0,0,0,0,0,0.120849609375,0.640380859375,0.145263671875,9,nan,nan
톉,U+D189,0,0,1,1,0,0.14703369140625,0.67138671875,0.16748046875,11,nan,nan
톊,U+D18A,0,0,1,1,0,0.1546630859375,0.6640625,0.17352294921875,11,nan,nan
톋,U+D18B,0,0,1,1,0,0.109619140625,0.62762451171875,0.14013671875,11,nan,nan
톌,U+D18C,0,0,0,0,0,0.14849853515625,0.651123046875,0.17218017578125,8,nan,nan
톍,U+D18D,0,0,0,0,0,0.155517578125,0.779541015625,0.17816162109375,8,nan,nan
톎,U+D18E,0,0,0,0,0,0.1510009765625,0.80615234375,0.1822509765625,11,nan,nan
톏,U+D18F,0,0,0,0,0,0.1429443359375,0.828125,0.1820068359375,18,nan,nan
톐,U+D190,0,0,0,0,0,0.1480712890625,0.796875,0.1710205078125,9,nan,nan
톑,U+D191,0,0,0,0,0,0.13507080078125,0.8216552734375,0.17437744140625,15,nan,nan
톒,U+D192,0,0,1,1,0,0.1575927734375,0.6356201171875,0.18145751953125,8,nan,nan
톓,U+D193,0,0,0,0,0,0.17047119140625,0.6796875,0.19696044921875,11,nan,nan
톔,U+D194,0,0,0,0,0,0.12139892578125,0.79345703125,0.15509033203125,14,nan,nan
톕,U+D195,0,0,0,0,0,0.130615234375,0.6031494140625,0.150146484375,9,nan,nan
톖,U+D196,0,0,0,0,0,0.1566162109375,0.64849853515625,0.1668701171875,6,nan,nan
톗,U+D197,0,0,0,0,0,0.14605712890625,0.76904296875,0.14996337890625,8,nan,nan
톘,U+D198,0,0,0,0,0,0.17303466796875,0.8125,0.17132568359375,6,nan,nan
톙,U+D199,0,0,0,0,0,0.1436767578125,0.8074951171875,0.14031982421875,11,nan,nan
톚,U+D19A,0,0,1,1,0,0.14886474609375,0.81390380859375,0.15869140625,10,nan,nan
톛,U+D19B,0,0,0,0,0,0.140869140625,0.6640625,0.154052734375,8,nan,nan
톜,U+D19C,0,0,1,1,0,0.12799072265625,0.5977783203125,0.1513671875,10,nan,nan
톝,U+D19D,0,0,1,1,0,0.142578125,0.78289794921875,0.16766357421875,5,nan,nan
톞,U+D19E,0,0,0,0,0,0.14129638671875,0.7906494140625,0.15283203125,11,nan,nan
톟,U+D19F,0,0,0,0,0,0.142822265625,0.7596435546875,0.14208984375,14,nan,nan
토,U+D1A0,0,0,0,0,0,0.09661865234375,0.482421875,0.09466552734375,2,nan,nan
톡,U+D1A1,0,0,0,0,0,0.12054443359375,0.74169921875,0.12640380859375,6,nan,nan
톢,U+D1A2,0,0,1,1,0,0.11810302734375,0.68316650390625,0.13104248046875,3,nan,nan
톣,U+D1A3,0,0,0,0,0,0.13818359375,0.720703125,0.13836669921875,4,nan,nan
톤,U+D1A4,0,0,0,0,0,0.11053466796875,0.55389404296875,0.111083984375,3,nan,nan
톥,U+D1A5,0,0,1,1,0,0.1466064453125,0.72821044921875,0.1552734375,6,nan,nan
톦,U+D1A6,0,0,1,1,0,0.1546630859375,0.718994140625,0.158203125,3,nan,nan
톧,U+D1A7,0,0,1,1,0,0.1248779296875,0.5859375,0.12103271484375,3,nan,nan
톨,U+D1A8,0,0,0,0,0,0.16180419921875,0.72479248046875,0.165283203125,4,nan,nan
톩,U+D1A9,0,0,0,0,0,0.14251708984375,0.630615234375,0.1463623046875,4,nan,nan
톪,U+D1AA,0,0,0,0,0,0.18426513671875,0.78289794921875,0.19781494140625,10,nan,nan
톫,U+D1AB,0,0,0,0,0,0.155517578125,0.6552734375,0.17962646484375,6,nan,nan
톬,U+D1AC,0,0,0,0,0,0.1495361328125,0.762939453125,0.16033935546875,6,nan,nan
톭,U+D1AD,0,0,0,0,0,0.15472412109375,0.64990234375,0.16748046875,4,nan,nan
톮,U+D1AE,0,0,1,1,0,0.17987060546875,0.7056884765625,0.19122314453125,6,nan,nan
톯,U+D1AF,0,0,0,0,0,0.19085693359375,0.8359375,0.1763916015625,4,nan,nan
톰,U+D1B0,0,0,0,0,0,0.140869140625,0.729736328125,0.1494140625,6,nan,nan
톱,U+D1B1,0,0,0,0,0,0.140625,0.6478271484375,0.14202880859375,3,nan,nan
톲,U+D1B2,0,0,0,0,0,0.1414794921875,0.690673828125,0.15411376953125,4,nan,nan
톳,U+D1B3,0,0,0,0,0,0.1312255859375,0.7265625,0.13433837890625,5,nan,nan
톴,U+D1B4,0,0,0,0,0,0.16583251953125,0.7459716796875,0.15496826171875,5,nan,nan
통,U+D1B5,0,0,0,0,0,0.126953125,0.5712890625,0.1099853515625,4,nan,nan
톶,U+D1B6,0,0,1,1,0,0.12994384765625,0.74005126953125,0.14556884765625,3,nan,nan
톷,U+D1B7,0,0,0,0,0,0.1424560546875,0.63812255859375,0.1275634765625,4,nan,nan
톸,U+D1B8,0,0,1,1,0,0.11138916015625,0.78125,0.13336181640625,9,nan,nan
톹,U+D1B9,0,0,1,1,0,0.114990234375,0.488525390625,0.12530517578125,4,nan,nan
톺,U+D1BA,0,0,0,0,0,0.16680908203125,0.7073974609375,0.16473388671875,6,nan,nan
톻,U+D1BB,0,0,0,0,0,0.12188720703125,0.6356201171875,0.131103515625,6,nan,nan
톼,U+D1BC,0,0,0,0,0,0.121337890625,0.56195068359375,0.1142578125,2,nan,nan
톽,U+D1BD,0,0,0,0,0,0.1290283203125,0.77783203125,0.1341552734375,4,nan,nan
톾,U+D1BE,0,0,1,1,0,0.10589599609375,0.560302734375,0.1234130859375,5,nan,nan
톿,U+D1BF,0,0,0,0,0,0.12164306640625,0.615234375,0.14105224609375,4,nan,nan
퇀,U+D1C0,0,0,0,0,0,0.14898681640625,0.72479248046875,0.14630126953125,3,nan,nan
퇁,U+D1C1,0,0,1,1,0,0.11590576171875,0.5775146484375,0.1329345703125,5,nan,nan
퇂,U+D1C2,0,0,1,1,0,0.1409912109375,0.63323974609375,0.14990234375,3,nan,nan
퇃,U+D1C3,0,0,1,1,0,0.1226806640625,0.644287109375,0.13397216796875,3,nan,nan
퇄,U+D1C4,0,0,0,0,0,0.1337890625,0.6844482421875,0.14227294921875,4,nan,nan
퇅,U+D1C5,0,0,0,0,0,0.1507568359375,0.610107421875,0.158447265625,3,nan,nan
퇆,U+D1C6,0,0,0,0,0,0.14935302734375,0.6103515625,0.1600341796875,3,nan,nan
퇇,U+D1C7,0,0,0,0,0,0.16546630859375,0.67138671875,0.17138671875,6,nan,nan
퇈,U+D1C8,0,0,0,0,0,0.12396240234375,0.71636962890625,0.13885498046875,7,nan,nan
퇉,U+D1C9,0,0,0,0,0,0.13519287109375,0.60699462890625,0.15478515625,4,nan,nan
퇊,U+D1CA,0,0,1,1,0,0.10845947265625,0.5555419921875,0.1282958984375,8,nan,nan
퇋,U+D1CB,0,0,0,0,0,0.15289306640625,0.68988037109375,0.17474365234375,5,nan,nan
퇌,U+D1CC,0,0,0,0,0,0.13592529296875,0.7117919921875,0.14447021484375,4,nan,nan
퇍,U+D1CD,0,0,0,0,0,0.12823486328125,0.64251708984375,0.1424560546875,3,nan,nan
퇎,U+D1CE,0,0,0,0,0,0.13714599609375,0.60498046875,0.15185546875,3,nan,nan
퇏,U+D1CF,0,0,0,0,0,0.130126953125,0.587890625,0.1278076171875,4,nan,nan
퇐,U+D1D0,0,0,0,0,0,0.171142578125,0.74169921875,0.15875244140625,4,nan,nan
퇑,U+D1D1,0,0,0,0,0,0.138916015625,0.66796875,0.1365966796875,4,nan,nan
퇒,U+D1D2,0,0,1,1,0,0.1298828125,0.60498046875,0.13372802734375,4,nan,nan
퇓,U+D1D3,0,0,0,0,0,0.138427734375,0.6055908203125,0.144287109375,4,nan,nan
퇔,U+D1D4,0,0,1,1,0,0.13238525390625,0.6036376953125,0.14385986328125,3,nan,nan
퇕,U+D1D5,0,0,1,1,0,0.13116455078125,0.5947265625,0.13897705078125,3,nan,nan
퇖,U+D1D6,0,0,0,0,0,0.13140869140625,0.61767578125,0.1441650390625,4,nan,nan
퇗,U+D1D7,0,0,0,0,0,0.13494873046875,0.749267578125,0.14337158203125,6,nan,nan
퇘,U+D1D8,0,0,0,0,0,0.12255859375,0.4964599609375,0.13494873046875,3,nan,nan
퇙,U+D1D9,0,0,0,0,0,0.13128662109375,0.59271240234375,0.14990234375,3,nan,nan
퇚,U+D1DA,0,0,1,1,0,0.13934326171875,0.6484375,0.1563720703125,4,nan,nan
퇛,U+D1DB,0,0,0,0,0,0.15533447265625,0.6357421875,0.16229248046875,4,nan,nan
퇜,U+D1DC,0,0,0,0,0,0.13946533203125,0.63323974609375,0.1561279296875,4,nan,nan
퇝,U+D1DD,0,0,1,1,0,0.15435791015625,0.68316650390625,0.16912841796875,7,nan,nan
퇞,U+D1DE,0,0,1,1,0,0.157470703125,0.6383056640625,0.17205810546875,8,nan,nan
퇟,U+D1DF,0,0,1,1,0,0.14862060546875,0.576171875,0.1641845703125,3,nan,nan
퇠,U+D1E0,0,0,0,0,0,0.15667724609375,0.64337158203125,0.17926025390625,4,nan,nan
퇡,U+D1E1,0,0,0,0,0,0.17535400390625,0.61297607421875,0.19256591796875,4,nan,nan
퇢,U+D1E2,0,0,0,0,0,0.17474365234375,0.62786865234375,0.190185546875,6,nan,nan
퇣,U+D1E3,0,0,0,0,0,0.167236328125,0.60791015625,0.1865234375,8,nan,nan
퇤,U+D1E4,0,0,0,0,0,0.17034912109375,0.734375,0.18792724609375,6,nan,nan
퇥,U+D1E5,0,0,0,0,0,0.17340087890625,0.61297607421875,0.197021484375,4,nan,nan
퇦,U+D1E6,0,0,1,1,0,0.17462158203125,0.6055908203125,0.1900634765625,5,nan,nan
퇧,U+D1E7,0,0,0,0,0,0.18426513671875,0.6484375,0.2003173828125,4,nan,nan
퇨,U+D1E8,0,0,0,0,0,0.14141845703125,0.625,0.161865234375,6,nan,nan
퇩,U+D1E9,0,0,0,0,0,0.1319580078125,0.60809326171875,0.15423583984375,9,nan,nan
퇪,U+D1EA,0,0,0,0,0,0.14227294921875,0.5908203125,0.1685791015625,5,nan,nan
퇫,U+D1EB,0,0,0,0,0,0.15863037109375,0.6180419921875,0.1611328125,4,nan,nan
퇬,U+D1EC,0,0,0,0,0,0.1612548828125,0.6666259765625,0.1719970703125,3,nan,nan
퇭,U+D1ED,0,0,0,0,0,0.13189697265625,0.5355224609375,0.13824462890625,2,nan,nan
퇮,U+D1EE,0,0,1,1,0,0.15264892578125,0.5517578125,0.1663818359375,3,nan,nan
퇯,U+D1EF,0,0,0,0,0,0.16436767578125,0.62774658203125,0.1697998046875,5,nan,nan
퇰,U+D1F0,0,0,1,1,0,0.14093017578125,0.61798095703125,0.15740966796875,6,nan,nan
퇱,U+D1F1,0,0,1,1,0,0.15411376953125,0.599853515625,0.17669677734375,7,nan,nan
퇲,U+D1F2,0,0,0,0,0,0.14306640625,0.60546875,0.17559814453125,6,nan,nan
퇳,U+D1F3,0,0,0,0,0,0.150634765625,0.6015625,0.1395263671875,5,nan,nan
퇴,U+D1F4,0,0,0,0,0,0.11102294921875,0.409423828125,0.10491943359375,3,nan,nan
퇵,U+D1F5,0,0,0,0,0,0.109130859375,0.5712890625,0.11834716796875,4,nan,nan
퇶,U+D1F6,0,0,1,1,0,0.12005615234375,0.487060546875,0.12725830078125,3,nan,nan
퇷,U+D1F7,0,0,0,0,0,0.13287353515625,0.64990234375,0.14178466796875,3,nan,nan
퇸,U+D1F8,0,0,0,0,0,0.12420654296875,0.53302001953125,0.12457275390625,4,nan,nan
퇹,U+D1F9,0,0,1,1,0,0.1533203125,0.6456298828125,0.155029296875,4,nan,nan
퇺,U+D1FA,0,0,1,1,0,0.1806640625,0.5767822265625,0.175048828125,4,nan,nan
퇻,U+D1FB,0,0,1,1,0,0.13177490234375,0.50537109375,0.133056640625,5,nan,nan
퇼,U+D1FC,0,0,0,0,0,0.156494140625,0.5546875,0.15032958984375,4,nan,nan
퇽,U+D1FD,0,0,0,0,0,0.16229248046875,0.59033203125,0.162109375,4,nan,nan
퇾,U+D1FE,0,0,0,0,0,0.1671142578125,0.5855712890625,0.166015625,5,nan,nan
퇿,U+D1FF,0,0,0,0,0,0.1650390625,0.62786865234375,0.1773681640625,6,nan,nan
툀,U+D200,0,0,0,0,0,0.1583251953125,0.7109375,0.16546630859375,6,nan,nan
툁,U+D201,0,0,0,0,0,0.154541015625,0.6103515625,0.1739501953125,5,nan,nan
툂,U+D202,0,0,1,1,0,0.152099609375,0.59820556640625,0.1629638671875,5,nan,nan
툃,U+D203,0,0,0,0,0,0.1424560546875,0.59375,0.1602783203125,5,nan,nan
툄,U+D204,0,0,0,0,0,0.15380859375,0.5751953125,0.1497802734375,3,nan,nan
툅,U+D205,0,0,0,0,0,0.14434814453125,0.53302001953125,0.14019775390625,3,nan,nan
툆,U+D206,0,0,0,0,0,0.12774658203125,0.5615234375,0.140869140625,3,nan,nan
툇,U+D207,0,0,0,0,0,0.15380859375,0.61236572265625,0.13818359375,4,nan,nan
툈,U+D208,0,0,0,0,0,0.1781005859375,0.71875,0.16802978515625,4,nan,nan
툉,U+D209,0,0,0,0,0,0.123046875,0.5079345703125,0.1241455078125,2,nan,nan
툊,U+D20A,0,0,1,1,0,0.145263671875,0.59820556640625,0.13677978515625,3,nan,nan
툋,U+D20B,0,0,0,0,0,0.1463623046875,0.775146484375,0.1444091796875,4,nan,nan
툌,U+D20C,0,0,1,1,0,0.14666748046875,0.5736083984375,0.14007568359375,3,nan,nan
툍,U+D20D,0,0,1,1,0,0.14898681640625,0.544921875,0.1552734375,5,nan,nan
툎,U+D20E,0,0,0,0,0,0.154541015625,0.5921630859375,0.15301513671875,3,nan,nan
툏,U+D20F,0,0,0,0,0,0.154541015625,0.5546875,0.13153076171875,4,nan,nan
툐,U+D210,0,0,0,0,0,0.1334228515625,0.5054931640625,0.11199951171875,2,nan,nan
툑,U+D211,0,0,0,0,0,0.14654541015625,0.7578125,0.13665771484375,2,nan,nan
툒,U+D212,0,0,1,1,0,0.0958251953125,0.4541015625,0.1114501953125,3,nan,nan
툓,U+D213,0,0,0,0,0,0.15167236328125,0.70751953125,0.14727783203125,5,nan,nan
툔,U+D214,0,0,0,0,0,0.13739013671875,0.640380859375,0.1348876953125,3,nan,nan
툕,U+D215,0,0,1,1,0,0.13427734375,0.6866455078125,0.1434326171875,5,nan,nan
툖,U+D216,0,0,1,1,0,0.1337890625,0.71142578125,0.14019775390625,5,nan,nan
툗,U+D217,0,0,1,1,0,0.1099853515625,0.7159423828125,0.13006591796875,7,nan,nan
툘,U+D218,0,0,0,0,0,0.1812744140625,0.701904296875,0.1763916015625,3,nan,nan
툙,U+D219,0,0,0,0,0,0.13470458984375,0.6925048828125,0.1541748046875,5,nan,nan
툚,U+D21A,0,0,0,0,0,0.13775634765625,0.60791015625,0.14874267578125,4,nan,nan
툛,U+D21B,0,0,0,0,0,0.15191650390625,0.6776123046875,0.1663818359375,5,nan,nan
툜,U+D21C,0,0,0,0,0,0.15118408203125,0.6998291015625,0.1627197265625,4,nan,nan
툝,U+D21D,0,0,0,0,0,0.14031982421875,0.56591796875,0.1573486328125,7,nan,nan
툞,U+D21E,0,0,1,1,0,0.16778564453125,0.5921630859375,0.1602783203125,6,nan,nan
툟,U+D21F,0,0,0,0,0,0.1728515625,0.701904296875,0.17034912109375,9,nan,nan
툠,U+D220,0,0,0,0,0,0.17144775390625,0.78826904296875,0.15289306640625,3,nan,nan
툡,U+D221,0,0,0,0,0,0.153564453125,0.60809326171875,0.1351318359375,2,nan,nan
툢,U+D222,0,0,0,0,0,0.1273193359375,0.6298828125,0.14520263671875,4,nan,nan
툣,U+D223,0,0,0,0,0,0.14996337890625,0.6962890625,0.1414794921875,3,nan,nan
툤,U+D224,0,0,0,0,0,0.16534423828125,0.7073974609375,0.1610107421875,4,nan,nan
툥,U+D225,0,0,0,0,0,0.11627197265625,0.48797607421875,0.11102294921875,2,nan,nan
툦,U+D226,0,0,1,1,0,0.1600341796875,0.74005126953125,0.1505126953125,3,nan,nan
툧,U+D227,0,0,0,0,0,0.11859130859375,0.6356201171875,0.12957763671875,2,nan,nan
툨,U+D228,0,0,1,1,0,0.13043212890625,0.67901611328125,0.11639404296875,5,nan,nan
툩,U+D229,0,0,1,1,0,0.12005615234375,0.544921875,0.13629150390625,5,nan,nan
툪,U+D22A,0,0,0,0,0,0.14581298828125,0.6756591796875,0.155517578125,6,nan,nan
툫,U+D22B,0,0,0,0,0,0.10540771484375,0.5426025390625,0.1114501953125,7,nan,nan
투,U+D22C,0,0,0,0,0,0.09857177734375,0.578369140625,0.10321044921875,2,nan,nan
툭,U+D22D,0,0,0,0,0,0.139892578125,0.701904296875,0.13031005859375,4,nan,nan
툮,U+D22E,0,0,1,1,0,0.11279296875,0.5322265625,0.1136474609375,2,nan,nan
툯,U+D22F,0,0,0,0,0,0.13934326171875,0.668212890625,0.1390380859375,5,nan,nan
툰,U+D230,0,0,0,0,0,0.12152099609375,0.54986572265625,0.118896484375,3,nan,nan
툱,U+D231,0,0,1,1,0,0.1395263671875,0.68505859375,0.14935302734375,6,nan,nan
툲,U+D232,0,0,1,1,0,0.153076171875,0.673828125,0.1502685546875,4,nan,nan
툳,U+D233,0,0,1,1,0,0.099853515625,0.4742431640625,0.1080322265625,3,nan,nan
툴,U+D234,0,0,0,0,0,0.19189453125,0.6383056640625,0.16082763671875,3,nan,nan
툵,U+D235,0,0,0,0,0,0.15771484375,0.62469482421875,0.161865234375,5,nan,nan
툶,U+D236,0,0,0,0,0,0.16107177734375,0.630126953125,0.15301513671875,5,nan,nan
툷,U+D237,0,0,0,0,0,0.16912841796875,0.819091796875,0.1697998046875,8,nan,nan
툸,U+D238,0,0,0,0,0,0.18109130859375,0.7357177734375,0.17047119140625,3,nan,nan
툹,U+D239,0,0,0,0,0,0.14093017578125,0.532958984375,0.152587890625,9,nan,nan
툺,U+D23A,0,0,1,1,0,0.16229248046875,0.66064453125,0.1728515625,4,nan,nan
툻,U+D23B,0,0,0,0,0,0.17523193359375,0.74169921875,0.17352294921875,8,nan,nan
툼,U+D23C,0,0,0,0,0,0.1322021484375,0.56414794921875,0.1312255859375,2,nan,nan
툽,U+D23D,0,0,0,0,0,0.1431884765625,0.5882568359375,0.1341552734375,4,nan,nan
툾,U+D23E,0,0,0,0,0,0.15716552734375,0.6627197265625,0.1484375,2,nan,nan
툿,U+D23F,0,0,0,0,0,0.13482666015625,0.5570068359375,0.11474609375,2,nan,nan
퉀,U+D240,0,0,0,0,0,0.16180419921875,0.7532958984375,0.15509033203125,4,nan,nan
퉁,U+D241,0,0,0,0,0,0.107421875,0.5357666015625,0.10760498046875,4,nan,nan
퉂,U+D242,0,0,1,1,0,0.14324951171875,0.6298828125,0.12432861328125,3,nan,nan
퉃,U+D243,0,0,0,0,0,0.110107421875,0.5435791015625,0.114990234375,4,nan,nan
퉄,U+D244,0,0,1,1,0,0.135986328125,0.672607421875,0.13983154296875,5,nan,nan
퉅,U+D245,0,0,1,1,0,0.1346435546875,0.443115234375,0.12274169921875,2,nan,nan
퉆,U+D246,0,0,0,0,0,0.155029296875,0.6884765625,0.16314697265625,4,nan,nan
퉇,U+D247,0,0,0,0,0,0.134521484375,0.5859375,0.1114501953125,5,nan,nan
퉈,U+D248,0,0,0,0,0,0.10125732421875,0.50323486328125,0.11767578125,4,nan,nan
퉉,U+D249,0,0,0,0,0,0.1292724609375,0.6201171875,0.13848876953125,6,nan,nan
퉊,U+D24A,0,0,1,1,0,0.14544677734375,0.67138671875,0.15118408203125,7,nan,nan
퉋,U+D24B,0,0,0,0,0,0.16400146484375,0.713134765625,0.16650390625,2,nan,nan
퉌,U+D24C,0,0,0,0,0,0.13775634765625,0.640869140625,0.1417236328125,5,nan,nan
퉍,U+D24D,0,0,1,1,0,0.168212890625,0.7596435546875,0.166015625,7,nan,nan
퉎,U+D24E,0,0,1,1,0,0.1785888671875,0.6875,0.184814453125,7,nan,nan
퉏,U+D24F,0,0,1,1,0,0.151611328125,0.62310791015625,0.15093994140625,4,nan,nan
퉐,U+D250,0,0,0,0,0,0.154541015625,0.6357421875,0.16943359375,5,nan,nan
퉑,U+D251,0,0,0,0,0,0.16595458984375,0.640869140625,0.1837158203125,6,nan,nan
퉒,U+D252,0,0,0,0,0,0.1798095703125,0.671875,0.19549560546875,7,nan,nan
퉓,U+D253,0,0,0,0,0,0.17169189453125,0.6796875,0.19366455078125,9,nan,nan
퉔,U+D254,0,0,0,0,0,0.1783447265625,0.7734375,0.19427490234375,5,nan,nan
퉕,U+D255,0,0,0,0,0,0.17315673828125,0.7596435546875,0.1871337890625,9,nan,nan
퉖,U+D256,0,0,1,1,0,0.1864013671875,0.7265625,0.18438720703125,5,nan,nan
퉗,U+D257,0,0,0,0,0,0.15460205078125,0.68988037109375,0.18646240234375,6,nan,nan
퉘,U+D258,0,0,0,0,0,0.1474609375,0.5908203125,0.15960693359375,4,nan,nan
퉙,U+D259,0,0,0,0,0,0.14306640625,0.6328125,0.15106201171875,5,nan,nan
퉚,U+D25A,0,0,0,0,0,0.181640625,0.76739501953125,0.18121337890625,5,nan,nan
퉛,U+D25B,0,0,0,0,0,0.1412353515625,0.64849853515625,0.1361083984375,5,nan,nan
퉜,U+D25C,0,0,0,0,1,0.16217041015625,0.7286376953125,0.1695556640625,4,9.712847408771637,0.6131830112613884
퉝,U+D25D,0,0,0,0,0,0.16259765625,0.63812255859375,0.1458740234375,6,nan,nan
퉞,U+D25E,0,0,1,1,0,0.148681640625,0.6640625,0.15496826171875,8,nan,nan
퉟,U+D25F,0,0,0,0,0,0.1624755859375,0.6796875,0.16448974609375,6,nan,nan
퉠,U+D260,0,0,1,1,0,0.14361572265625,0.640869140625,0.1527099609375,7,nan,nan
퉡,U+D261,0,0,1,1,0,0.1622314453125,0.6229248046875,0.1680908203125,6,nan,nan
퉢,U+D262,0,0,0,0,0,0.1510009765625,0.6756591796875,0.163330078125,6,nan,nan
퉣,U+D263,0,0,0,0,0,0.16058349609375,0.640625,0.15374755859375,5,nan,nan
퉤,U+D264,0,0,0,0,0,0.1500244140625,0.66015625,0.1458740234375,4,nan,nan
퉥,U+D265,0,0,0,0,0,0.1583251953125,0.74981689453125,0.16119384765625,4,nan,nan
퉦,U+D266,0,0,1,1,0,0.1654052734375,0.8228759765625,0.16351318359375,8,nan,nan
퉧,U+D267,0,0,0,0,0,0.1932373046875,0.71875,0.1749267578125,4,nan,nan
퉨,U+D268,0,0,0,0,0,0.167236328125,0.668212890625,0.16741943359375,5,nan,nan
퉩,U+D269,0,0,1,1,0,0.20001220703125,0.722900390625,0.20648193359375,6,nan,nan
퉪,U+D26A,0,0,1,1,0,0.19293212890625,0.7265625,0.19403076171875,7,nan,nan
퉫,U+D26B,0,0,1,1,0,0.1854248046875,0.6337890625,0.18011474609375,6,nan,nan
퉬,U+D26C,0,0,0,0,0,0.18328857421875,0.713134765625,0.200927734375,7,nan,nan
퉭,U+D26D,0,0,0,0,0,0.18359375,0.70538330078125,0.19708251953125,11,nan,nan
퉮,U+D26E,0,0,0,0,0,0.174072265625,0.67901611328125,0.19140625,10,nan,nan
퉯,U+D26F,0,0,0,0,0,0.1778564453125,0.701904296875,0.20355224609375,6,nan,nan
퉰,U+D270,0,0,0,0,0,0.186279296875,0.7459716796875,0.20404052734375,8,nan,nan
퉱,U+D271,0,0,0,0,0,0.1781005859375,0.734375,0.19366455078125,9,nan,nan
퉲,U+D272,0,0,1,1,0,0.19512939453125,0.7286376953125,0.2100830078125,10,nan,nan
퉳,U+D273,0,0,0,0,0,0.19903564453125,0.71875,0.2088623046875,8,nan,nan
퉴,U+D274,0,0,0,0,0,0.1729736328125,0.72479248046875,0.1776123046875,5,nan,nan
퉵,U+D275,0,0,0,0,0,0.16510009765625,0.67901611328125,0.17291259765625,7,nan,nan
퉶,U+D276,0,0,0,0,0,0.17584228515625,0.69427490234375,0.19232177734375,8,nan,nan
퉷,U+D277,0,0,0,0,0,0.19622802734375,0.749267578125,0.17529296875,3,nan,nan
퉸,U+D278,0,0,0,0,0,0.19927978515625,0.75,0.19744873046875,3,nan,nan
퉹,U+D279,0,0,0,0,0,0.17462158203125,0.7109375,0.169677734375,6,nan,nan
퉺,U+D27A,0,0,1,1,0,0.185791015625,0.7921142578125,0.18011474609375,5,nan,nan
퉻,U+D27B,0,0,0,0,0,0.15911865234375,0.7109375,0.158203125,6,nan,nan
퉼,U+D27C,0,0,1,1,0,0.17822265625,0.66064453125,0.1778564453125,4,nan,nan
퉽,U+D27D,0,0,1,1,0,0.18701171875,0.7596435546875,0.1798095703125,10,nan,nan
퉾,U+D27E,0,0,0,0,0,0.16314697265625,0.7286376953125,0.1800537109375,12,nan,nan
퉿,U+D27F,0,0,0,0,0,0.1663818359375,0.6844482421875,0.1636962890625,4,nan,nan
튀,U+D280,0,0,0,0,0,0.11016845703125,0.3974609375,0.10382080078125,3,nan,nan
튁,U+D281,0,0,0,0,0,0.1265869140625,0.5775146484375,0.1251220703125,3,nan,nan
튂,U+D282,0,0,1,1,0,0.13494873046875,0.55224609375,0.1290283203125,4,nan,nan
튃,U+D283,0,0,0,0,0,0.1494140625,0.69818115234375,0.14996337890625,3,nan,nan
튄,U+D284,0,0,0,0,0,0.1268310546875,0.60546875,0.11865234375,4,nan,nan
튅,U+D285,0,0,1,1,0,0.1688232421875,0.796875,0.1614990234375,6,nan,nan
튆,U+D286,0,0,1,1,0,0.15716552734375,0.6796875,0.1607666015625,8,nan,nan
튇,U+D287,0,0,1,1,0,0.132568359375,0.579345703125,0.13946533203125,7,nan,nan
튈,U+D288,0,0,0,0,0,0.1614990234375,0.599853515625,0.160888671875,4,nan,nan
튉,U+D289,0,0,0,0,0,0.1749267578125,0.630615234375,0.16693115234375,4,nan,nan
튊,U+D28A,0,0,0,0,0,0.17303466796875,0.6484375,0.1756591796875,5,nan,nan
튋,U+D28B,0,0,0,0,0,0.17425537109375,0.7109375,0.18536376953125,6,nan,nan
튌,U+D28C,0,0,0,0,0,0.16839599609375,0.744140625,0.16357421875,5,nan,nan
튍,U+D28D,0,0,0,0,0,0.17034912109375,0.703125,0.1773681640625,6,nan,nan
튎,U+D28E,0,0,1,1,0,0.16326904296875,0.643310546875,0.1578369140625,4,nan,nan
튏,U+D28F,0,0,0,0,0,0.16351318359375,0.71875,0.1715087890625,4,nan,nan
튐,U+D290,0,0,0,0,0,0.15093994140625,0.6201171875,0.151123046875,4,nan,nan
튑,U+D291,0,0,0,0,0,0.1312255859375,0.542724609375,0.14532470703125,4,nan,nan
튒,U+D292,0,0,0,0,0,0.130615234375,0.6697998046875,0.1507568359375,7,nan,nan
튓,U+D293,0,0,0,0,0,0.154296875,0.6351318359375,0.13116455078125,4,nan,nan
튔,U+D294,0,0,0,0,0,0.163818359375,0.7578125,0.155517578125,5,nan,nan
튕,U+D295,0,0,0,0,0,0.14508056640625,0.57379150390625,0.13482666015625,4,nan,nan
튖,U+D296,0,0,1,1,0,0.1507568359375,0.6383056640625,0.1412353515625,8,nan,nan
튗,U+D297,0,0,0,0,0,0.1400146484375,0.59820556640625,0.137451171875,4,nan,nan
튘,U+D298,0,0,1,1,0,0.1593017578125,0.625,0.15093994140625,4,nan,nan
튙,U+D299,0,0,1,1,0,0.14862060546875,0.580810546875,0.14923095703125,5,nan,nan
튚,U+D29A,0,0,0,0,0,0.14849853515625,0.62786865234375,0.151123046875,5,nan,nan
튛,U+D29B,0,0,0,0,0,0.12860107421875,0.580810546875,0.126708984375,6,nan,nan
튜,U+D29C,0,0,0,0,0,0.10223388671875,0.5203857421875,0.10687255859375,2,nan,nan
튝,U+D29D,0,0,0,0,0,0.15765380859375,0.74005126953125,0.15087890625,3,nan,nan
튞,U+D29E,0,0,1,1,0,0.1207275390625,0.56689453125,0.12933349609375,5,nan,nan
튟,U+D29F,0,0,0,0,0,0.149169921875,0.67205810546875,0.14520263671875,4,nan,nan
튠,U+D2A0,0,0,0,0,0,0.1473388671875,0.6337890625,0.139404296875,4,nan,nan
튡,U+D2A1,0,0,1,1,0,0.1614990234375,0.720703125,0.1546630859375,5,nan,nan
튢,U+D2A2,0,0,1,1,0,0.15338134765625,0.72088623046875,0.16351318359375,7,nan,nan
튣,U+D2A3,0,0,1,1,0,0.13287353515625,0.6207275390625,0.13311767578125,4,nan,nan
튤,U+D2A4,0,0,0,0,0,0.20635986328125,0.732421875,0.1878662109375,4,nan,nan
튥,U+D2A5,0,0,0,0,0,0.1734619140625,0.6337890625,0.1617431640625,5,nan,nan
튦,U+D2A6,0,0,0,0,0,0.15399169921875,0.658447265625,0.173095703125,2,nan,nan
튧,U+D2A7,0,0,0,0,0,0.16607666015625,0.70953369140625,0.171630859375,10,nan,nan
튨,U+D2A8,0,0,0,0,0,0.17181396484375,0.794677734375,0.17645263671875,7,nan,nan
튩,U+D2A9,0,0,0,0,0,0.1768798828125,0.66064453125,0.17767333984375,4,nan,nan
튪,U+D2AA,0,0,1,1,0,0.16290283203125,0.67901611328125,0.16943359375,6,nan,nan
튫,U+D2AB,0,0,0,0,0,0.19073486328125,0.7613525390625,0.1837158203125,5,nan,nan
튬,U+D2AC,0,0,0,0,0,0.15771484375,0.6842041015625,0.15435791015625,3,nan,nan
튭,U+D2AD,0,0,0,0,0,0.14642333984375,0.673828125,0.1505126953125,5,nan,nan
튮,U+D2AE,0,0,0,0,0,0.153076171875,0.68115234375,0.15582275390625,4,nan,nan
튯,U+D2AF,0,0,0,0,0,0.14776611328125,0.626220703125,0.13348388671875,3,nan,nan
튰,U+D2B0,0,0,0,0,0,0.18280029296875,0.73974609375,0.1693115234375,4,nan,nan
튱,U+D2B1,0,0,0,0,0,0.104736328125,0.55450439453125,0.10589599609375,2,nan,nan
튲,U+D2B2,0,0,1,1,0,0.15252685546875,0.6409912109375,0.1341552734375,3,nan,nan
튳,U+D2B3,0,0,0,0,0,0.1339111328125,0.58746337890625,0.12603759765625,4,nan,nan
튴,U+D2B4,0,0,1,1,0,0.15325927734375,0.66259765625,0.13623046875,5,nan,nan
튵,U+D2B5,0,0,1,1,0,0.16827392578125,0.62310791015625,0.151123046875,4,nan,nan
튶,U+D2B6,0,0,0,0,0,0.1708984375,0.679443359375,0.17083740234375,2,nan,nan
튷,U+D2B7,0,0,0,0,0,0.15972900390625,0.6015625,0.1314697265625,4,nan,nan
트,U+D2B8,0,0,0,0,0,0.0830078125,0.4404296875,0.0908203125,2,nan,nan
특,U+D2B9,0,0,0,0,0,0.12921142578125,0.65185546875,0.1219482421875,3,nan,nan
튺,U+D2BA,0,0,1,1,0,0.12579345703125,0.6759033203125,0.13299560546875,3,nan,nan
튻,U+D2BB,0,0,0,0,0,0.1317138671875,0.67547607421875,0.133544921875,5,nan,nan
튼,U+D2BC,0,0,0,0,0,0.11578369140625,0.5841064453125,0.11395263671875,3,nan,nan
튽,U+D2BD,0,0,1,1,0,0.1239013671875,0.62762451171875,0.13848876953125,4,nan,nan
튾,U+D2BE,0,0,1,1,0,0.16387939453125,0.7568359375,0.16986083984375,4,nan,nan
튿,U+D2BF,0,0,1,1,0,0.109375,0.5093994140625,0.1151123046875,3,nan,nan
틀,U+D2C0,0,0,0,0,0,0.1947021484375,0.74005126953125,0.1768798828125,4,nan,nan
틁,U+D2C1,0,0,0,0,0,0.16033935546875,0.66259765625,0.15716552734375,5,nan,nan
틂,U+D2C2,0,0,0,0,0,0.177490234375,0.76171875,0.17510986328125,6,nan,nan
틃,U+D2C3,0,0,0,0,0,0.15838623046875,0.6827392578125,0.1732177734375,6,nan,nan
틄,U+D2C4,0,0,0,0,0,0.20556640625,0.8087158203125,0.176025390625,3,nan,nan
틅,U+D2C5,0,0,0,0,0,0.18280029296875,0.70751953125,0.1737060546875,6,nan,nan
틆,U+D2C6,0,0,1,1,0,0.1768798828125,0.68682861328125,0.173583984375,4,nan,nan
틇,U+D2C7,0,0,0,0,0,0.1722412109375,0.74169921875,0.17236328125,7,nan,nan
틈,U+D2C8,0,0,0,0,0,0.13720703125,0.7159423828125,0.14373779296875,3,nan,nan
틉,U+D2C9,0,0,0,0,0,0.1395263671875,0.673828125,0.14263916015625,4,nan,nan
틊,U+D2CA,0,0,0,0,0,0.1356201171875,0.6776123046875,0.140625,5,nan,nan
틋,U+D2CB,0,0,0,0,0,0.1395263671875,0.6749267578125,0.12628173828125,3,nan,nan
틌,U+D2CC,0,0,0,0,0,0.1500244140625,0.69384765625,0.13873291015625,4,nan,nan
틍,U+D2CD,0,0,0,0,0,0.0992431640625,0.42120361328125,0.0924072265625,3,nan,nan
틎,U+D2CE,0,0,1,1,0,0.1243896484375,0.640380859375,0.126708984375,3,nan,nan
틏,U+D2CF,0,0,0,0,0,0.15203857421875,0.68316650390625,0.1373291015625,3,nan,nan
틐,U+D2D0,0,0,1,1,0,0.13232421875,0.65277099609375,0.1318359375,5,nan,nan
틑,U+D2D1,0,0,1,1,0,0.1337890625,0.6031494140625,0.13629150390625,3,nan,nan
틒,U+D2D2,0,0,0,0,0,0.15850830078125,0.71319580078125,0.15716552734375,5,nan,nan
틓,U+D2D3,0,0,0,0,0,0.1534423828125,0.70751953125,0.13665771484375,5,nan,nan
틔,U+D2D4,0,0,0,0,0,0.1024169921875,0.5126953125,0.10223388671875,4,nan,nan
틕,U+D2D5,0,0,0,0,0,0.12109375,0.613037109375,0.13189697265625,6,nan,nan
틖,U+D2D6,0,0,1,1,0,0.13653564453125,0.651123046875,0.13922119140625,6,nan,nan
틗,U+D2D7,0,0,0,0,0,0.140869140625,0.6998291015625,0.14794921875,6,nan,nan
틘,U+D2D8,0,0,0,0,0,0.12896728515625,0.567626953125,0.1221923828125,4,nan,nan
틙,U+D2D9,0,0,1,1,0,0.1480712890625,0.703857421875,0.14324951171875,4,nan,nan
틚,U+D2DA,0,0,1,1,0,0.1463623046875,0.5859375,0.15191650390625,8,nan,nan
틛,U+D2DB,0,0,1,1,0,0.11773681640625,0.5401611328125,0.12646484375,4,nan,nan
틜,U+D2DC,0,0,0,0,0,0.14971923828125,0.6171875,0.1505126953125,4,nan,nan
틝,U+D2DD,0,0,0,0,0,0.1590576171875,0.6046142578125,0.15765380859375,7,nan,nan
틞,U+D2DE,0,0,0,0,0,0.1529541015625,0.6015625,0.15814208984375,5,nan,nan
틟,U+D2DF,0,0,0,0,0,0.15655517578125,0.6666259765625,0.18035888671875,7,nan,nan
틠,U+D2E0,0,0,0,0,0,0.15673828125,0.72479248046875,0.1673583984375,7,nan,nan
틡,U+D2E1,0,0,0,0,0,0.14447021484375,0.65887451171875,0.16473388671875,6,nan,nan
틢,U+D2E2,0,0,1,1,0,0.15765380859375,0.640625,0.168701171875,4,nan,nan
틣,U+D2E3,0,0,0,0,0,0.14410400390625,0.6015625,0.16986083984375,7,nan,nan
틤,U+D2E4,0,0,0,0,0,0.13677978515625,0.56396484375,0.14569091796875,4,nan,nan
틥,U+D2E5,0,0,0,0,0,0.1253662109375,0.5537109375,0.13812255859375,7,nan,nan
틦,U+D2E6,0,0,0,0,0,0.1439208984375,0.668212890625,0.15728759765625,5,nan,nan
틧,U+D2E7,0,0,0,0,0,0.14447021484375,0.580810546875,0.12542724609375,5,nan,nan
틨,U+D2E8,0,0,0,0,0,0.16064453125,0.71875,0.1490478515625,5,nan,nan
틩,U+D2E9,0,0,0,0,0,0.11956787109375,0.4951171875,0.1243896484375,4,nan,nan
틪,U+D2EA,0,0,1,1,0,0.1474609375,0.630615234375,0.14117431640625,5,nan,nan
틫,U+D2EB,0,0,0,0,0,0.13702392578125,0.64337158203125,0.149169921875,6,nan,nan
틬,U+D2EC,0,0,1,1,0,0.1474609375,0.5645751953125,0.15008544921875,4,nan,nan
틭,U+D2ED,0,0,1,1,0,0.15228271484375,0.5736083984375,0.15582275390625,5,nan,nan
틮,U+D2EE,0,0,0,0,0,0.15509033203125,0.5908203125,0.14898681640625,5,nan,nan
틯,U+D2EF,0,0,0,0,0,0.1658935546875,0.5625,0.12451171875,4,nan,nan
티,U+D2F0,0,0,0,0,0,0.0919189453125,0.4381103515625,0.084716796875,3,nan,nan
틱,U+D2F1,0,0,0,0,0,0.11102294921875,0.53173828125,0.10333251953125,3,nan,nan
틲,U+D2F2,0,0,1,1,0,0.107421875,0.764404296875,0.11676025390625,7,nan,nan
틳,U+D2F3,0,0,0,0,0,0.14520263671875,0.615234375,0.13555908203125,5,nan,nan
틴,U+D2F4,0,0,0,0,0,0.108642578125,0.62762451171875,0.10845947265625,5,nan,nan
틵,U+D2F5,0,0,1,1,0,0.1243896484375,0.5284423828125,0.126220703125,5,nan,nan
틶,U+D2F6,0,0,1,1,0,0.13104248046875,0.589111328125,0.137939453125,5,nan,nan
틷,U+D2F7,0,0,1,1,0,0.0994873046875,0.4713134765625,0.111328125,3,nan,nan
틸,U+D2F8,0,0,0,0,0,0.11651611328125,0.51568603515625,0.11956787109375,3,nan,nan
틹,U+D2F9,0,0,0,0,0,0.13800048828125,0.59375,0.14739990234375,6,nan,nan
틺,U+D2FA,0,0,0,0,0,0.15899658203125,0.84375,0.1822509765625,21,nan,nan
틻,U+D2FB,0,0,0,0,0,0.145263671875,0.60272216796875,0.15960693359375,4,nan,nan
틼,U+D2FC,0,0,0,0,0,0.148193359375,0.640625,0.13909912109375,7,nan,nan
틽,U+D2FD,0,0,0,0,0,0.1441650390625,0.8125,0.1492919921875,5,nan,nan
틾,U+D2FE,0,0,1,1,0,0.14324951171875,0.65625,0.13824462890625,4,nan,nan
틿,U+D2FF,0,0,0,0,0,0.13262939453125,0.651123046875,0.1502685546875,6,nan,nan
팀,U+D300,0,0,0,0,0,0.11639404296875,0.53302001953125,0.120361328125,4,nan,nan
팁,U+D301,0,0,0,0,0,0.12158203125,0.50115966796875,0.12255859375,3,nan,nan
팂,U+D302,0,0,0,0,0,0.116455078125,0.5655517578125,0.121826171875,6,nan,nan
팃,U+D303,0,0,0,0,0,0.132568359375,0.53021240234375,0.1134033203125,4,nan,nan
팄,U+D304,0,0,0,0,0,0.15087890625,0.6796875,0.1395263671875,5,nan,nan
팅,U+D305,0,0,0,0,0,0.12750244140625,0.509765625,0.1075439453125,6,nan,nan
팆,U+D306,0,0,1,1,0,0.12408447265625,0.68212890625,0.1376953125,8,nan,nan
팇,U+D307,0,0,0,0,0,0.12542724609375,0.60546875,0.11761474609375,3,nan,nan
팈,U+D308,0,0,1,1,0,0.1168212890625,0.5703125,0.11834716796875,8,nan,nan
팉,U+D309,0,0,1,1,0,0.1265869140625,0.546875,0.1368408203125,4,nan,nan
팊,U+D30A,0,0,0,0,0,0.1163330078125,0.640869140625,0.12945556640625,4,nan,nan
팋,U+D30B,0,0,0,0,0,0.12481689453125,0.5625,0.1104736328125,4,nan,nan
파,U+D30C,0,0,0,0,0,0.1031494140625,0.76904296875,0.11151123046875,4,nan,nan
팍,U+D30D,0,0,0,0,0,0.13336181640625,0.732421875,0.12799072265625,3,nan,nan
팎,U+D30E,0,0,1,1,0,0.12335205078125,0.68280029296875,0.129638671875,2,nan,nan
팏,U+D30F,0,0,0,0,0,0.15631103515625,0.7117919921875,0.1517333984375,4,nan,nan
판,U+D310,0,0,0,0,0,0.12298583984375,0.736328125,0.128662109375,2,nan,nan
팑,U+D311,0,0,1,1,0,0.10906982421875,0.626220703125,0.12298583984375,3,nan,nan
팒,U+D312,0,0,1,1,0,0.123779296875,0.76904296875,0.15234375,9,nan,nan
팓,U+D313,0,0,1,1,0,0.10943603515625,0.60882568359375,0.126708984375,2,nan,nan
팔,U+D314,0,0,0,0,0,0.15478515625,0.7568359375,0.1610107421875,3,nan,nan
팕,U+D315,0,0,0,0,0,0.1473388671875,0.8359375,0.16680908203125,9,nan,nan
팖,U+D316,0,0,0,0,0,0.159912109375,0.7305908203125,0.172119140625,3,nan,nan
팗,U+D317,0,0,0,0,0,0.160400390625,0.7734375,0.1737060546875,4,nan,nan
팘,U+D318,0,0,0,0,0,0.17926025390625,0.7734375,0.17279052734375,4,nan,nan
팙,U+D319,0,0,0,0,0,0.1473388671875,0.713134765625,0.1729736328125,9,nan,nan
팚,U+D31A,0,0,1,1,0,0.15863037109375,0.7109375,0.1641845703125,5,nan,nan
팛,U+D31B,0,0,0,0,0,0.14605712890625,0.6796875,0.17352294921875,9,nan,nan
팜,U+D31C,0,0,0,0,0,0.11444091796875,0.6986083984375,0.1295166015625,4,nan,nan
팝,U+D31D,0,0,0,0,0,0.1263427734375,0.7371826171875,0.13018798828125,5,nan,nan
팞,U+D31E,0,0,0,0,0,0.1531982421875,0.73638916015625,0.16845703125,5,nan,nan
팟,U+D31F,0,0,0,0,0,0.14093017578125,0.7828369140625,0.13446044921875,5,nan,nan
팠,U+D320,0,0,0,0,0,0.15399169921875,0.794677734375,0.14178466796875,3,nan,nan
팡,U+D321,0,0,0,0,0,0.138916015625,0.75823974609375,0.12432861328125,4,nan,nan
팢,U+D322,0,0,1,1,0,0.1209716796875,0.697265625,0.1282958984375,3,nan,nan
팣,U+D323,0,0,0,0,0,0.145263671875,0.75,0.158203125,8,nan,nan
팤,U+D324,0,0,1,1,0,0.1158447265625,0.626220703125,0.12493896484375,4,nan,nan
팥,U+D325,0,0,1,1,0,0.1351318359375,0.648193359375,0.14727783203125,2,nan,nan
팦,U+D326,0,0,0,0,0,0.1273193359375,0.648193359375,0.1337890625,4,nan,nan
팧,U+D327,0,0,0,0,0,0.15789794921875,0.7265625,0.14404296875,8,nan,nan
패,U+D328,0,0,0,0,0,0.11590576171875,0.5263671875,0.12554931640625,1,nan,nan
팩,U+D329,0,0,0,0,0,0.1453857421875,0.6229248046875,0.1478271484375,3,nan,nan
팪,U+D32A,0,0,1,1,0,0.1402587890625,0.610595703125,0.15234375,3,nan,nan
팫,U+D32B,0,0,0,0,0,0.150390625,0.658447265625,0.15911865234375,5,nan,nan
팬,U+D32C,0,0,0,0,0,0.138427734375,0.6246337890625,0.1478271484375,2,nan,nan
팭,U+D32D,0,0,1,1,0,0.1427001953125,0.626220703125,0.16632080078125,6,nan,nan
팮,U+D32E,0,0,1,1,0,0.16094970703125,0.67138671875,0.1800537109375,5,nan,nan
팯,U+D32F,0,0,1,1,0,0.133544921875,0.56854248046875,0.144287109375,3,nan,nan
팰,U+D330,0,0,0,0,0,0.14764404296875,0.60791015625,0.1593017578125,6,nan,nan
팱,U+D331,0,0,0,0,0,0.1414794921875,0.8046875,0.16351318359375,10,nan,nan
팲,U+D332,0,0,0,0,0,0.167236328125,0.68084716796875,0.18023681640625,7,nan,nan
팳,U+D333,0,0,0,0,0,0.16925048828125,0.6690673828125,0.18963623046875,5,nan,nan
팴,U+D334,0,0,0,0,0,0.1688232421875,0.7056884765625,0.1856689453125,5,nan,nan
팵,U+D335,0,0,0,0,0,0.16552734375,0.703857421875,0.18328857421875,5,nan,nan
팶,U+D336,0,0,1,1,0,0.170654296875,0.69427490234375,0.18426513671875,3,nan,nan
팷,U+D337,0,0,0,0,0,0.15570068359375,0.6925048828125,0.17706298828125,6,nan,nan
팸,U+D338,0,0,0,0,0,0.1414794921875,0.613037109375,0.15203857421875,5,nan,nan
팹,U+D339,0,0,0,0,0,0.15057373046875,0.6756591796875,0.1552734375,6,nan,nan
팺,U+D33A,0,0,0,0,0,0.150390625,0.68505859375,0.16180419921875,7,nan,nan
팻,U+D33B,0,0,0,0,0,0.14422607421875,0.619384765625,0.1337890625,4,nan,nan
팼,U+D33C,0,0,0,0,0,0.1634521484375,0.67138671875,0.15142822265625,4,nan,nan
팽,U+D33D,0,0,0,0,0,0.1480712890625,0.60003662109375,0.13238525390625,3,nan,nan
팾,U+D33E,0,0,1,1,0,0.1497802734375,0.644287109375,0.1478271484375,4,nan,nan
팿,U+D33F,0,0,0,0,0,0.12847900390625,0.765625,0.16668701171875,8,nan,nan
퍀,U+D340,0,0,1,1,0,0.12860107421875,0.70697021484375,0.1505126953125,10,nan,nan
퍁,U+D341,0,0,1,1,0,0.15191650390625,0.5859375,0.16278076171875,4,nan,nan
퍂,U+D342,0,0,0,0,0,0.163818359375,0.619384765625,0.16815185546875,4,nan,nan
퍃,U+D343,0,0,0,0,0,0.12841796875,0.5733642578125,0.14068603515625,5,nan,nan
퍄,U+D344,0,0,0,0,0,0.10089111328125,0.53436279296875,0.10369873046875,2,nan,nan
퍅,U+D345,0,0,0,0,0,0.12176513671875,0.709716796875,0.13433837890625,4,nan,nan
퍆,U+D346,0,0,1,1,0,0.140380859375,0.69268798828125,0.1446533203125,3,nan,nan
퍇,U+D347,0,0,0,0,0,0.1455078125,0.67547607421875,0.14764404296875,4,nan,nan
퍈,U+D348,0,0,0,0,0,0.1400146484375,0.6910400390625,0.1322021484375,3,nan,nan
퍉,U+D349,0,0,1,1,0,0.14239501953125,0.7236328125,0.14874267578125,5,nan,nan
퍊,U+D34A,0,0,1,1,0,0.15435791015625,0.70751953125,0.15924072265625,5,nan,nan
퍋,U+D34B,0,0,1,1,0,0.1199951171875,0.63555908203125,0.13507080078125,3,nan,nan
퍌,U+D34C,0,0,0,0,0,0.1708984375,0.7459716796875,0.16253662109375,4,nan,nan
퍍,U+D34D,0,0,0,0,0,0.16571044921875,0.796875,0.1754150390625,7,nan,nan
퍎,U+D34E,0,0,0,0,0,0.16314697265625,0.661376953125,0.17340087890625,4,nan,nan
퍏,U+D34F,0,0,0,0,0,0.1715087890625,0.75,0.18829345703125,4,nan,nan
퍐,U+D350,0,0,0,0,0,0.18182373046875,0.732421875,0.185546875,6,nan,nan
퍑,U+D351,0,0,0,0,0,0.15948486328125,0.765625,0.18017578125,5,nan,nan
퍒,U+D352,0,0,1,1,0,0.16497802734375,0.77056884765625,0.1778564453125,4,nan,nan
퍓,U+D353,0,0,0,0,0,0.16680908203125,0.71875,0.1695556640625,6,nan,nan
퍔,U+D354,0,0,0,0,0,0.15789794921875,0.72021484375,0.15380859375,2,nan,nan
퍕,U+D355,0,0,0,0,0,0.1490478515625,0.729248046875,0.14495849609375,3,nan,nan
퍖,U+D356,0,0,0,0,0,0.16326904296875,0.7305908203125,0.16925048828125,4,nan,nan
퍗,U+D357,0,0,0,0,0,0.14593505859375,0.73828125,0.13775634765625,3,nan,nan
퍘,U+D358,0,0,0,0,0,0.1505126953125,0.79168701171875,0.1502685546875,4,nan,nan
퍙,U+D359,0,0,0,0,0,0.1534423828125,0.8671875,0.14471435546875,6,nan,nan
퍚,U+D35A,0,0,1,1,0,0.15875244140625,0.76739501953125,0.1514892578125,4,nan,nan
퍛,U+D35B,0,0,0,0,0,0.14288330078125,0.67901611328125,0.14923095703125,6,nan,nan
퍜,U+D35C,0,0,1,1,0,0.1470947265625,0.7357177734375,0.1572265625,5,nan,nan
퍝,U+D35D,0,0,1,1,0,0.1534423828125,0.70751953125,0.15753173828125,3,nan,nan
퍞,U+D35E,0,0,0,0,0,0.1636962890625,0.7237548828125,0.15570068359375,3,nan,nan
퍟,U+D35F,0,0,0,0,0,0.13592529296875,0.658447265625,0.13189697265625,4,nan,nan
퍠,U+D360,0,0,0,0,0,0.12249755859375,0.55078125,0.1287841796875,2,nan,nan
퍡,U+D361,0,0,0,0,0,0.12896728515625,0.640625,0.14520263671875,5,nan,nan
퍢,U+D362,0,0,1,1,0,0.1383056640625,0.556396484375,0.153564453125,5,nan,nan
퍣,U+D363,0,0,0,0,0,0.15057373046875,0.6561279296875,0.15960693359375,6,nan,nan
퍤,U+D364,0,0,0,0,0,0.14508056640625,0.615966796875,0.1527099609375,4,nan,nan
퍥,U+D365,0,0,1,1,0,0.17755126953125,0.668212890625,0.17327880859375,3,nan,nan
퍦,U+D366,0,0,1,1,0,0.1600341796875,0.66815185546875,0.1788330078125,6,nan,nan
퍧,U+D367,0,0,1,1,0,0.1368408203125,0.56396484375,0.1495361328125,4,nan,nan
퍨,U+D368,0,0,0,0,0,0.1614990234375,0.67138671875,0.17431640625,5,nan,nan
퍩,U+D369,0,0,0,0,0,0.177001953125,0.8046875,0.18975830078125,10,nan,nan
퍪,U+D36A,0,0,0,0,0,0.1690673828125,0.5511474609375,0.18133544921875,6,nan,nan
퍫,U+D36B,0,0,0,0,0,0.16937255859375,0.6796875,0.1959228515625,6,nan,nan
퍬,U+D36C,0,0,0,0,0,0.17608642578125,0.630126953125,0.18353271484375,3,nan,nan
퍭,U+D36D,0,0,0,0,0,0.19354248046875,0.7265625,0.20733642578125,3,nan,nan
퍮,U+D36E,0,0,1,1,0,0.1890869140625,0.734375,0.20697021484375,4,nan,nan
퍯,U+D36F,0,0,0,0,0,0.1986083984375,0.7890625,0.22076416015625,8,nan,nan
퍰,U+D370,0,0,0,0,0,0.1488037109375,0.6383056640625,0.1607666015625,4,nan,nan
퍱,U+D371,0,0,0,0,0,0.1468505859375,0.6180419921875,0.15655517578125,4,nan,nan
퍲,U+D372,0,0,0,0,0,0.15313720703125,0.688720703125,0.17376708984375,7,nan,nan
퍳,U+D373,0,0,0,0,0,0.149169921875,0.59210205078125,0.13824462890625,3,nan,nan
퍴,U+D374,0,0,0,0,0,0.15716552734375,0.6646728515625,0.16058349609375,5,nan,nan
퍵,U+D375,0,0,0,0,0,0.17022705078125,0.61383056640625,0.14508056640625,4,nan,nan
퍶,U+D376,0,0,1,1,0,0.164794921875,0.784423828125,0.16485595703125,4,nan,nan
퍷,U+D377,0,0,0,0,0,0.14276123046875,0.7117919921875,0.17108154296875,9,nan,nan
퍸,U+D378,0,0,1,1,0,0.1365966796875,0.78125,0.16015625,14,nan,nan
퍹,U+D379,0,0,1,1,0,0.15631103515625,0.77056884765625,0.1669921875,6,nan,nan
퍺,U+D37A,0,0,0,0,0,0.1671142578125,0.6552734375,0.17022705078125,5,nan,nan
퍻,U+D37B,0,0,0,0,0,0.140380859375,0.570556640625,0.157470703125,8,nan,nan
퍼,U+D37C,0,0,0,0,0,0.1031494140625,0.44921875,0.10150146484375,2,nan,nan
퍽,U+D37D,0,0,0,0,0,0.107177734375,0.589111328125,0.12060546875,5,nan,nan
퍾,U+D37E,0,0,1,1,0,0.121337890625,0.64337158203125,0.13726806640625,5,nan,nan
퍿,U+D37F,0,0,0,0,0,0.13604736328125,0.7305908203125,0.14324951171875,7,nan,nan
펀,U+D380,0,0,0,0,0,0.10736083984375,0.552001953125,0.11529541015625,3,nan,nan
펁,U+D381,0,0,1,1,0,0.14422607421875,0.7421875,0.154541015625,7,nan,nan
펂,U+D382,0,0,1,1,0,0.15191650390625,0.640869140625,0.1572265625,5,nan,nan
펃,U+D383,0,0,1,1,0,0.12640380859375,0.5733642578125,0.13397216796875,3,nan,nan
펄,U+D384,0,0,0,0,0,0.14031982421875,0.595703125,0.15185546875,4,nan,nan
펅,U+D385,0,0,0,0,0,0.14263916015625,0.671875,0.1590576171875,7,nan,nan
펆,U+D386,0,0,0,0,0,0.1473388671875,0.630615234375,0.17474365234375,5,nan,nan
펇,U+D387,0,0,0,0,0,0.15631103515625,0.67437744140625,0.190185546875,5,nan,nan
펈,U+D388,0,0,0,0,0,0.16424560546875,0.6976318359375,0.17364501953125,2,nan,nan
펉,U+D389,0,0,0,0,0,0.1474609375,0.6561279296875,0.16986083984375,4,nan,nan
펊,U+D38A,0,0,1,1,0,0.17071533203125,0.6953125,0.18450927734375,5,nan,nan
펋,U+D38B,0,0,0,0,0,0.1781005859375,0.744140625,0.1890869140625,5,nan,nan
펌,U+D38C,0,0,0,0,0,0.12786865234375,0.5303955078125,0.13311767578125,3,nan,nan
펍,U+D38D,0,0,0,0,0,0.13177490234375,0.5546875,0.13739013671875,2,nan,nan
펎,U+D38E,0,0,0,0,0,0.14404296875,0.6953125,0.1544189453125,7,nan,nan
펏,U+D38F,0,0,0,0,0,0.13543701171875,0.6156005859375,0.1234130859375,3,nan,nan
펐,U+D390,0,0,0,0,0,0.154052734375,0.7109375,0.14483642578125,4,nan,nan
펑,U+D391,0,0,0,0,0,0.1229248046875,0.5189208984375,0.11102294921875,3,nan,nan
펒,U+D392,0,0,1,1,0,0.1353759765625,0.7476806640625,0.1456298828125,5,nan,nan
펓,U+D393,0,0,0,0,0,0.1348876953125,0.6875,0.15301513671875,8,nan,nan
펔,U+D394,0,0,1,1,0,0.13623046875,0.579833984375,0.13983154296875,5,nan,nan
펕,U+D395,0,0,1,1,0,0.14093017578125,0.582763671875,0.14599609375,3,nan,nan
펖,U+D396,0,0,0,0,0,0.15576171875,0.60809326171875,0.156005859375,3,nan,nan
펗,U+D397,0,0,0,0,0,0.1114501953125,0.5426025390625,0.1221923828125,5,nan,nan
페,U+D398,0,0,0,0,0,0.12823486328125,0.61651611328125,0.1297607421875,3,nan,nan
펙,U+D399,0,0,0,0,1,0.13299560546875,0.640625,0.1468505859375,5,24.460395692704367,0.9525966605727488
펚,U+D39A,0,0,1,1,0,0.1466064453125,0.78289794921875,0.16961669921875,13,nan,nan
펛,U+D39B,0,0,0,0,0,0.18182373046875,0.765625,0.171142578125,8,nan,nan
펜,U+D39C,0,0,0,0,0,0.14117431640625,0.6180419921875,0.15228271484375,4,nan,nan
펝,U+D39D,0,0,1,1,0,0.1627197265625,0.64251708984375,0.16693115234375,6,nan,nan
펞,U+D39E,0,0,1,1,0,0.1837158203125,0.70953369140625,0.19183349609375,6,nan,nan
펟,U+D39F,0,0,1,1,0,0.14599609375,0.6031494140625,0.1534423828125,5,nan,nan
펠,U+D3A0,0,0,0,0,0,0.16424560546875,0.6171875,0.17169189453125,3,nan,nan
펡,U+D3A1,0,0,0,0,0,0.17218017578125,0.796875,0.18701171875,8,nan,nan
펢,U+D3A2,0,0,0,0,0,0.1787109375,0.828125,0.19744873046875,10,nan,nan
펣,U+D3A3,0,0,0,0,0,0.1754150390625,0.6484375,0.1904296875,4,nan,nan
펤,U+D3A4,0,0,0,0,0,0.1746826171875,0.7305908203125,0.17803955078125,7,nan,nan
펥,U+D3A5,0,0,0,0,0,0.1951904296875,0.77056884765625,0.20159912109375,7,nan,nan
펦,U+D3A6,0,0,1,1,0,0.1785888671875,0.6627197265625,0.18780517578125,7,nan,nan
펧,U+D3A7,0,0,0,0,0,0.1796875,0.71875,0.19000244140625,6,nan,nan
펨,U+D3A8,0,0,0,0,0,0.15045166015625,0.64337158203125,0.16790771484375,8,nan,nan
펩,U+D3A9,0,0,0,0,0,0.14312744140625,0.65625,0.1583251953125,9,nan,nan
펪,U+D3AA,0,0,0,0,0,0.16192626953125,0.8074951171875,0.17303466796875,9,nan,nan
펫,U+D3AB,0,0,0,0,0,0.162353515625,0.79840087890625,0.146240234375,6,nan,nan
펬,U+D3AC,0,0,0,0,0,0.164794921875,0.7890625,0.16619873046875,6,nan,nan
펭,U+D3AD,0,0,0,0,0,0.16595458984375,0.7906494140625,0.14154052734375,7,nan,nan
펮,U+D3AE,0,0,1,1,0,0.15728759765625,0.671875,0.16168212890625,6,nan,nan
펯,U+D3AF,0,0,0,0,0,0.14801025390625,0.837158203125,0.1629638671875,10,nan,nan
펰,U+D3B0,0,0,1,1,0,0.1795654296875,0.640625,0.158203125,6,nan,nan
펱,U+D3B1,0,0,1,1,0,0.17041015625,0.701904296875,0.17449951171875,6,nan,nan
펲,U+D3B2,0,0,0,0,0,0.1956787109375,0.69818115234375,0.175048828125,3,nan,nan
펳,U+D3B3,0,0,0,0,0,0.14202880859375,0.6015625,0.13818359375,6,nan,nan
펴,U+D3B4,0,0,0,0,0,0.10418701171875,0.4454345703125,0.099365234375,2,nan,nan
펵,U+D3B5,0,0,0,0,0,0.1375732421875,0.7265625,0.14031982421875,8,nan,nan
펶,U+D3B6,0,0,1,1,0,0.15814208984375,0.73828125,0.1568603515625,6,nan,nan
펷,U+D3B7,0,0,0,0,0,0.1705322265625,0.6796875,0.1617431640625,3,nan,nan
편,U+D3B8,0,0,0,0,0,0.13275146484375,0.57843017578125,0.1231689453125,6,nan,nan
펹,U+D3B9,0,0,1,1,0,0.1746826171875,0.8125,0.17578125,9,nan,nan
펺,U+D3BA,0,0,1,1,0,0.1597900390625,0.720703125,0.16754150390625,6,nan,nan
펻,U+D3BB,0,0,1,1,0,0.13555908203125,0.5760498046875,0.13934326171875,6,nan,nan
펼,U+D3BC,0,0,0,0,0,0.154541015625,0.546875,0.15216064453125,6,nan,nan
펽,U+D3BD,0,0,0,0,0,0.17578125,0.78125,0.18585205078125,5,nan,nan
펾,U+D3BE,0,0,0,0,0,0.1695556640625,0.7596435546875,0.184326171875,7,nan,nan
펿,U+D3BF,0,0,0,0,0,0.15972900390625,0.784423828125,0.1785888671875,6,nan,nan
폀,U+D3C0,0,0,0,0,0,0.1778564453125,0.765625,0.1793212890625,6,nan,nan
폁,U+D3C1,0,0,0,0,0,0.1787109375,0.76739501953125,0.1785888671875,8,nan,nan
폂,U+D3C2,0,0,1,1,0,0.1885986328125,0.8046875,0.189208984375,9,nan,nan
폃,U+D3C3,0,0,0,0,0,0.1922607421875,0.8203125,0.21112060546875,9,nan,nan
폄,U+D3C4,0,0,0,0,0,0.14044189453125,0.580810546875,0.1397705078125,3,nan,nan
폅,U+D3C5,0,0,0,0,0,0.1463623046875,0.5733642578125,0.13812255859375,5,nan,nan
폆,U+D3C6,0,0,0,0,0,0.16961669921875,0.7265625,0.1630859375,6,nan,nan
폇,U+D3C7,0,0,0,0,0,0.15545654296875,0.60003662109375,0.12884521484375,4,nan,nan
폈,U+D3C8,0,0,0,0,0,0.171875,0.734375,0.1536865234375,2,nan,nan
평,U+D3C9,0,0,0,0,0,0.13531494140625,0.5673828125,0.11865234375,4,nan,nan
폊,U+D3CA,0,0,1,1,0,0.15289306640625,0.84490966796875,0.1507568359375,7,nan,nan
폋,U+D3CB,0,0,0,0,0,0.1563720703125,0.65625,0.15765380859375,6,nan,nan
폌,U+D3CC,0,0,1,1,0,0.1448974609375,0.5855712890625,0.15106201171875,5,nan,nan
폍,U+D3CD,0,0,1,1,0,0.14013671875,0.5733642578125,0.14715576171875,6,nan,nan
폎,U+D3CE,0,0,0,0,0,0.1707763671875,0.643310546875,0.17340087890625,6,nan,nan
폏,U+D3CF,0,0,0,0,0,0.15045166015625,0.6075439453125,0.14202880859375,8,nan,nan
폐,U+D3D0,0,0,0,0,0,0.13763427734375,0.638671875,0.14581298828125,4,nan,nan
폑,U+D3D1,0,0,0,0,0,0.13671875,0.640625,0.1483154296875,7,nan,nan
폒,U+D3D2,0,0,1,1,0,0.154296875,0.6844482421875,0.16912841796875,6,nan,nan
폓,U+D3D3,0,0,0,0,0,0.15283203125,0.71319580078125,0.1700439453125,8,nan,nan
폔,U+D3D4,0,0,0,0,0,0.13262939453125,0.6666259765625,0.15234375,6,nan,nan
폕,U+D3D5,0,0,1,1,0,0.167236328125,0.6986083984375,0.18463134765625,7,nan,nan
폖,U+D3D6,0,0,1,1,0,0.16192626953125,0.71875,0.16973876953125,7,nan,nan
폗,U+D3D7,0,0,1,1,0,0.12982177734375,0.6031494140625,0.15234375,9,nan,nan
폘,U+D3D8,0,0,0,0,0,0.1497802734375,0.630615234375,0.17169189453125,5,nan,nan
폙,U+D3D9,0,0,0,0,0,0.1689453125,0.6767578125,0.192138671875,5,nan,nan
폚,U+D3DA,0,0,0,0,0,0.1802978515625,0.6767578125,0.20391845703125,3,nan,nan
폛,U+D3DB,0,0,0,0,0,0.16900634765625,0.703125,0.20361328125,6,nan,nan
폜,U+D3DC,0,0,0,0,0,0.18048095703125,0.6536865234375,0.1881103515625,5,nan,nan
폝,U+D3DD,0,0,0,0,0,0.17474365234375,0.64453125,0.1942138671875,6,nan,nan
폞,U+D3DE,0,0,1,1,0,0.18560791015625,0.630126953125,0.2032470703125,5,nan,nan
폟,U+D3DF,0,0,0,0,0,0.17913818359375,0.7613525390625,0.200439453125,7,nan,nan
폠,U+D3E0,0,0,0,0,0,0.155029296875,0.62060546875,0.16455078125,10,nan,nan
폡,U+D3E1,0,0,0,0,0,0.13916015625,0.65625,0.1636962890625,6,nan,nan
폢,U+D3E2,0,0,0,0,0,0.17474365234375,0.7578125,0.18585205078125,5,nan,nan
폣,U+D3E3,0,0,0,0,0,0.15618896484375,0.670166015625,0.14801025390625,3,nan,nan
폤,U+D3E4,0,0,0,0,0,0.17889404296875,0.686767578125,0.177001953125,4,nan,nan
폥,U+D3E5,0,0,0,0,0,0.16162109375,0.70953369140625,0.14654541015625,8,nan,nan
폦,U+D3E6,0,0,1,1,0,0.16363525390625,0.74810791015625,0.16900634765625,10,nan,nan
폧,U+D3E7,0,0,0,0,0,0.15203857421875,0.80108642578125,0.1700439453125,9,nan,nan
폨,U+D3E8,0,0,1,1,0,0.1512451171875,0.61236572265625,0.15252685546875,5,nan,nan
폩,U+D3E9,0,0,1,1,0,0.1514892578125,0.6328125,0.1751708984375,8,nan,nan
폪,U+D3EA,0,0,0,0,0,0.16754150390625,0.63916015625,0.17584228515625,4,nan,nan
폫,U+D3EB,0,0,0,0,0,0.144287109375,0.64849853515625,0.14910888671875,6,nan,nan
포,U+D3EC,0,0,0,0,1,0.169189453125,0.9765625,0.1524658203125,4,23.67184343579903,0.9491998799305238
폭,U+D3ED,0,0,0,0,0,0.13433837890625,0.765625,0.14385986328125,13,nan,nan
폮,U+D3EE,0,0,1,1,0,0.1593017578125,0.8671875,0.16583251953125,6,nan,nan
폯,U+D3EF,0,0,0,0,0,0.1285400390625,0.8125,0.14874267578125,11,nan,nan
폰,U+D3F0,0,0,0,0,0,0.134765625,0.6844482421875,0.1466064453125,4,nan,nan
폱,U+D3F1,0,0,1,1,0,0.171142578125,0.8046875,0.17279052734375,6,nan,nan
폲,U+D3F2,0,0,1,1,0,0.1722412109375,0.7578125,0.1817626953125,8,nan,nan
폳,U+D3F3,0,0,1,1,0,0.13751220703125,0.5767822265625,0.1414794921875,4,nan,nan
폴,U+D3F4,0,0,0,0,0,0.18597412109375,0.7265625,0.18023681640625,5,nan,nan
폵,U+D3F5,0,0,0,0,0,0.15533447265625,0.7265625,0.16973876953125,9,nan,nan
폶,U+D3F6,0,0,0,0,0,0.17864990234375,0.765625,0.19842529296875,5,nan,nan
폷,U+D3F7,0,0,0,0,0,0.1630859375,0.70538330078125,0.1900634765625,5,nan,nan
폸,U+D3F8,0,0,0,0,0,0.14794921875,0.7421875,0.1722412109375,14,nan,nan
폹,U+D3F9,0,0,0,0,0,0.1678466796875,0.734375,0.1866455078125,7,nan,nan
폺,U+D3FA,0,0,1,1,0,0.17333984375,0.7596435546875,0.20037841796875,6,nan,nan
폻,U+D3FB,0,0,0,0,0,0.1951904296875,0.8046875,0.19921875,6,nan,nan
폼,U+D3FC,0,0,0,0,0,0.16156005859375,0.6875,0.15716552734375,5,nan,nan
폽,U+D3FD,0,0,0,0,0,0.154052734375,0.6666259765625,0.152099609375,3,nan,nan
폾,U+D3FE,0,0,0,0,0,0.1651611328125,0.75189208984375,0.17962646484375,3,nan,nan
폿,U+D3FF,0,0,0,0,0,0.1611328125,0.80615234375,0.156982421875,3,nan,nan
퐀,U+D400,0,0,0,0,0,0.1861572265625,0.84490966796875,0.1776123046875,6,nan,nan
퐁,U+D401,0,0,0,0,0,0.1470947265625,0.609375,0.12542724609375,4,nan,nan
퐂,U+D402,0,0,1,1,0,0.12811279296875,0.78125,0.13800048828125,8,nan,nan
퐃,U+D403,0,0,0,0,0,0.15875244140625,0.6328125,0.1497802734375,5,nan,nan
퐄,U+D404,0,0,1,1,0,0.145751953125,0.7578125,0.15130615234375,5,nan,nan
퐅,U+D405,0,0,1,1,0,0.135009765625,0.589111328125,0.1558837890625,4,nan,nan
퐆,U+D406,0,0,0,0,0,0.1568603515625,0.75,0.1685791015625,7,nan,nan
퐇,U+D407,0,0,0,0,0,0.1800537109375,0.6640625,0.1513671875,7,nan,nan
퐈,U+D408,0,0,0,0,0,0.12603759765625,0.65625,0.12982177734375,3,nan,nan
퐉,U+D409,0,0,0,0,0,0.14239501953125,0.8271484375,0.156005859375,6,nan,nan
퐊,U+D40A,0,0,1,1,0,0.14178466796875,0.784423828125,0.16339111328125,4,nan,nan
퐋,U+D40B,0,0,0,0,0,0.167724609375,0.800048828125,0.17413330078125,5,nan,nan
퐌,U+D40C,0,0,0,0,0,0.13482666015625,0.77880859375,0.15185546875,4,nan,nan
퐍,U+D40D,0,0,1,1,0,0.15032958984375,0.7724609375,0.1636962890625,7,nan,nan
퐎,U+D40E,0,0,1,1,0,0.1680908203125,0.810791015625,0.1800537109375,9,nan,nan
퐏,U+D40F,0,0,1,1,0,0.15277099609375,0.7445068359375,0.15887451171875,4,nan,nan
퐐,U+D410,0,0,0,0,0,0.1773681640625,0.84490966796875,0.18951416015625,7,nan,nan
퐑,U+D411,0,0,0,0,0,0.1768798828125,0.8382568359375,0.18804931640625,6,nan,nan
퐒,U+D412,0,0,0,0,0,0.17913818359375,0.797607421875,0.19403076171875,6,nan,nan
퐓,U+D413,0,0,0,0,0,0.197265625,0.83331298828125,0.20745849609375,9,nan,nan
퐔,U+D414,0,0,0,0,0,0.16705322265625,0.83160400390625,0.18896484375,8,nan,nan
퐕,U+D415,0,0,0,0,0,0.18701171875,0.8116455078125,0.2061767578125,8,nan,nan
퐖,U+D416,0,0,1,1,0,0.1883544921875,0.8392333984375,0.1998291015625,6,nan,nan
퐗,U+D417,0,0,0,0,0,0.18609619140625,0.837158203125,0.20904541015625,6,nan,nan
퐘,U+D418,0,0,0,0,0,0.16070556640625,0.77838134765625,0.1678466796875,4,nan,nan
퐙,U+D419,0,0,0,0,0,0.16656494140625,0.8203125,0.17425537109375,6,nan,nan
퐚,U+D41A,0,0,0,0,0,0.16497802734375,0.8123779296875,0.184814453125,7,nan,nan
퐛,U+D41B,0,0,0,0,0,0.17059326171875,0.7850341796875,0.15679931640625,4,nan,nan
퐜,U+D41C,0,0,0,0,0,0.17236328125,0.84930419921875,0.17230224609375,4,nan,nan
퐝,U+D41D,0,0,0,0,1,0.1795654296875,0.93017578125,0.15087890625,4,23.602272665094638,0.9421657780345756
퐞,U+D41E,0,0,1,1,0,0.14410400390625,0.7587890625,0.15069580078125,6,nan,nan
퐟,U+D41F,0,0,0,0,0,0.14031982421875,0.80419921875,0.16253662109375,11,nan,nan
퐠,U+D420,0,0,1,1,0,0.15789794921875,0.71728515625,0.1734619140625,6,nan,nan
퐡,U+D421,0,0,1,1,0,0.16827392578125,0.757568359375,0.177734375,6,nan,nan
퐢,U+D422,0,0,0,0,0,0.15484619140625,0.848876953125,0.18212890625,6,nan,nan
퐣,U+D423,0,0,0,0,0,0.1588134765625,0.7967529296875,0.16729736328125,8,nan,nan
퐤,U+D424,0,0,0,0,0,0.1307373046875,0.5203857421875,0.138916015625,3,nan,nan
퐥,U+D425,0,0,0,0,0,0.14373779296875,0.6866455078125,0.16278076171875,9,nan,nan
퐦,U+D426,0,0,1,1,0,0.134033203125,0.6192626953125,0.1676025390625,6,nan,nan
퐧,U+D427,0,0,0,0,0,0.1689453125,0.75,0.1854248046875,4,nan,nan
퐨,U+D428,0,0,0,0,0,0.14825439453125,0.67840576171875,0.173828125,7,nan,nan
퐩,U+D429,0,0,1,1,0,0.16534423828125,0.670166015625,0.177978515625,7,nan,nan
퐪,U+D42A,0,0,1,1,0,0.17938232421875,0.70953369140625,0.20330810546875,7,nan,nan
퐫,U+D42B,0,0,1,1,0,0.157958984375,0.6962890625,0.17828369140625,5,nan,nan
퐬,U+D42C,0,0,0,0,0,0.16961669921875,0.70538330078125,0.20465087890625,7,nan,nan
퐭,U+D42D,0,0,0,0,0,0.17938232421875,0.7305908203125,0.20263671875,5,nan,nan
퐮,U+D42E,0,0,0,0,0,0.18780517578125,0.71875,0.20654296875,5,nan,nan
퐯,U+D42F,0,0,0,0,0,0.18902587890625,0.7578125,0.2135009765625,9,nan,nan
퐰,U+D430,0,0,0,0,0,0.17578125,0.7109375,0.20794677734375,8,nan,nan
퐱,U+D431,0,0,0,0,0,0.1783447265625,0.75189208984375,0.2103271484375,8,nan,nan
퐲,U+D432,0,0,1,1,0,0.190673828125,0.744140625,0.21722412109375,8,nan,nan
퐳,U+D433,0,0,0,0,0,0.18743896484375,0.7421875,0.2159423828125,11,nan,nan
퐴,U+D434,0,0,0,0,0,0.146240234375,0.69818115234375,0.17193603515625,8,nan,nan
퐵,U+D435,0,0,0,0,0,0.1463623046875,0.68115234375,0.18353271484375,5,nan,nan
퐶,U+D436,0,0,0,0,0,0.1527099609375,0.720703125,0.1802978515625,4,nan,nan
퐷,U+D437,0,0,0,0,0,0.16552734375,0.709716796875,0.16998291015625,4,nan,nan
퐸,U+D438,0,0,0,0,0,0.184814453125,0.71636962890625,0.189208984375,5,nan,nan
퐹,U+D439,0,0,0,0,0,0.179931640625,0.672607421875,0.1571044921875,4,nan,nan
퐺,U+D43A,0,0,1,1,0,0.16229248046875,0.692138671875,0.181396484375,4,nan,nan
퐻,U+D43B,0,0,0,0,0,0.1591796875,0.6962890625,0.18115234375,11,nan,nan
퐼,U+D43C,0,0,1,1,0,0.15313720703125,0.703125,0.17822265625,6,nan,nan
퐽,U+D43D,0,0,1,1,0,0.15386962890625,0.64849853515625,0.17706298828125,8,nan,nan
퐾,U+D43E,0,0,0,0,0,0.16070556640625,0.7459716796875,0.19488525390625,8,nan,nan
퐿,U+D43F,0,0,0,0,0,0.1778564453125,0.68212890625,0.18243408203125,6,nan,nan
푀,U+D440,0,0,0,0,0,0.1295166015625,0.517822265625,0.128662109375,2,nan,nan
푁,U+D441,0,0,0,0,0,0.15509033203125,0.68212890625,0.15948486328125,5,nan,nan
푂,U+D442,0,0,1,1,0,0.15557861328125,0.75823974609375,0.1614990234375,10,nan,nan
푃,U+D443,0,0,0,0,0,0.1629638671875,0.7578125,0.1702880859375,6,nan,nan
푄,U+D444,0,0,0,0,0,0.13165283203125,0.6031494140625,0.1497802734375,6,nan,nan
푅,U+D445,0,0,1,1,0,0.16778564453125,0.71875,0.17626953125,8,nan,nan
푆,U+D446,0,0,1,1,0,0.1739501953125,0.7109375,0.18475341796875,6,nan,nan
푇,U+D447,0,0,1,1,0,0.15081787109375,0.734619140625,0.15960693359375,7,nan,nan
푈,U+D448,0,0,0,0,0,0.1571044921875,0.63812255859375,0.1595458984375,4,nan,nan
푉,U+D449,0,0,0,0,0,0.1724853515625,0.68988037109375,0.17919921875,9,nan,nan
푊,U+D44A,0,0,0,0,0,0.138427734375,0.6103515625,0.1658935546875,15,nan,nan
푋,U+D44B,0,0,0,0,0,0.15380859375,0.6640625,0.1787109375,8,nan,nan
푌,U+D44C,0,0,0,0,0,0.16668701171875,0.7171630859375,0.1849365234375,10,nan,nan
푍,U+D44D,0,0,0,0,0,0.1715087890625,0.6875,0.18463134765625,9,nan,nan
푎,U+D44E,0,0,1,1,0,0.1712646484375,0.713134765625,0.19207763671875,8,nan,nan
푏,U+D44F,0,0,0,0,0,0.19158935546875,0.7265625,0.1942138671875,8,nan,nan
푐,U+D450,0,0,0,0,0,0.15625,0.59033203125,0.15740966796875,6,nan,nan
푑,U+D451,0,0,0,0,0,0.157958984375,0.6229248046875,0.16632080078125,4,nan,nan
푒,U+D452,0,0,0,0,0,0.15655517578125,0.7286376953125,0.1783447265625,5,nan,nan
푓,U+D453,0,0,0,0,0,0.16546630859375,0.6866455078125,0.1478271484375,4,nan,nan
푔,U+D454,0,0,0,0,0,0.18194580078125,0.720703125,0.17218017578125,5,nan,nan
푕,U+D455,0,0,0,0,0,0.14691162109375,0.5955810546875,0.14178466796875,4,nan,nan
푖,U+D456,0,0,1,1,0,0.15924072265625,0.6478271484375,0.16387939453125,11,nan,nan
푗,U+D457,0,0,0,0,0,0.134521484375,0.67437744140625,0.1533203125,14,nan,nan
푘,U+D458,0,0,1,1,0,0.15374755859375,0.796875,0.15301513671875,8,nan,nan
푙,U+D459,0,0,1,1,0,0.16546630859375,0.576171875,0.16015625,4,nan,nan
푚,U+D45A,0,0,0,0,0,0.163818359375,0.703125,0.16546630859375,5,nan,nan
푛,U+D45B,0,0,0,0,0,0.166748046875,0.625,0.15118408203125,5,nan,nan
표,U+D45C,0,0,0,0,0,0.15472412109375,0.823974609375,0.15582275390625,6,nan,nan
푝,U+D45D,0,0,0,0,0,0.11688232421875,0.765625,0.14453125,9,nan,nan
푞,U+D45E,0,0,1,1,0,0.17315673828125,0.84375,0.16259765625,6,nan,nan
푟,U+D45F,0,0,0,0,0,0.15460205078125,0.78125,0.16656494140625,9,nan,nan
푠,U+D460,0,0,0,0,0,0.12213134765625,0.6640625,0.13330078125,5,nan,nan
푡,U+D461,0,0,1,1,0,0.17706298828125,0.8359375,0.177001953125,10,nan,nan
푢,U+D462,0,0,1,1,0,0.1888427734375,0.8203125,0.1807861328125,8,nan,nan
푣,U+D463,0,0,1,1,0,0.14776611328125,0.7265625,0.15789794921875,7,nan,nan
푤,U+D464,0,0,0,0,0,0.17572021484375,0.8515625,0.19482421875,8,nan,nan
푥,U+D465,0,0,0,0,0,0.17120361328125,0.7734375,0.17974853515625,12,nan,nan
푦,U+D466,0,0,0,0,0,0.18109130859375,0.73828125,0.20306396484375,8,nan,nan
푧,U+D467,0,0,0,0,0,0.1661376953125,0.7578125,0.18597412109375,9,nan,nan
푨,U+D468,0,0,0,0,0,0.17535400390625,0.7596435546875,0.1920166015625,7,nan,nan
푩,U+D469,0,0,0,0,0,0.1824951171875,0.78289794921875,0.20623779296875,5,nan,nan
푪,U+D46A,0,0,1,1,0,0.1990966796875,0.8046875,0.20916748046875,6,nan,nan
푫,U+D46B,0,0,0,0,0,0.1993408203125,0.796875,0.215576171875,9,nan,nan
푬,U+D46C,0,0,0,0,0,0.16455078125,0.8046875,0.16131591796875,5,nan,nan
푭,U+D46D,0,0,0,0,0,0.16949462890625,0.796875,0.1783447265625,3,nan,nan
푮,U+D46E,0,0,0,0,0,0.16229248046875,0.7596435546875,0.172607421875,7,nan,nan
푯,U+D46F,0,0,0,0,1,0.19482421875,0.8526611328125,0.1728515625,6,22.399735883898565,0.9444191190793401
푰,U+D470,0,0,0,0,0,0.18524169921875,0.86041259765625,0.1795654296875,7,nan,nan
푱,U+D471,0,0,0,0,0,0.17669677734375,0.7265625,0.1273193359375,4,nan,nan
푲,U+D472,0,0,1,1,0,0.18603515625,0.828125,0.16253662109375,8,nan,nan
푳,U+D473,0,0,0,0,0,0.17987060546875,0.8125,0.16961669921875,5,nan,nan
푴,U+D474,0,0,1,1,0,0.15655517578125,0.796875,0.1591796875,7,nan,nan
푵,U+D475,0,0,1,1,0,0.184814453125,0.7578125,0.1781005859375,6,nan,nan
푶,U+D476,0,0,0,0,0,0.1717529296875,0.828125,0.17913818359375,11,nan,nan
푷,U+D477,0,0,0,0,0,0.14190673828125,0.71875,0.13525390625,4,nan,nan
푸,U+D478,0,0,0,0,0,0.119384765625,0.51593017578125,0.1036376953125,2,nan,nan
푹,U+D479,0,0,0,0,0,0.153564453125,0.6875,0.15728759765625,4,nan,nan
푺,U+D47A,0,0,1,1,0,0.1324462890625,0.5625,0.1414794921875,4,nan,nan
푻,U+D47B,0,0,0,0,0,0.1597900390625,0.75,0.1624755859375,5,nan,nan
푼,U+D47C,0,0,0,0,0,0.12542724609375,0.661376953125,0.13433837890625,4,nan,nan
푽,U+D47D,0,0,1,1,0,0.17681884765625,0.7890625,0.183349609375,6,nan,nan
푾,U+D47E,0,0,1,1,0,0.18145751953125,0.7421875,0.18438720703125,5,nan,nan
푿,U+D47F,0,0,1,1,0,0.13824462890625,0.582763671875,0.14813232421875,4,nan,nan
풀,U+D480,0,0,0,0,0,0.17120361328125,0.8828125,0.17449951171875,13,nan,nan
풁,U+D481,0,0,0,0,0,0.1854248046875,0.72088623046875,0.19586181640625,6,nan,nan
풂,U+D482,0,0,0,0,0,0.17327880859375,0.65087890625,0.19097900390625,5,nan,nan
풃,U+D483,0,0,0,0,0,0.17388916015625,0.7286376953125,0.187744140625,10,nan,nan
풄,U+D484,0,0,0,0,0,0.17303466796875,0.7734375,0.18780517578125,9,nan,nan
풅,U+D485,0,0,0,0,0,0.189208984375,0.7109375,0.1988525390625,6,nan,nan
풆,U+D486,0,0,1,1,0,0.1832275390625,0.765625,0.1943359375,5,nan,nan
풇,U+D487,0,0,0,0,0,0.19281005859375,0.75,0.1956787109375,9,nan,nan
품,U+D488,0,0,0,0,0,0.14654541015625,0.6536865234375,0.14764404296875,4,nan,nan
풉,U+D489,0,0,0,0,0,0.146728515625,0.6640625,0.15948486328125,3,nan,nan
풊,U+D48A,0,0,0,0,0,0.1583251953125,0.6666259765625,0.1669921875,10,nan,nan
풋,U+D48B,0,0,0,0,0,0.171875,0.68212890625,0.1453857421875,2,nan,nan
풌,U+D48C,0,0,0,0,0,0.17626953125,0.79840087890625,0.17376708984375,5,nan,nan
풍,U+D48D,0,0,0,0,0,0.12255859375,0.53173828125,0.1192626953125,2,nan,nan
풎,U+D48E,0,0,1,1,0,0.15948486328125,0.6976318359375,0.16058349609375,4,nan,nan
풏,U+D48F,0,0,0,0,0,0.12042236328125,0.5736083984375,0.13372802734375,5,nan,nan
풐,U+D490,0,0,1,1,0,0.15740966796875,0.744140625,0.16656494140625,6,nan,nan
풑,U+D491,0,0,1,1,0,0.162841796875,0.6015625,0.1434326171875,6,nan,nan
풒,U+D492,0,0,0,0,0,0.17138671875,0.713134765625,0.1759033203125,6,nan,nan
풓,U+D493,0,0,0,0,0,0.1175537109375,0.53125,0.124267578125,7,nan,nan
풔,U+D494,0,0,0,0,0,0.11981201171875,0.555419921875,0.13604736328125,3,nan,nan
풕,U+D495,0,0,0,0,0,0.15155029296875,0.6666259765625,0.144775390625,7,nan,nan
풖,U+D496,0,0,1,1,0,0.1641845703125,0.67901611328125,0.1705322265625,6,nan,nan
풗,U+D497,0,0,0,0,0,0.1861572265625,0.703857421875,0.15899658203125,3,nan,nan
풘,U+D498,0,0,0,0,0,0.14300537109375,0.67840576171875,0.15740966796875,5,nan,nan
풙,U+D499,0,0,1,1,0,0.16229248046875,0.71044921875,0.17822265625,6,nan,nan
풚,U+D49A,0,0,1,1,0,0.1634521484375,0.703125,0.1917724609375,12,nan,nan
풛,U+D49B,0,0,1,1,0,0.144287109375,0.599853515625,0.149658203125,5,nan,nan
풜,U+D49C,0,0,0,0,0,0.17681884765625,0.65087890625,0.17626953125,3,nan,nan
풝,U+D49D,0,0,0,0,0,0.18695068359375,0.6875,0.1888427734375,5,nan,nan
풞,U+D49E,0,0,0,0,0,0.15960693359375,0.713134765625,0.19036865234375,14,nan,nan
풟,U+D49F,0,0,0,0,0,0.18438720703125,0.7265625,0.18927001953125,9,nan,nan
풠,U+D4A0,0,0,0,0,0,0.1871337890625,0.71142578125,0.1885986328125,5,nan,nan
풡,U+D4A1,0,0,0,0,0,0.17535400390625,0.7265625,0.189453125,10,nan,nan
풢,U+D4A2,0,0,1,1,0,0.181884765625,0.734375,0.19464111328125,6,nan,nan
풣,U+D4A3,0,0,0,0,0,0.17840576171875,0.7109375,0.18896484375,9,nan,nan
풤,U+D4A4,0,0,0,0,0,0.1558837890625,0.60791015625,0.15728759765625,7,nan,nan
풥,U+D4A5,0,0,0,0,0,0.16094970703125,0.60546875,0.16278076171875,7,nan,nan
풦,U+D4A6,0,0,0,0,0,0.19818115234375,0.703857421875,0.1876220703125,6,nan,nan
풧,U+D4A7,0,0,0,0,0,0.16131591796875,0.66094970703125,0.153564453125,5,nan,nan
풨,U+D4A8,0,0,0,0,0,0.18450927734375,0.8359375,0.18292236328125,9,nan,nan
풩,U+D4A9,0,0,0,0,0,0.15032958984375,0.62127685546875,0.14495849609375,5,nan,nan
풪,U+D4AA,0,0,1,1,0,0.1519775390625,0.666015625,0.16021728515625,5,nan,nan
풫,U+D4AB,0,0,0,0,0,0.162353515625,0.6976318359375,0.169921875,5,nan,nan
풬,U+D4AC,0,0,1,1,0,0.1663818359375,0.5955810546875,0.16534423828125,6,nan,nan
풭,U+D4AD,0,0,1,1,0,0.1669921875,0.7305908203125,0.16748046875,9,nan,nan
풮,U+D4AE,0,0,0,0,0,0.17987060546875,0.658447265625,0.175537109375,4,nan,nan
풯,U+D4AF,0,0,0,0,0,0.17950439453125,0.6640625,0.15960693359375,8,nan,nan
풰,U+D4B0,0,0,0,0,0,0.14434814453125,0.58612060546875,0.1519775390625,7,nan,nan
풱,U+D4B1,0,0,0,0,0,0.1788330078125,0.734375,0.17047119140625,5,nan,nan
풲,U+D4B2,0,0,1,1,0,0.1566162109375,0.6478271484375,0.16973876953125,8,nan,nan
풳,U+D4B3,0,0,0,0,0,0.18939208984375,0.713134765625,0.182373046875,6,nan,nan
풴,U+D4B4,0,0,0,0,0,0.18634033203125,0.74810791015625,0.1873779296875,4,nan,nan
풵,U+D4B5,0,0,1,1,0,0.201904296875,0.7767333984375,0.21441650390625,7,nan,nan
풶,U+D4B6,0,0,1,1,0,0.19134521484375,0.7890625,0.200927734375,5,nan,nan
풷,U+D4B7,0,0,1,1,0,0.171142578125,0.6925048828125,0.18585205078125,7,nan,nan
풸,U+D4B8,0,0,0,0,0,0.17840576171875,0.722900390625,0.196533203125,9,nan,nan
풹,U+D4B9,0,0,0,0,0,0.19354248046875,0.70538330078125,0.2091064453125,6,nan,nan
풺,U+D4BA,0,0,0,0,0,0.18798828125,0.6666259765625,0.210205078125,8,nan,nan
풻,U+D4BB,0,0,0,0,0,0.19525146484375,0.70538330078125,0.21624755859375,8,nan,nan
풼,U+D4BC,0,0,0,0,0,0.19921875,0.75,0.203857421875,8,nan,nan
풽,U+D4BD,0,0,0,0,0,0.20709228515625,0.78125,0.222412109375,9,nan,nan
풾,U+D4BE,0,0,1,1,0,0.20709228515625,0.7578125,0.22998046875,9,nan,nan
풿,U+D4BF,0,0,0,0,0,0.2021484375,0.7109375,0.22076416015625,10,nan,nan
퓀,U+D4C0,0,0,0,0,0,0.17095947265625,0.72821044921875,0.18463134765625,6,nan,nan
퓁,U+D4C1,0,0,0,0,0,0.15966796875,0.74005126953125,0.1805419921875,7,nan,nan
퓂,U+D4C2,0,0,0,0,0,0.18121337890625,0.688720703125,0.19659423828125,4,nan,nan
퓃,U+D4C3,0,0,0,0,0,0.1590576171875,0.714111328125,0.16741943359375,4,nan,nan
퓄,U+D4C4,0,0,0,0,0,0.1812744140625,0.7578125,0.1846923828125,8,nan,nan
퓅,U+D4C5,0,0,0,0,0,0.19073486328125,0.75,0.1783447265625,6,nan,nan
퓆,U+D4C6,0,0,1,1,0,0.1875,0.76904296875,0.1885986328125,7,nan,nan
퓇,U+D4C7,0,0,0,0,0,0.17724609375,0.75189208984375,0.1883544921875,7,nan,nan
퓈,U+D4C8,0,0,1,1,0,0.18359375,0.6942138671875,0.18292236328125,5,nan,nan
퓉,U+D4C9,0,0,1,1,0,0.18780517578125,0.651123046875,0.19775390625,4,nan,nan
퓊,U+D4CA,0,0,0,0,0,0.17034912109375,0.784423828125,0.1854248046875,12,nan,nan
퓋,U+D4CB,0,0,0,0,0,0.1651611328125,0.7421875,0.15478515625,9,nan,nan
퓌,U+D4CC,0,0,0,0,0,0.12286376953125,0.5091552734375,0.1240234375,4,nan,nan
퓍,U+D4CD,0,0,0,0,0,0.13629150390625,0.65887451171875,0.14093017578125,5,nan,nan
퓎,U+D4CE,0,0,1,1,0,0.148193359375,0.60809326171875,0.149169921875,5,nan,nan
퓏,U+D4CF,0,0,0,0,0,0.15826416015625,0.685546875,0.15179443359375,3,nan,nan
퓐,U+D4D0,0,0,0,0,0,0.13494873046875,0.6878662109375,0.1494140625,5,nan,nan
퓑,U+D4D1,0,0,1,1,0,0.15789794921875,0.70697021484375,0.171875,4,nan,nan
퓒,U+D4D2,0,0,1,1,0,0.16650390625,0.68682861328125,0.18634033203125,8,nan,nan
퓓,U+D4D3,0,0,1,1,0,0.122314453125,0.56396484375,0.14739990234375,4,nan,nan
퓔,U+D4D4,0,0,0,0,0,0.16656494140625,0.6229248046875,0.1739501953125,4,nan,nan
퓕,U+D4D5,0,0,0,0,0,0.1761474609375,0.6156005859375,0.1795654296875,5,nan,nan
퓖,U+D4D6,0,0,0,0,0,0.1702880859375,0.64337158203125,0.180908203125,7,nan,nan
퓗,U+D4D7,0,0,0,0,0,0.169921875,0.65313720703125,0.19268798828125,8,nan,nan
퓘,U+D4D8,0,0,0,0,0,0.186767578125,0.7109375,0.18878173828125,5,nan,nan
퓙,U+D4D9,0,0,0,0,0,0.16644287109375,0.80224609375,0.19464111328125,9,nan,nan
퓚,U+D4DA,0,0,1,1,0,0.18670654296875,0.75,0.19769287109375,9,nan,nan
퓛,U+D4DB,0,0,0,0,0,0.18927001953125,0.744140625,0.20660400390625,7,nan,nan
퓜,U+D4DC,0,0,0,0,0,0.14495849609375,0.630615234375,0.1611328125,4,nan,nan
퓝,U+D4DD,0,0,0,0,0,0.141357421875,0.59326171875,0.15625,4,nan,nan
퓞,U+D4DE,0,0,0,0,0,0.142822265625,0.73114013671875,0.17095947265625,5,nan,nan
퓟,U+D4DF,0,0,0,0,0,0.153564453125,0.697265625,0.1484375,4,nan,nan
퓠,U+D4E0,0,0,0,0,0,0.16363525390625,0.703125,0.16436767578125,6,nan,nan
퓡,U+D4E1,0,0,0,0,0,0.1337890625,0.542724609375,0.13031005859375,7,nan,nan
퓢,U+D4E2,0,0,1,1,0,0.1573486328125,0.643310546875,0.16064453125,4,nan,nan
퓣,U+D4E3,0,0,0,0,0,0.14849853515625,0.6640625,0.1544189453125,7,nan,nan
퓤,U+D4E4,0,0,1,1,0,0.14373779296875,0.640625,0.1640625,5,nan,nan
퓥,U+D4E5,0,0,1,1,0,0.136962890625,0.56414794921875,0.15093994140625,5,nan,nan
퓦,U+D4E6,0,0,0,0,0,0.15936279296875,0.71636962890625,0.180908203125,8,nan,nan
퓧,U+D4E7,0,0,0,0,0,0.1302490234375,0.58447265625,0.13238525390625,6,nan,nan
퓨,U+D4E8,0,0,0,0,0,0.1370849609375,0.6138916015625,0.12872314453125,2,nan,nan
퓩,U+D4E9,0,0,0,0,0,0.1900634765625,0.7890625,0.17230224609375,5,nan,nan
퓪,U+D4EA,0,0,1,1,0,0.1331787109375,0.625,0.1417236328125,4,nan,nan
퓫,U+D4EB,0,0,0,0,0,0.173828125,0.713134765625,0.1710205078125,4,nan,nan
퓬,U+D4EC,0,0,0,0,0,0.14385986328125,0.651123046875,0.14398193359375,5,nan,nan
퓭,U+D4ED,0,0,1,1,0,0.18585205078125,0.73638916015625,0.18389892578125,5,nan,nan
퓮,U+D4EE,0,0,1,1,0,0.181396484375,0.7421875,0.171630859375,6,nan,nan
퓯,U+D4EF,0,0,1,1,0,0.14630126953125,0.625,0.15533447265625,5,nan,nan
퓰,U+D4F0,0,0,0,0,0,0.18914794921875,0.78125,0.19091796875,7,nan,nan
퓱,U+D4F1,0,0,0,0,0,0.189208984375,0.765625,0.201171875,8,nan,nan
퓲,U+D4F2,0,0,0,0,0,0.1795654296875,0.7286376953125,0.20074462890625,11,nan,nan
퓳,U+D4F3,0,0,0,0,0,0.1990966796875,0.7421875,0.21124267578125,2,nan,nan
퓴,U+D4F4,0,0,0,0,0,0.1693115234375,0.7890625,0.19482421875,12,nan,nan
퓵,U+D4F5,0,0,0,0,0,0.19012451171875,0.73638916015625,0.2047119140625,6,nan,nan
퓶,U+D4F6,0,0,1,1,0,0.19354248046875,0.7421875,0.20501708984375,4,nan,nan
퓷,U+D4F7,0,0,0,0,0,0.18743896484375,0.7596435546875,0.19818115234375,11,nan,nan
퓸,U+D4F8,0,0,0,0,0,0.1650390625,0.701904296875,0.17108154296875,5,nan,nan
퓹,U+D4F9,0,0,0,0,0,0.1533203125,0.65625,0.16259765625,5,nan,nan
퓺,U+D4FA,0,0,0,0,0,0.19366455078125,0.734375,0.17620849609375,5,nan,nan
퓻,U+D4FB,0,0,0,0,0,0.17999267578125,0.765625,0.15692138671875,4,nan,nan
퓼,U+D4FC,0,0,0,0,0,0.182373046875,0.76739501953125,0.175048828125,3,nan,nan
퓽,U+D4FD,0,0,0,0,0,0.1124267578125,0.396484375,0.1103515625,5,nan,nan
퓾,U+D4FE,0,0,1,1,0,0.18011474609375,0.7109375,0.1644287109375,3,nan,nan
퓿,U+D4FF,0,0,0,0,0,0.1485595703125,0.671875,0.15118408203125,5,nan,nan
픀,U+D500,0,0,1,1,0,0.17449951171875,0.765625,0.16534423828125,5,nan,nan
픁,U+D501,0,0,1,1,0,0.15594482421875,0.609375,0.16058349609375,6,nan,nan
픂,U+D502,0,0,0,0,0,0.18963623046875,0.7265625,0.19854736328125,4,nan,nan
픃,U+D503,0,0,0,0,0,0.15264892578125,0.6015625,0.14385986328125,2,nan,nan
프,U+D504,0,0,0,0,0,0.1065673828125,0.63494873046875,0.1099853515625,3,nan,nan
픅,U+D505,0,0,0,0,0,0.15618896484375,0.6796875,0.146484375,7,nan,nan
픆,U+D506,0,0,1,1,0,0.1622314453125,0.8125,0.159423828125,5,nan,nan
픇,U+D507,0,0,0,0,0,0.16363525390625,0.7890625,0.1702880859375,8,nan,nan
픈,U+D508,0,0,0,0,0,0.15606689453125,0.640869140625,0.14080810546875,3,nan,nan
픉,U+D509,0,0,1,1,0,0.171630859375,0.7890625,0.17547607421875,8,nan,nan
픊,U+D50A,0,0,1,1,0,0.18572998046875,0.765625,0.1973876953125,5,nan,nan
픋,U+D50B,0,0,1,1,0,0.14862060546875,0.580810546875,0.1490478515625,4,nan,nan
플,U+D50C,0,0,0,0,0,0.20025634765625,0.765625,0.19549560546875,9,nan,nan
픍,U+D50D,0,0,0,0,0,0.1656494140625,0.734375,0.1944580078125,8,nan,nan
픎,U+D50E,0,0,0,0,0,0.20025634765625,0.6976318359375,0.2149658203125,5,nan,nan
픏,U+D50F,0,0,0,0,0,0.18310546875,0.71875,0.19744873046875,6,nan,nan
픐,U+D510,0,0,0,0,0,0.175048828125,0.7890625,0.1934814453125,8,nan,nan
픑,U+D511,0,0,0,0,0,0.1927490234375,0.703125,0.20513916015625,6,nan,nan
픒,U+D512,0,0,1,1,0,0.20361328125,0.775146484375,0.212646484375,6,nan,nan
픓,U+D513,0,0,0,0,0,0.2000732421875,0.78125,0.20196533203125,11,nan,nan
픔,U+D514,0,0,0,0,0,0.1650390625,0.70953369140625,0.1680908203125,3,nan,nan
픕,U+D515,0,0,0,0,0,0.18756103515625,0.7265625,0.16741943359375,5,nan,nan
픖,U+D516,0,0,0,0,0,0.1629638671875,0.7265625,0.17901611328125,5,nan,nan
픗,U+D517,0,0,0,0,0,0.1650390625,0.775146484375,0.1600341796875,8,nan,nan
픘,U+D518,0,0,0,0,0,0.17413330078125,0.7568359375,0.1678466796875,5,nan,nan
픙,U+D519,0,0,0,0,0,0.15838623046875,0.628173828125,0.1365966796875,3,nan,nan
픚,U+D51A,0,0,1,1,0,0.1558837890625,0.64337158203125,0.14471435546875,5,nan,nan
픛,U+D51B,0,0,0,0,0,0.1585693359375,0.64337158203125,0.1710205078125,6,nan,nan
픜,U+D51C,0,0,1,1,0,0.152099609375,0.7109375,0.15216064453125,7,nan,nan
픝,U+D51D,0,0,1,1,0,0.1239013671875,0.5137939453125,0.13702392578125,3,nan,nan
픞,U+D51E,0,0,0,0,0,0.18768310546875,0.8125,0.18939208984375,7,nan,nan
픟,U+D51F,0,0,0,0,0,0.17474365234375,0.7109375,0.1502685546875,7,nan,nan
픠,U+D520,0,0,0,0,0,0.1173095703125,0.4844970703125,0.11907958984375,2,nan,nan
픡,U+D521,0,0,0,0,0,0.1470947265625,0.6484375,0.15069580078125,3,nan,nan
픢,U+D522,0,0,1,1,0,0.14208984375,0.64337158203125,0.1533203125,4,nan,nan
픣,U+D523,0,0,0,0,0,0.16552734375,0.69140625,0.15985107421875,4,nan,nan
픤,U+D524,0,0,0,0,0,0.1334228515625,0.62310791015625,0.1458740234375,6,nan,nan
픥,U+D525,0,0,1,1,0,0.16070556640625,0.699951171875,0.16558837890625,6,nan,nan
픦,U+D526,0,0,1,1,0,0.17156982421875,0.845947265625,0.180419921875,5,nan,nan
픧,U+D527,0,0,1,1,0,0.12591552734375,0.55450439453125,0.143310546875,6,nan,nan
픨,U+D528,0,0,0,0,0,0.143798828125,0.67901611328125,0.1656494140625,5,nan,nan
픩,U+D529,0,0,0,0,0,0.1661376953125,0.671875,0.17108154296875,6,nan,nan
픪,U+D52A,0,0,0,0,0,0.17315673828125,0.61297607421875,0.17742919921875,6,nan,nan
픫,U+D52B,0,0,0,0,0,0.17529296875,0.6953125,0.191650390625,7,nan,nan
픬,U+D52C,0,0,0,0,0,0.176513671875,0.75823974609375,0.17755126953125,6,nan,nan
픭,U+D52D,0,0,0,0,0,0.17486572265625,0.67437744140625,0.18896484375,7,nan,nan
픮,U+D52E,0,0,1,1,0,0.18017578125,0.71875,0.19244384765625,6,nan,nan
픯,U+D52F,0,0,0,0,0,0.16717529296875,0.75,0.190673828125,13,nan,nan
픰,U+D530,0,0,0,0,0,0.146240234375,0.60809326171875,0.15814208984375,6,nan,nan
픱,U+D531,0,0,0,0,0,0.1463623046875,0.63323974609375,0.16754150390625,5,nan,nan
픲,U+D532,0,0,0,0,0,0.14849853515625,0.672607421875,0.1654052734375,6,nan,nan
픳,U+D533,0,0,0,0,0,0.14984130859375,0.648193359375,0.15411376953125,4,nan,nan
픴,U+D534,0,0,0,0,0,0.1536865234375,0.6627197265625,0.16259765625,4,nan,nan
픵,U+D535,0,0,0,0,0,0.12371826171875,0.48980712890625,0.11566162109375,4,nan,nan
픶,U+D536,0,0,1,1,0,0.15826416015625,0.64599609375,0.16351318359375,8,nan,nan
픷,U+D537,0,0,0,0,0,0.14984130859375,0.76904296875,0.1650390625,12,nan,nan
픸,U+D538,0,0,1,1,0,0.15826416015625,0.6171875,0.16070556640625,8,nan,nan
픹,U+D539,0,0,1,1,0,0.14459228515625,0.542724609375,0.1556396484375,6,nan,nan
픺,U+D53A,0,0,0,0,0,0.16571044921875,0.69818115234375,0.1768798828125,9,nan,nan
픻,U+D53B,0,0,0,0,0,0.160888671875,0.6328125,0.14617919921875,7,nan,nan
피,U+D53C,0,0,0,0,0,0.10699462890625,0.58056640625,0.1055908203125,4,nan,nan
픽,U+D53D,0,0,0,0,0,0.115966796875,0.6171875,0.124755859375,3,nan,nan
픾,U+D53E,0,0,1,1,0,0.12371826171875,0.6383056640625,0.1334228515625,5,nan,nan
픿,U+D53F,0,0,0,0,0,0.15496826171875,0.7109375,0.14111328125,3,nan,nan
핀,U+D540,0,0,0,0,0,0.11053466796875,0.5474853515625,0.1168212890625,3,nan,nan
핁,U+D541,0,0,1,1,0,0.12591552734375,0.7578125,0.1312255859375,4,nan,nan
핂,U+D542,0,0,1,1,0,0.1322021484375,0.7109375,0.160888671875,6,nan,nan
핃,U+D543,0,0,1,1,0,0.124755859375,0.5733642578125,0.1319580078125,3,nan,nan
필,U+D544,0,0,0,0,0,0.1319580078125,0.5736083984375,0.14117431640625,4,nan,nan
핅,U+D545,0,0,0,0,0,0.13616943359375,0.671875,0.15216064453125,9,nan,nan
핆,U+D546,0,0,0,0,0,0.13775634765625,0.6103515625,0.16326904296875,6,nan,nan
핇,U+D547,0,0,0,0,0,0.144287109375,0.640625,0.177490234375,6,nan,nan
핈,U+D548,0,0,0,0,0,0.15911865234375,0.71875,0.16943359375,5,nan,nan
핉,U+D549,0,0,0,0,0,0.14892578125,0.7734375,0.16473388671875,8,nan,nan
핊,U+D54A,0,0,1,1,0,0.1591796875,0.75,0.16357421875,4,nan,nan
핋,U+D54B,0,0,0,0,0,0.13702392578125,0.75,0.15069580078125,10,nan,nan
핌,U+D54C,0,0,0,0,0,0.1380615234375,0.58746337890625,0.13873291015625,3,nan,nan
핍,U+D54D,0,0,0,0,0,0.1160888671875,0.5460205078125,0.1292724609375,4,nan,nan
핎,U+D54E,0,0,0,0,0,0.1317138671875,0.6536865234375,0.15191650390625,7,nan,nan
핏,U+D54F,0,0,0,0,0,0.11944580078125,0.64990234375,0.11260986328125,3,nan,nan
핐,U+D550,0,0,0,0,0,0.14630126953125,0.81634521484375,0.14306640625,3,nan,nan
핑,U+D551,0,0,0,0,0,0.10504150390625,0.477783203125,0.09942626953125,3,nan,nan
핒,U+D552,0,0,1,1,0,0.1304931640625,0.6666259765625,0.13116455078125,4,nan,nan
핓,U+D553,0,0,0,0,0,0.12164306640625,0.78125,0.14361572265625,12,nan,nan
핔,U+D554,0,0,1,1,0,0.13018798828125,0.5859375,0.13433837890625,3,nan,nan
핕,U+D555,0,0,1,1,0,0.13067626953125,0.69427490234375,0.146240234375,10,nan,nan
핖,U+D556,0,0,0,0,0,0.13751220703125,0.673583984375,0.13885498046875,5,nan,nan
핗,U+D557,0,0,0,0,0,0.10882568359375,0.52978515625,0.1099853515625,5,nan,nan
하,U+D558,0,0,0,0,0,0.0814208984375,0.63494873046875,0.08526611328125,4,nan,nan
학,U+D559,0,0,0,0,0,0.0882568359375,0.65185546875,0.09564208984375,4,nan,nan
핚,U+D55A,0,0,1,1,0,0.13006591796875,0.703857421875,0.1168212890625,7,nan,nan
핛,U+D55B,0,0,0,0,0,0.1168212890625,0.68115234375,0.11895751953125,7,nan,nan
한,U+D55C,0,0,0,0,0,0.1199951171875,0.7596435546875,0.11700439453125,4,nan,nan
핝,U+D55D,0,0,1,1,0,0.11474609375,0.701904296875,0.11083984375,7,nan,nan
핞,U+D55E,0,0,1,1,0,0.114990234375,0.703125,0.11572265625,10,nan,nan
핟,U+D55F,0,0,1,1,0,0.11431884765625,0.7265625,0.12298583984375,5,nan,nan
할,U+D560,0,0,0,0,0,0.112548828125,0.7265625,0.12603759765625,4,nan,nan
핡,U+D561,0,0,0,0,0,0.14495849609375,0.734375,0.14678955078125,8,nan,nan
핢,U+D562,0,0,0,0,0,0.1361083984375,0.7734375,0.14306640625,6,nan,nan
핣,U+D563,0,0,0,0,0,0.14990234375,0.7890625,0.158447265625,9,nan,nan
핤,U+D564,0,0,0,0,0,0.15582275390625,0.8046875,0.14007568359375,6,nan,nan
핥,U+D565,0,0,0,0,1,0.13092041015625,0.734375,0.1466064453125,9,8.556036013517549,0.5427634595459047
핦,U+D566,0,0,1,1,0,0.134765625,0.765625,0.141845703125,4,nan,nan
핧,U+D567,0,0,0,0,0,0.14508056640625,0.73638916015625,0.1580810546875,8,nan,nan
함,U+D568,0,0,0,0,0,0.106201171875,0.7056884765625,0.128662109375,5,nan,nan
합,U+D569,0,0,0,0,0,0.10894775390625,0.658447265625,0.10772705078125,4,nan,nan
핪,U+D56A,0,0,0,0,0,0.113525390625,0.7613525390625,0.12701416015625,7,nan,nan
핫,U+D56B,0,0,0,0,0,0.120361328125,0.7177734375,0.11236572265625,6,nan,nan
핬,U+D56C,0,0,0,0,0,0.15155029296875,0.73638916015625,0.1331787109375,4,nan,nan
항,U+D56D,0,0,0,0,0,0.13616943359375,0.744140625,0.119140625,4,nan,nan
핮,U+D56E,0,0,1,1,0,0.12066650390625,0.73828125,0.12530517578125,6,nan,nan
핯,U+D56F,0,0,0,0,0,0.136962890625,0.7890625,0.13299560546875,7,nan,nan
핰,U+D570,0,0,1,1,0,0.11444091796875,0.75,0.12103271484375,5,nan,nan
핱,U+D571,0,0,1,1,0,0.1158447265625,0.670166015625,0.12677001953125,6,nan,nan
핲,U+D572,0,0,0,0,0,0.13720703125,0.7171630859375,0.12750244140625,4,nan,nan
핳,U+D573,0,0,0,0,0,0.11859130859375,0.7265625,0.12274169921875,7,nan,nan
해,U+D574,0,0,0,0,0,0.101318359375,0.48046875,0.10986328125,4,nan,nan
핵,U+D575,0,0,0,0,0,0.110107421875,0.57586669921875,0.11431884765625,4,nan,nan
핶,U+D576,0,0,1,1,0,0.1278076171875,0.6298828125,0.13250732421875,5,nan,nan
핷,U+D577,0,0,0,0,0,0.12957763671875,0.61767578125,0.130859375,5,nan,nan
핸,U+D578,0,0,0,0,0,0.14581298828125,0.62774658203125,0.13092041015625,4,nan,nan
핹,U+D579,0,0,1,1,0,0.12939453125,0.6317138671875,0.138671875,5,nan,nan
핺,U+D57A,0,0,1,1,0,0.1390380859375,0.66375732421875,0.150146484375,4,nan,nan
핻,U+D57B,0,0,1,1,0,0.1201171875,0.62786865234375,0.12982177734375,8,nan,nan
핼,U+D57C,0,0,0,0,0,0.14727783203125,0.62255859375,0.14642333984375,7,nan,nan
핽,U+D57D,0,0,0,0,0,0.13616943359375,0.671875,0.15045166015625,7,nan,nan
핾,U+D57E,0,0,0,0,0,0.1624755859375,0.6796875,0.16644287109375,7,nan,nan
핿,U+D57F,0,0,0,0,0,0.14703369140625,0.65087890625,0.166259765625,7,nan,nan
햀,U+D580,0,0,0,0,0,0.15618896484375,0.7421875,0.15533447265625,4,nan,nan
햁,U+D581,0,0,0,0,0,0.15679931640625,0.7109375,0.1697998046875,10,nan,nan
햂,U+D582,0,0,1,1,0,0.14947509765625,0.6767578125,0.16455078125,5,nan,nan
햃,U+D583,0,0,0,0,0,0.13507080078125,0.6796875,0.15447998046875,8,nan,nan
햄,U+D584,0,0,0,0,0,0.1287841796875,0.6328125,0.1402587890625,9,nan,nan
햅,U+D585,0,0,0,0,0,0.13018798828125,0.6356201171875,0.13519287109375,4,nan,nan
햆,U+D586,0,0,0,0,0,0.13995361328125,0.6776123046875,0.13885498046875,5,nan,nan
햇,U+D587,0,0,0,0,0,0.124755859375,0.613037109375,0.1197509765625,6,nan,nan
했,U+D588,0,0,0,0,0,0.15081787109375,0.66650390625,0.1412353515625,4,nan,nan
행,U+D589,0,0,0,0,1,0.130859375,0.6351318359375,0.1187744140625,6,8.255451465210925,0.517872289609745
햊,U+D58A,0,0,1,1,0,0.12823486328125,0.65087890625,0.13836669921875,7,nan,nan
햋,U+D58B,0,0,0,0,0,0.12744140625,0.6640625,0.13421630859375,7,nan,nan
햌,U+D58C,0,0,1,1,0,0.12005615234375,0.5955810546875,0.13470458984375,7,nan,nan
햍,U+D58D,0,0,1,1,0,0.1380615234375,0.6298828125,0.14996337890625,5,nan,nan
햎,U+D58E,0,0,0,0,0,0.13739013671875,0.65625,0.14935302734375,9,nan,nan
햏,U+D58F,0,0,0,0,0,0.1331787109375,0.671875,0.13922119140625,6,nan,nan
햐,U+D590,0,0,0,0,0,0.07763671875,0.50244140625,0.0924072265625,4,nan,nan
햑,U+D591,0,0,0,0,0,0.1217041015625,0.645751953125,0.1129150390625,5,nan,nan
햒,U+D592,0,0,1,1,0,0.1409912109375,0.6368408203125,0.12432861328125,6,nan,nan
햓,U+D593,0,0,0,0,0,0.12127685546875,0.615234375,0.11920166015625,5,nan,nan
햔,U+D594,0,0,0,0,0,0.122802734375,0.7152099609375,0.1116943359375,4,nan,nan
햕,U+D595,0,0,1,1,0,0.12493896484375,0.586669921875,0.12030029296875,4,nan,nan
햖,U+D596,0,0,1,1,0,0.12548828125,0.6796875,0.12249755859375,6,nan,nan
햗,U+D597,0,0,1,1,0,0.108642578125,0.6409912109375,0.1181640625,6,nan,nan
햘,U+D598,0,0,0,0,0,0.1314697265625,0.7265625,0.14508056640625,5,nan,nan
햙,U+D599,0,0,0,0,0,0.14459228515625,0.68115234375,0.13232421875,5,nan,nan
햚,U+D59A,0,0,0,0,0,0.13372802734375,0.6953125,0.12774658203125,4,nan,nan
햛,U+D59B,0,0,0,0,0,0.14178466796875,0.80328369140625,0.14984130859375,8,nan,nan
햜,U+D59C,0,0,0,0,0,0.1376953125,0.7056884765625,0.13287353515625,5,nan,nan
햝,U+D59D,0,0,0,0,0,0.1297607421875,0.74322509765625,0.1358642578125,11,nan,nan
햞,U+D59E,0,0,1,1,0,0.13641357421875,0.7265625,0.13055419921875,6,nan,nan
햟,U+D59F,0,0,0,0,0,0.13946533203125,0.71875,0.1427001953125,6,nan,nan
햠,U+D5A0,0,0,0,0,0,0.12152099609375,0.6842041015625,0.1322021484375,5,nan,nan
햡,U+D5A1,0,0,0,0,0,0.10736083984375,0.6409912109375,0.11004638671875,4,nan,nan
햢,U+D5A2,0,0,0,0,0,0.13458251953125,0.6884765625,0.136474609375,6,nan,nan
햣,U+D5A3,0,0,0,0,0,0.11505126953125,0.6253662109375,0.116943359375,6,nan,nan
햤,U+D5A4,0,0,0,0,0,0.15460205078125,0.66094970703125,0.12890625,7,nan,nan
향,U+D5A5,0,0,0,0,0,0.13262939453125,0.71636962890625,0.1256103515625,5,nan,nan
햦,U+D5A6,0,0,1,1,0,0.1165771484375,0.6630859375,0.113037109375,7,nan,nan
햧,U+D5A7,0,0,0,0,0,0.12078857421875,0.670166015625,0.1282958984375,9,nan,nan
햨,U+D5A8,0,0,1,1,0,0.11566162109375,0.70159912109375,0.11468505859375,7,nan,nan
햩,U+D5A9,0,0,1,1,0,0.1241455078125,0.64251708984375,0.12701416015625,5,nan,nan
햪,U+D5AA,0,0,0,0,0,0.12188720703125,0.63555908203125,0.12164306640625,8,nan,nan
햫,U+D5AB,0,0,0,0,0,0.12945556640625,0.7109375,0.12261962890625,7,nan,nan
햬,U+D5AC,0,0,0,0,0,0.1026611328125,0.4619140625,0.1094970703125,3,nan,nan
햭,U+D5AD,0,0,0,0,0,0.119140625,0.6536865234375,0.1395263671875,5,nan,nan
햮,U+D5AE,0,0,1,1,0,0.1378173828125,0.6796875,0.1397705078125,7,nan,nan
햯,U+D5AF,0,0,0,0,0,0.141357421875,0.68212890625,0.14501953125,9,nan,nan
햰,U+D5B0,0,0,0,0,0,0.1265869140625,0.6298828125,0.12860107421875,4,nan,nan
햱,U+D5B1,0,0,1,1,0,0.131103515625,0.6712646484375,0.13983154296875,5,nan,nan
햲,U+D5B2,0,0,1,1,0,0.14520263671875,0.69427490234375,0.1529541015625,7,nan,nan
햳,U+D5B3,0,0,1,1,0,0.12432861328125,0.61798095703125,0.14373779296875,8,nan,nan
햴,U+D5B4,0,0,0,0,0,0.1427001953125,0.6640625,0.1553955078125,7,nan,nan
햵,U+D5B5,0,0,0,0,0,0.15045166015625,0.6875,0.17388916015625,10,nan,nan
햶,U+D5B6,0,0,0,0,0,0.15325927734375,0.6640625,0.1676025390625,6,nan,nan
햷,U+D5B7,0,0,0,0,0,0.129150390625,0.6953125,0.1531982421875,10,nan,nan
햸,U+D5B8,0,0,0,0,0,0.15093994140625,0.7421875,0.16064453125,5,nan,nan
햹,U+D5B9,0,0,0,0,0,0.14288330078125,0.734375,0.15679931640625,14,nan,nan
햺,U+D5BA,0,0,1,1,0,0.15380859375,0.7265625,0.1724853515625,8,nan,nan
햻,U+D5BB,0,0,0,0,0,0.1373291015625,0.7265625,0.1661376953125,7,nan,nan
햼,U+D5BC,0,0,0,0,0,0.1280517578125,0.57843017578125,0.1390380859375,5,nan,nan
햽,U+D5BD,0,0,0,0,0,0.1314697265625,0.6055908203125,0.13153076171875,5,nan,nan
햾,U+D5BE,0,0,0,0,0,0.14801025390625,0.7171630859375,0.148681640625,8,nan,nan
햿,U+D5BF,0,0,0,0,0,0.126220703125,0.6053466796875,0.12921142578125,5,nan,nan
헀,U+D5C0,0,0,0,0,0,0.1593017578125,0.7286376953125,0.16162109375,4,nan,nan
헁,U+D5C1,0,0,0,0,0,0.13916015625,0.6627197265625,0.12921142578125,7,nan,nan
헂,U+D5C2,0,0,1,1,0,0.13690185546875,0.64849853515625,0.14312744140625,10,nan,nan
헃,U+D5C3,0,0,0,0,0,0.130615234375,0.6767578125,0.13958740234375,8,nan,nan
헄,U+D5C4,0,0,1,1,0,0.1201171875,0.64337158203125,0.12005615234375,8,nan,nan
헅,U+D5C5,0,0,1,1,0,0.13232421875,0.81390380859375,0.143310546875,5,nan,nan
헆,U+D5C6,0,0,0,0,0,0.1163330078125,0.6844482421875,0.13433837890625,10,nan,nan
헇,U+D5C7,0,0,0,0,0,0.145263671875,0.6329345703125,0.13201904296875,10,nan,nan
허,U+D5C8,0,0,0,0,0,0.07281494140625,0.3839111328125,0.072998046875,3,nan,nan
헉,U+D5C9,0,0,0,0,0,0.11376953125,0.57379150390625,0.108642578125,5,nan,nan
헊,U+D5CA,0,0,1,1,0,0.11480712890625,0.57806396484375,0.11968994140625,5,nan,nan
헋,U+D5CB,0,0,0,0,0,0.115478515625,0.6767578125,0.11956787109375,5,nan,nan
헌,U+D5CC,0,0,0,0,0,0.11236572265625,0.61236572265625,0.1104736328125,4,nan,nan
헍,U+D5CD,0,0,1,1,0,0.1221923828125,0.666015625,0.12310791015625,5,nan,nan
헎,U+D5CE,0,0,1,1,0,0.12371826171875,0.5655517578125,0.1165771484375,7,nan,nan
헏,U+D5CF,0,0,1,1,0,0.111572265625,0.5767822265625,0.12005615234375,4,nan,nan
헐,U+D5D0,0,0,0,0,0,0.12432861328125,0.6171875,0.13330078125,5,nan,nan
헑,U+D5D1,0,0,0,0,0,0.13336181640625,0.65625,0.1439208984375,12,nan,nan
헒,U+D5D2,0,0,0,0,0,0.15289306640625,0.6328125,0.16082763671875,4,nan,nan
헓,U+D5D3,0,0,0,0,0,0.15185546875,0.671875,0.16229248046875,7,nan,nan
헔,U+D5D4,0,0,0,0,0,0.13543701171875,0.8359375,0.14520263671875,12,nan,nan
헕,U+D5D5,0,0,0,0,0,0.1387939453125,0.7734375,0.15557861328125,12,nan,nan
헖,U+D5D6,0,0,1,1,0,0.14471435546875,0.6875,0.14691162109375,5,nan,nan
헗,U+D5D7,0,0,0,0,0,0.1390380859375,0.8203125,0.16107177734375,12,nan,nan
험,U+D5D8,0,0,0,0,0,0.13311767578125,0.6046142578125,0.12200927734375,4,nan,nan
헙,U+D5D9,0,0,0,0,0,0.12432861328125,0.6046142578125,0.1234130859375,4,nan,nan
헚,U+D5DA,0,0,0,0,0,0.12554931640625,0.6998291015625,0.13543701171875,6,nan,nan
헛,U+D5DB,0,0,0,0,0,0.117919921875,0.5950927734375,0.10565185546875,4,nan,nan
헜,U+D5DC,0,0,0,0,0,0.15283203125,0.64599609375,0.13360595703125,6,nan,nan
헝,U+D5DD,0,0,0,0,0,0.11187744140625,0.70697021484375,0.10064697265625,7,nan,nan
헞,U+D5DE,0,0,1,1,0,0.12335205078125,0.613037109375,0.11322021484375,5,nan,nan
헟,U+D5DF,0,0,0,0,0,0.12054443359375,0.762939453125,0.11895751953125,6,nan,nan
헠,U+D5E0,0,0,1,1,0,0.12872314453125,0.57861328125,0.1129150390625,5,nan,nan
헡,U+D5E1,0,0,1,1,0,0.11773681640625,0.56304931640625,0.125732421875,5,nan,nan
헢,U+D5E2,0,0,0,0,0,0.1163330078125,0.57806396484375,0.1234130859375,7,nan,nan
헣,U+D5E3,0,0,0,0,0,0.1156005859375,0.61236572265625,0.12017822265625,9,nan,nan
헤,U+D5E4,0,0,0,0,0,0.0859375,0.435791015625,0.09564208984375,4,nan,nan
헥,U+D5E5,0,0,0,0,0,0.12286376953125,0.65625,0.132080078125,6,nan,nan
헦,U+D5E6,0,0,1,1,0,0.1343994140625,0.6640625,0.1334228515625,6,nan,nan
헧,U+D5E7,0,0,0,0,0,0.13909912109375,0.703125,0.14312744140625,7,nan,nan
헨,U+D5E8,0,0,0,0,0,0.1326904296875,0.65625,0.1263427734375,7,nan,nan
헩,U+D5E9,0,0,1,1,0,0.1429443359375,0.6409912109375,0.13897705078125,6,nan,nan
헪,U+D5EA,0,0,1,1,0,0.1397705078125,0.6561279296875,0.1495361328125,9,nan,nan
헫,U+D5EB,0,0,1,1,0,0.13006591796875,0.630615234375,0.14300537109375,7,nan,nan
헬,U+D5EC,0,0,0,0,0,0.1473388671875,0.6666259765625,0.1552734375,7,nan,nan
헭,U+D5ED,0,0,0,0,0,0.127685546875,0.65625,0.14312744140625,9,nan,nan
헮,U+D5EE,0,0,0,0,0,0.13128662109375,0.6640625,0.15069580078125,8,nan,nan
헯,U+D5EF,0,0,0,0,0,0.13873291015625,0.671875,0.1595458984375,6,nan,nan
헰,U+D5F0,0,0,0,0,0,0.14752197265625,0.6953125,0.1590576171875,9,nan,nan
헱,U+D5F1,0,0,0,0,0,0.132080078125,0.671875,0.1568603515625,10,nan,nan
헲,U+D5F2,0,0,1,1,0,0.13134765625,0.6875,0.15386962890625,10,nan,nan
헳,U+D5F3,0,0,0,0,0,0.14312744140625,0.6796875,0.1617431640625,5,nan,nan
헴,U+D5F4,0,0,0,0,0,0.1240234375,0.597900390625,0.13067626953125,5,nan,nan
헵,U+D5F5,0,0,0,0,1,0.12811279296875,0.609375,0.1326904296875,5,25.09838775377708,0.9547233124054408
헶,U+D5F6,0,0,0,0,0,0.14202880859375,0.68988037109375,0.1475830078125,9,nan,nan
헷,U+D5F7,0,0,0,0,0,0.13360595703125,0.6756591796875,0.131103515625,7,nan,nan
헸,U+D5F8,0,0,0,0,0,0.16162109375,0.6953125,0.1480712890625,4,nan,nan
헹,U+D5F9,0,0,0,0,0,0.1361083984375,0.6328125,0.1302490234375,6,nan,nan
헺,U+D5FA,0,0,1,1,0,0.1436767578125,0.6536865234375,0.148193359375,7,nan,nan
헻,U+D5FB,0,0,0,0,0,0.1416015625,0.671875,0.13726806640625,8,nan,nan
헼,U+D5FC,0,0,1,1,0,0.12591552734375,0.65625,0.13580322265625,8,nan,nan
헽,U+D5FD,0,0,1,1,0,0.139404296875,0.6357421875,0.14849853515625,6,nan,nan
헾,U+D5FE,0,0,0,0,0,0.12823486328125,0.7109375,0.1480712890625,10,nan,nan
헿,U+D5FF,0,0,0,0,0,0.1322021484375,0.6640625,0.13848876953125,9,nan,nan
혀,U+D600,0,0,0,0,0,0.07830810546875,0.43505859375,0.085693359375,3,nan,nan
혁,U+D601,0,0,0,0,0,0.09405517578125,0.5570068359375,0.1107177734375,5,nan,nan
혂,U+D602,0,0,1,1,0,0.114013671875,0.640625,0.118896484375,7,nan,nan
혃,U+D603,0,0,0,0,0,0.13458251953125,0.670166015625,0.1243896484375,4,nan,nan
현,U+D604,0,0,0,0,0,0.10302734375,0.6640625,0.11639404296875,7,nan,nan
혅,U+D605,0,0,1,1,0,0.1329345703125,0.70953369140625,0.13348388671875,8,nan,nan
혆,U+D606,0,0,1,1,0,0.1328125,0.671875,0.14056396484375,11,nan,nan
혇,U+D607,0,0,1,1,0,0.1202392578125,0.6357421875,0.1326904296875,5,nan,nan
혈,U+D608,0,0,0,0,0,0.140380859375,0.6640625,0.13970947265625,11,nan,nan
혉,U+D609,0,0,0,0,0,0.136962890625,0.8359375,0.1588134765625,10,nan,nan
혊,U+D60A,0,0,0,0,0,0.15155029296875,0.6536865234375,0.16375732421875,8,nan,nan
혋,U+D60B,0,0,0,0,0,0.15167236328125,0.84375,0.1724853515625,10,nan,nan
혌,U+D60C,0,0,0,0,0,0.146728515625,0.7421875,0.1561279296875,11,nan,nan
혍,U+D60D,0,0,0,0,0,0.14630126953125,0.6953125,0.171875,11,nan,nan
혎,U+D60E,0,0,1,1,0,0.1617431640625,0.80615234375,0.170166015625,8,nan,nan
혏,U+D60F,0,0,0,0,0,0.15106201171875,0.8216552734375,0.1658935546875,9,nan,nan
혐,U+D610,0,0,0,0,0,0.1175537109375,0.6031494140625,0.13226318359375,8,nan,nan
협,U+D611,0,0,0,0,0,0.1197509765625,0.60809326171875,0.12408447265625,6,nan,nan
혒,U+D612,0,0,0,0,0,0.14093017578125,0.70538330078125,0.143310546875,4,nan,nan
혓,U+D613,0,0,0,0,0,0.11541748046875,0.5908203125,0.1173095703125,5,nan,nan
혔,U+D614,0,0,0,0,0,0.15191650390625,0.6627197265625,0.13604736328125,4,nan,nan
형,U+D615,0,0,0,0,0,0.130126953125,0.59271240234375,0.10247802734375,5,nan,nan
혖,U+D616,0,0,1,1,0,0.1304931640625,0.65887451171875,0.130615234375,7,nan,nan
혗,U+D617,0,0,0,0,0,0.12640380859375,0.6875,0.1357421875,8,nan,nan
혘,U+D618,0,0,1,1,0,0.1309814453125,0.62786865234375,0.12939453125,7,nan,nan
혙,U+D619,0,0,1,1,0,0.125732421875,0.63323974609375,0.14215087890625,7,nan,nan
혚,U+D61A,0,0,0,0,0,0.12677001953125,0.6484375,0.13165283203125,8,nan,nan
혛,U+D61B,0,0,0,0,0,0.1395263671875,0.6640625,0.1317138671875,8,nan,nan
혜,U+D61C,0,0,0,0,0,0.10693359375,0.5166015625,0.109619140625,4,nan,nan
혝,U+D61D,0,0,0,0,0,0.11895751953125,0.6666259765625,0.13482666015625,6,nan,nan
혞,U+D61E,0,0,1,1,0,0.13482666015625,0.64642333984375,0.13818359375,9,nan,nan
혟,U+D61F,0,0,0,0,0,0.12847900390625,0.7109375,0.14129638671875,12,nan,nan
혠,U+D620,0,0,0,0,0,0.1357421875,0.6875,0.13958740234375,14,nan,nan
혡,U+D621,0,0,1,1,0,0.161376953125,0.71875,0.16143798828125,6,nan,nan
혢,U+D622,0,0,1,1,0,0.13232421875,0.6976318359375,0.15447998046875,11,nan,nan
혣,U+D623,0,0,1,1,0,0.1309814453125,0.64849853515625,0.1485595703125,6,nan,nan
혤,U+D624,0,0,0,0,0,0.14776611328125,0.64337158203125,0.1634521484375,7,nan,nan
혥,U+D625,0,0,0,0,0,0.1558837890625,0.6875,0.17962646484375,7,nan,nan
혦,U+D626,0,0,0,0,0,0.143310546875,0.6953125,0.16607666015625,12,nan,nan
혧,U+D627,0,0,0,0,0,0.14031982421875,0.6796875,0.1663818359375,9,nan,nan
혨,U+D628,0,0,0,0,0,0.16046142578125,0.7265625,0.169677734375,6,nan,nan
혩,U+D629,0,0,0,0,0,0.164306640625,0.7109375,0.17333984375,8,nan,nan
혪,U+D62A,0,0,1,1,0,0.16259765625,0.6875,0.18524169921875,5,nan,nan
혫,U+D62B,0,0,0,0,0,0.15545654296875,0.68212890625,0.179931640625,7,nan,nan
혬,U+D62C,0,0,0,0,0,0.13311767578125,0.6357421875,0.1531982421875,6,nan,nan
혭,U+D62D,0,0,0,0,0,0.13201904296875,0.720703125,0.144287109375,8,nan,nan
혮,U+D62E,0,0,0,0,0,0.1414794921875,0.72088623046875,0.1612548828125,6,nan,nan
혯,U+D62F,0,0,0,0,0,0.131591796875,0.6337890625,0.1295166015625,7,nan,nan
혰,U+D630,0,0,0,0,0,0.15478515625,0.71875,0.15972900390625,5,nan,nan
혱,U+D631,0,0,0,0,0,0.13983154296875,0.67437744140625,0.12506103515625,6,nan,nan
혲,U+D632,0,0,1,1,0,0.14788818359375,0.7305908203125,0.1533203125,12,nan,nan
혳,U+D633,0,0,0,0,0,0.14385986328125,0.68212890625,0.1483154296875,5,nan,nan
혴,U+D634,0,0,1,1,0,0.1341552734375,0.6796875,0.146484375,8,nan,nan
혵,U+D635,0,0,1,1,0,0.14837646484375,0.7286376953125,0.1585693359375,7,nan,nan
혶,U+D636,0,0,0,0,0,0.13580322265625,0.62841796875,0.15728759765625,8,nan,nan
혷,U+D637,0,0,0,0,0,0.150390625,0.6796875,0.15057373046875,7,nan,nan
호,U+D638,0,0,0,0,0,0.0811767578125,0.514892578125,0.08245849609375,4,nan,nan
혹,U+D639,0,0,0,0,0,0.11163330078125,0.6171875,0.09814453125,5,nan,nan
혺,U+D63A,0,0,1,1,0,0.1119384765625,0.6484375,0.12255859375,6,nan,nan
혻,U+D63B,0,0,0,0,0,0.1131591796875,0.72479248046875,0.1236572265625,4,nan,nan
혼,U+D63C,0,0,0,0,0,0.12896728515625,0.6875,0.10205078125,3,nan,nan
혽,U+D63D,0,0,1,1,0,0.12799072265625,0.7152099609375,0.1263427734375,7,nan,nan
혾,U+D63E,0,0,1,1,0,0.13958740234375,0.8046875,0.131103515625,5,nan,nan
혿,U+D63F,0,0,1,1,0,0.13214111328125,0.765625,0.11627197265625,5,nan,nan
홀,U+D640,0,0,0,0,0,0.1185302734375,0.578125,0.129150390625,11,nan,nan
홁,U+D641,0,0,0,0,0,0.14886474609375,0.65625,0.15716552734375,5,nan,nan
홂,U+D642,0,0,0,0,0,0.1539306640625,0.7265625,0.17327880859375,5,nan,nan
홃,U+D643,0,0,0,0,0,0.128662109375,0.671875,0.13916015625,11,nan,nan
홄,U+D644,0,0,0,0,0,0.15423583984375,0.8125,0.1607666015625,9,nan,nan
홅,U+D645,0,0,0,0,0,0.148681640625,0.75,0.15521240234375,18,nan,nan
홆,U+D646,0,0,1,1,0,0.1474609375,0.7109375,0.15496826171875,8,nan,nan
홇,U+D647,0,0,0,0,0,0.16912841796875,0.8515625,0.16217041015625,9,nan,nan
홈,U+D648,0,0,0,0,0,0.10687255859375,0.65625,0.12139892578125,5,nan,nan
홉,U+D649,0,0,0,0,0,0.12188720703125,0.589111328125,0.10821533203125,3,nan,nan
홊,U+D64A,0,0,0,0,0,0.13427734375,0.6875,0.13037109375,8,nan,nan
홋,U+D64B,0,0,0,0,0,0.1126708984375,0.640625,0.099609375,3,nan,nan
홌,U+D64C,0,0,0,0,0,0.12835693359375,0.765625,0.1190185546875,7,nan,nan
홍,U+D64D,0,0,0,0,1,0.0958251953125,0.703125,0.09259033203125,3,25.365971691111866,0.9603531497323626
홎,U+D64E,0,0,1,1,0,0.09869384765625,0.65625,0.1051025390625,4,nan,nan
홏,U+D64F,0,0,0,0,0,0.11370849609375,0.5859375,0.1107177734375,3,nan,nan
홐,U+D650,0,0,1,1,0,0.10308837890625,0.6171875,0.11444091796875,4,nan,nan
홑,U+D651,0,0,1,1,0,0.13812255859375,0.5546875,0.12872314453125,4,nan,nan
홒,U+D652,0,0,0,0,0,0.12939453125,0.671875,0.136474609375,7,nan,nan
홓,U+D653,0,0,0,0,0,0.146240234375,0.6171875,0.1160888671875,6,nan,nan
화,U+D654,0,0,0,0,0,0.11724853515625,0.62255859375,0.109619140625,3,nan,nan
확,U+D655,0,0,0,0,0,0.13812255859375,0.749267578125,0.1361083984375,5,nan,nan
홖,U+D656,0,0,1,1,0,0.145751953125,0.7578125,0.13470458984375,5,nan,nan
홗,U+D657,0,0,0,0,0,0.1510009765625,0.73638916015625,0.13751220703125,5,nan,nan
환,U+D658,0,0,0,0,0,0.1455078125,0.7459716796875,0.13092041015625,4,nan,nan
홙,U+D659,0,0,1,1,0,0.153564453125,0.7265625,0.1351318359375,5,nan,nan
홚,U+D65A,0,0,1,1,0,0.1715087890625,0.73638916015625,0.1475830078125,3,nan,nan
홛,U+D65B,0,0,1,1,0,0.1561279296875,0.73638916015625,0.14739990234375,4,nan,nan
활,U+D65C,0,0,0,0,0,0.165283203125,0.74322509765625,0.15350341796875,4,nan,nan
홝,U+D65D,0,0,0,0,0,0.16815185546875,0.78125,0.1644287109375,5,nan,nan
홞,U+D65E,0,0,0,0,0,0.16351318359375,0.7421875,0.14892578125,5,nan,nan
홟,U+D65F,0,0,0,0,0,0.1744384765625,0.76904296875,0.1649169921875,6,nan,nan
홠,U+D660,0,0,0,0,0,0.1380615234375,0.77056884765625,0.15106201171875,6,nan,nan
홡,U+D661,0,0,0,0,0,0.1605224609375,0.76904296875,0.16558837890625,12,nan,nan
홢,U+D662,0,0,1,1,0,0.15081787109375,0.7578125,0.1400146484375,6,nan,nan
홣,U+D663,0,0,0,0,0,0.1539306640625,0.7890625,0.1495361328125,4,nan,nan
홤,U+D664,0,0,0,0,0,0.15838623046875,0.77056884765625,0.13763427734375,4,nan,nan
홥,U+D665,0,0,0,0,0,0.143310546875,0.73828125,0.1319580078125,4,nan,nan
홦,U+D666,0,0,0,0,0,0.16436767578125,0.7767333984375,0.15093994140625,4,nan,nan
홧,U+D667,0,0,0,0,0,0.141845703125,0.744140625,0.12872314453125,4,nan,nan
홨,U+D668,0,0,0,0,0,0.17193603515625,0.729736328125,0.15472412109375,4,nan,nan
황,U+D669,0,0,0,0,0,0.16912841796875,0.8074951171875,0.1309814453125,4,nan,nan
홪,U+D66A,0,0,1,1,0,0.15875244140625,0.765625,0.13311767578125,4,nan,nan
홫,U+D66B,0,0,0,0,0,0.15167236328125,0.80615234375,0.13836669921875,4,nan,nan
홬,U+D66C,0,0,1,1,0,0.1553955078125,0.7265625,0.13482666015625,4,nan,nan
홭,U+D66D,0,0,1,1,0,0.1533203125,0.7734375,0.1451416015625,4,nan,nan
홮,U+D66E,0,0,0,0,0,0.13232421875,0.670166015625,0.12646484375,5,nan,nan
홯,U+D66F,0,0,0,0,0,0.15740966796875,0.7734375,0.14141845703125,8,nan,nan
홰,U+D670,0,0,0,0,0,0.1279296875,0.49951171875,0.1199951171875,3,nan,nan
홱,U+D671,0,0,0,0,0,0.13726806640625,0.6121826171875,0.14410400390625,4,nan,nan
홲,U+D672,0,0,1,1,0,0.14959716796875,0.62774658203125,0.15008544921875,7,nan,nan
홳,U+D673,0,0,0,0,0,0.1494140625,0.658447265625,0.15301513671875,5,nan,nan
홴,U+D674,0,0,0,0,0,0.14947509765625,0.64849853515625,0.14471435546875,4,nan,nan
홵,U+D675,0,0,1,1,0,0.165771484375,0.66064453125,0.1661376953125,8,nan,nan
홶,U+D676,0,0,1,1,0,0.16552734375,0.6666259765625,0.16778564453125,6,nan,nan
홷,U+D677,0,0,1,1,0,0.1539306640625,0.62310791015625,0.1534423828125,4,nan,nan
홸,U+D678,0,0,0,0,0,0.16961669921875,0.55865478515625,0.1585693359375,5,nan,nan
홹,U+D679,0,0,0,0,0,0.1651611328125,0.6666259765625,0.168701171875,7,nan,nan
홺,U+D67A,0,0,0,0,0,0.15350341796875,0.65087890625,0.17474365234375,9,nan,nan
홻,U+D67B,0,0,0,0,0,0.15716552734375,0.64849853515625,0.166259765625,6,nan,nan
홼,U+D67C,0,0,0,0,0,0.168212890625,0.68316650390625,0.1763916015625,5,nan,nan
홽,U+D67D,0,0,0,0,0,0.19140625,0.661376953125,0.18011474609375,6,nan,nan
홾,U+D67E,0,0,1,1,0,0.15924072265625,0.666015625,0.16033935546875,7,nan,nan
홿,U+D67F,0,0,0,0,0,0.176513671875,0.68212890625,0.18023681640625,7,nan,nan
횀,U+D680,0,0,0,0,0,0.1468505859375,0.6005859375,0.1617431640625,7,nan,nan
횁,U+D681,0,0,0,0,0,0.14422607421875,0.59307861328125,0.15716552734375,5,nan,nan
횂,U+D682,0,0,0,0,0,0.16668701171875,0.68115234375,0.1707763671875,4,nan,nan
횃,U+D683,0,0,0,0,0,0.147705078125,0.590576171875,0.144287109375,6,nan,nan
횄,U+D684,0,0,0,0,0,0.1893310546875,0.68682861328125,0.16754150390625,4,nan,nan
횅,U+D685,0,0,0,0,0,0.1456298828125,0.59326171875,0.1302490234375,3,nan,nan
횆,U+D686,0,0,1,1,0,0.1468505859375,0.6456298828125,0.14605712890625,7,nan,nan
횇,U+D687,0,0,0,0,0,0.1732177734375,0.67437744140625,0.17340087890625,3,nan,nan
횈,U+D688,0,0,1,1,0,0.15838623046875,0.60809326171875,0.1617431640625,4,nan,nan
횉,U+D689,0,0,1,1,0,0.1575927734375,0.620361328125,0.160400390625,5,nan,nan
횊,U+D68A,0,0,0,0,0,0.16131591796875,0.6627197265625,0.16094970703125,5,nan,nan
횋,U+D68B,0,0,0,0,0,0.1796875,0.65625,0.16961669921875,3,nan,nan
회,U+D68C,0,0,0,0,0,0.1126708984375,0.41748046875,0.088134765625,3,nan,nan
획,U+D68D,0,0,0,0,0,0.13568115234375,0.59033203125,0.12744140625,4,nan,nan
횎,U+D68E,0,0,1,1,0,0.14239501953125,0.6229248046875,0.1260986328125,5,nan,nan
횏,U+D68F,0,0,0,0,0,0.1551513671875,0.6962890625,0.138671875,6,nan,nan
횐,U+D690,0,0,0,0,0,0.1473388671875,0.6383056640625,0.1292724609375,4,nan,nan
횑,U+D691,0,0,1,1,0,0.16717529296875,0.7109375,0.14215087890625,6,nan,nan
횒,U+D692,0,0,1,1,0,0.14263916015625,0.828125,0.14617919921875,9,nan,nan
횓,U+D693,0,0,1,1,0,0.14141845703125,0.561279296875,0.1353759765625,5,nan,nan
횔,U+D694,0,0,0,0,0,0.15478515625,0.609375,0.15350341796875,6,nan,nan
횕,U+D695,0,0,0,0,0,0.15869140625,0.6171875,0.1468505859375,8,nan,nan
횖,U+D696,0,0,0,0,0,0.1524658203125,0.609375,0.15087890625,6,nan,nan
횗,U+D697,0,0,0,0,0,0.15911865234375,0.625,0.15185546875,6,nan,nan
횘,U+D698,0,0,0,0,0,0.16448974609375,0.734375,0.15203857421875,5,nan,nan
횙,U+D699,0,0,0,0,0,0.16436767578125,0.6953125,0.1478271484375,10,nan,nan
횚,U+D69A,0,0,1,1,0,0.156005859375,0.7265625,0.1488037109375,8,nan,nan
횛,U+D69B,0,0,0,0,0,0.1500244140625,0.68212890625,0.13818359375,6,nan,nan
횜,U+D69C,0,0,0,0,0,0.13604736328125,0.7578125,0.1417236328125,5,nan,nan
횝,U+D69D,0,0,0,0,0,0.13525390625,0.73828125,0.125244140625,4,nan,nan
횞,U+D69E,0,0,0,0,0,0.1588134765625,0.7265625,0.1497802734375,6,nan,nan
횟,U+D69F,0,0,0,0,0,0.14129638671875,0.63323974609375,0.12054443359375,6,nan,nan
횠,U+D6A0,0,0,0,0,0,0.16485595703125,0.70953369140625,0.14654541015625,5,nan,nan
횡,U+D6A1,0,0,0,0,0,0.13824462890625,0.597900390625,0.11297607421875,4,nan,nan
횢,U+D6A2,0,0,1,1,0,0.1505126953125,0.67901611328125,0.12701416015625,5,nan,nan
횣,U+D6A3,0,0,0,0,0,0.14642333984375,0.6962890625,0.12841796875,8,nan,nan
횤,U+D6A4,0,0,1,1,0,0.139892578125,0.59686279296875,0.12109375,5,nan,nan
횥,U+D6A5,0,0,1,1,0,0.13824462890625,0.59686279296875,0.131591796875,6,nan,nan
횦,U+D6A6,0,0,0,0,0,0.151611328125,0.6256103515625,0.14166259765625,7,nan,nan
횧,U+D6A7,0,0,0,0,0,0.1494140625,0.58135986328125,0.1226806640625,4,nan,nan
효,U+D6A8,0,0,0,0,0,0.10955810546875,0.523681640625,0.0927734375,3,nan,nan
횩,U+D6A9,0,0,0,0,0,0.107666015625,0.65625,0.1180419921875,5,nan,nan
횪,U+D6AA,0,0,1,1,0,0.1353759765625,0.671875,0.12371826171875,6,nan,nan
횫,U+D6AB,0,0,0,0,0,0.12664794921875,0.6484375,0.13006591796875,5,nan,nan
횬,U+D6AC,0,0,0,0,0,0.133544921875,0.6201171875,0.1129150390625,3,nan,nan
횭,U+D6AD,0,0,1,1,0,0.13226318359375,0.6796875,0.13238525390625,7,nan,nan
횮,U+D6AE,0,0,1,1,0,0.135009765625,0.734375,0.1517333984375,6,nan,nan
횯,U+D6AF,0,0,1,1,0,0.11553955078125,0.58135986328125,0.12359619140625,4,nan,nan
횰,U+D6B0,0,0,0,0,0,0.15594482421875,0.6328125,0.15692138671875,5,nan,nan
횱,U+D6B1,0,0,0,0,0,0.1495361328125,0.6015625,0.15087890625,8,nan,nan
횲,U+D6B2,0,0,0,0,0,0.1533203125,0.640625,0.15185546875,4,nan,nan
횳,U+D6B3,0,0,0,0,0,0.1500244140625,0.6953125,0.16387939453125,7,nan,nan
횴,U+D6B4,0,0,0,0,0,0.13983154296875,0.6875,0.14630126953125,6,nan,nan
횵,U+D6B5,0,0,0,0,0,0.1556396484375,0.6953125,0.1627197265625,7,nan,nan
횶,U+D6B6,0,0,1,1,0,0.15655517578125,0.7265625,0.15093994140625,7,nan,nan
횷,U+D6B7,0,0,0,0,0,0.1324462890625,0.6640625,0.1380615234375,5,nan,nan
횸,U+D6B8,0,0,0,0,0,0.12225341796875,0.625,0.12799072265625,6,nan,nan
횹,U+D6B9,0,0,0,0,0,0.114990234375,0.625,0.11553955078125,4,nan,nan
횺,U+D6BA,0,0,0,0,0,0.14208984375,0.703125,0.14459228515625,5,nan,nan
횻,U+D6BB,0,0,0,0,0,0.12115478515625,0.6875,0.11810302734375,5,nan,nan
횼,U+D6BC,0,0,0,0,0,0.14697265625,0.6875,0.13336181640625,5,nan,nan
횽,U+D6BD,0,0,0,0,0,0.10760498046875,0.5625,0.10028076171875,5,nan,nan
횾,U+D6BE,0,0,1,1,0,0.12445068359375,0.6484375,0.120361328125,6,nan,nan
횿,U+D6BF,0,0,0,0,0,0.132568359375,0.6015625,0.125732421875,5,nan,nan
훀,U+D6C0,0,0,1,1,0,0.15582275390625,0.609375,0.13641357421875,9,nan,nan
훁,U+D6C1,0,0,1,1,0,0.1292724609375,0.5859375,0.1295166015625,6,nan,nan
훂,U+D6C2,0,0,0,0,0,0.12445068359375,0.7421875,0.1317138671875,11,nan,nan
훃,U+D6C3,0,0,0,0,0,0.13580322265625,0.6015625,0.1177978515625,2,nan,nan
후,U+D6C4,0,0,0,0,0,0.0963134765625,0.6536865234375,0.08551025390625,3,nan,nan
훅,U+D6C5,0,0,0,0,0,0.11334228515625,0.59375,0.10455322265625,2,nan,nan
훆,U+D6C6,0,0,1,1,0,0.130859375,0.640625,0.1082763671875,3,nan,nan
훇,U+D6C7,0,0,0,0,0,0.1259765625,0.6484375,0.1143798828125,7,nan,nan
훈,U+D6C8,0,0,0,0,0,0.1217041015625,0.5546875,0.0927734375,4,nan,nan
훉,U+D6C9,0,0,1,1,0,0.1226806640625,0.6640625,0.116943359375,7,nan,nan
훊,U+D6CA,0,0,1,1,0,0.1402587890625,0.7109375,0.14019775390625,8,nan,nan
훋,U+D6CB,0,0,1,1,0,0.112548828125,0.4921875,0.10845947265625,3,nan,nan
훌,U+D6CC,0,0,0,0,0,0.12835693359375,0.630615234375,0.1527099609375,10,nan,nan
훍,U+D6CD,0,0,0,0,0,0.14581298828125,0.625,0.135986328125,4,nan,nan
훎,U+D6CE,0,0,0,0,0,0.14239501953125,0.65625,0.13079833984375,4,nan,nan
훏,U+D6CF,0,0,0,0,0,0.157958984375,0.671875,0.13543701171875,5,nan,nan
훐,U+D6D0,0,0,0,0,0,0.1365966796875,0.7109375,0.13873291015625,4,nan,nan
훑,U+D6D1,0,0,0,0,0,0.1480712890625,0.71875,0.15911865234375,5,nan,nan
훒,U+D6D2,0,0,1,1,0,0.12506103515625,0.71875,0.1358642578125,5,nan,nan
훓,U+D6D3,0,0,0,0,0,0.126708984375,0.7265625,0.15203857421875,12,nan,nan
훔,U+D6D4,0,0,0,0,0,0.10223388671875,0.569091796875,0.111328125,4,nan,nan
훕,U+D6D5,0,0,0,0,0,0.114013671875,0.5390625,0.10699462890625,5,nan,nan
훖,U+D6D6,0,0,0,0,0,0.13824462890625,0.703125,0.12933349609375,4,nan,nan
훗,U+D6D7,0,0,0,0,0,0.1199951171875,0.578125,0.09002685546875,3,nan,nan
훘,U+D6D8,0,0,0,0,0,0.1224365234375,0.64337158203125,0.12109375,5,nan,nan
훙,U+D6D9,0,0,0,0,0,0.112548828125,0.5859375,0.08453369140625,3,nan,nan
훚,U+D6DA,0,0,1,1,0,0.11993408203125,0.6640625,0.10614013671875,6,nan,nan
훛,U+D6DB,0,0,0,0,0,0.12261962890625,0.6171875,0.10333251953125,3,nan,nan
훜,U+D6DC,0,0,1,1,0,0.12750244140625,0.6046142578125,0.1083984375,6,nan,nan
훝,U+D6DD,0,0,1,1,0,0.11663818359375,0.546875,0.11676025390625,5,nan,nan
훞,U+D6DE,0,0,0,0,0,0.1297607421875,0.640625,0.12310791015625,4,nan,nan
훟,U+D6DF,0,0,0,0,0,0.11517333984375,0.609375,0.117431640625,4,nan,nan
훠,U+D6E0,0,0,0,0,0,0.11724853515625,0.546875,0.1146240234375,3,nan,nan
훡,U+D6E1,0,0,0,0,0,0.1383056640625,0.58447265625,0.13629150390625,7,nan,nan
훢,U+D6E2,0,0,1,1,0,0.14013671875,0.6201171875,0.139892578125,8,nan,nan
훣,U+D6E3,0,0,0,0,0,0.14434814453125,0.72088623046875,0.134521484375,7,nan,nan
훤,U+D6E4,0,0,0,0,0,0.1495361328125,0.6298828125,0.13934326171875,4,nan,nan
훥,U+D6E5,0,0,1,1,0,0.15240478515625,0.703125,0.15008544921875,10,nan,nan
훦,U+D6E6,0,0,1,1,0,0.16680908203125,0.65887451171875,0.16375732421875,3,nan,nan
훧,U+D6E7,0,0,1,1,0,0.14654541015625,0.673583984375,0.14447021484375,6,nan,nan
훨,U+D6E8,0,0,0,0,0,0.15020751953125,0.65625,0.13763427734375,6,nan,nan
훩,U+D6E9,0,0,0,0,0,0.15081787109375,0.6953125,0.1505126953125,7,nan,nan
훪,U+D6EA,0,0,0,0,0,0.156982421875,0.6875,0.16290283203125,5,nan,nan
훫,U+D6EB,0,0,0,0,0,0.16339111328125,0.8359375,0.17034912109375,10,nan,nan
훬,U+D6EC,0,0,0,0,0,0.170166015625,0.765625,0.16571044921875,5,nan,nan
훭,U+D6ED,0,0,0,0,0,0.1812744140625,0.7265625,0.18194580078125,6,nan,nan
훮,U+D6EE,0,0,1,1,0,0.15411376953125,0.7109375,0.154296875,5,nan,nan
훯,U+D6EF,0,0,0,0,0,0.15338134765625,0.8515625,0.16253662109375,13,nan,nan
훰,U+D6F0,0,0,0,0,0,0.14434814453125,0.613037109375,0.14697265625,7,nan,nan
훱,U+D6F1,0,0,0,0,0,0.1475830078125,0.615234375,0.15032958984375,6,nan,nan
훲,U+D6F2,0,0,0,0,0,0.16851806640625,0.765625,0.17108154296875,5,nan,nan
훳,U+D6F3,0,0,0,0,0,0.1439208984375,0.64251708984375,0.13397216796875,5,nan,nan
훴,U+D6F4,0,0,0,0,0,0.18536376953125,0.8203125,0.1890869140625,10,nan,nan
훵,U+D6F5,0,0,0,0,0,0.1278076171875,0.5374755859375,0.12713623046875,7,nan,nan
훶,U+D6F6,0,0,1,1,0,0.1365966796875,0.7698974609375,0.1409912109375,7,nan,nan
훷,U+D6F7,0,0,0,0,0,0.1466064453125,0.823974609375,0.14361572265625,7,nan,nan
훸,U+D6F8,0,0,1,1,0,0.13818359375,0.60546875,0.136962890625,5,nan,nan
훹,U+D6F9,0,0,1,1,0,0.1495361328125,0.62060546875,0.15484619140625,10,nan,nan
훺,U+D6FA,0,0,0,0,0,0.15509033203125,0.83160400390625,0.15057373046875,7,nan,nan
훻,U+D6FB,0,0,0,0,0,0.162109375,0.640625,0.15545654296875,5,nan,nan
훼,U+D6FC,0,0,0,0,0,0.1287841796875,0.5438232421875,0.12982177734375,5,nan,nan
훽,U+D6FD,0,0,0,0,0,0.15020751953125,0.6141357421875,0.15478515625,8,nan,nan
훾,U+D6FE,0,0,1,1,0,0.15618896484375,0.65313720703125,0.1513671875,7,nan,nan
훿,U+D6FF,0,0,0,0,0,0.1629638671875,0.6796875,0.161376953125,9,nan,nan
휀,U+D700,0,0,0,0,0,0.15191650390625,0.673583984375,0.1512451171875,6,nan,nan
휁,U+D701,0,0,1,1,0,0.1658935546875,0.67437744140625,0.171875,11,nan,nan
휂,U+D702,0,0,1,1,0,0.1778564453125,0.6875,0.17742919921875,6,nan,nan
휃,U+D703,0,0,1,1,0,0.15447998046875,0.66375732421875,0.16790771484375,8,nan,nan
휄,U+D704,0,0,0,0,0,0.16302490234375,0.67901611328125,0.1619873046875,6,nan,nan
휅,U+D705,0,0,0,0,0,0.17596435546875,0.6953125,0.17889404296875,5,nan,nan
휆,U+D706,0,0,0,0,0,0.17767333984375,0.671875,0.17138671875,6,nan,nan
휇,U+D707,0,0,0,0,0,0.18048095703125,0.6796875,0.1824951171875,9,nan,nan
휈,U+D708,0,0,0,0,0,0.17510986328125,0.7421875,0.17694091796875,10,nan,nan
휉,U+D709,0,0,0,0,0,0.1754150390625,0.70751953125,0.1781005859375,9,nan,nan
휊,U+D70A,0,0,1,1,0,0.19970703125,0.671875,0.178955078125,7,nan,nan
휋,U+D70B,0,0,0,0,0,0.18133544921875,0.6796875,0.17315673828125,8,nan,nan
휌,U+D70C,0,0,0,0,0,0.15545654296875,0.6329345703125,0.16650390625,5,nan,nan
휍,U+D70D,0,0,0,0,0,0.156982421875,0.6328125,0.1593017578125,5,nan,nan
휎,U+D70E,0,0,0,0,0,0.1768798828125,0.6976318359375,0.1820068359375,6,nan,nan
휏,U+D70F,0,0,0,0,0,0.1490478515625,0.6337890625,0.14849853515625,7,nan,nan
휐,U+D710,0,0,0,0,0,0.1690673828125,0.7476806640625,0.16558837890625,6,nan,nan
휑,U+D711,0,0,0,0,0,0.1461181640625,0.67138671875,0.16033935546875,11,nan,nan
휒,U+D712,0,0,1,1,0,0.1422119140625,0.66064453125,0.14984130859375,13,nan,nan
휓,U+D713,0,0,0,0,0,0.1614990234375,0.65625,0.15802001953125,9,nan,nan
휔,U+D714,0,0,1,1,0,0.165283203125,0.63812255859375,0.16290283203125,6,nan,nan
휕,U+D715,0,0,1,1,0,0.17608642578125,0.6484375,0.157958984375,6,nan,nan
휖,U+D716,0,0,0,0,0,0.16973876953125,0.713134765625,0.1658935546875,9,nan,nan
휗,U+D717,0,0,0,0,0,0.17779541015625,0.65625,0.1583251953125,6,nan,nan
휘,U+D718,0,0,0,0,0,0.1102294921875,0.4605712890625,0.09326171875,4,nan,nan
휙,U+D719,0,0,0,0,0,0.14208984375,0.62310791015625,0.12518310546875,4,nan,nan
휚,U+D71A,0,0,1,1,0,0.14501953125,0.63812255859375,0.13385009765625,4,nan,nan
휛,U+D71B,0,0,0,0,0,0.1534423828125,0.6962890625,0.13031005859375,6,nan,nan
휜,U+D71C,0,0,0,0,0,0.14215087890625,0.65313720703125,0.12542724609375,7,nan,nan
휝,U+D71D,0,0,1,1,0,0.15118408203125,0.703125,0.140380859375,7,nan,nan
휞,U+D71E,0,0,1,1,0,0.1468505859375,0.6561279296875,0.1365966796875,7,nan,nan
휟,U+D71F,0,0,1,1,0,0.1414794921875,0.64251708984375,0.137939453125,5,nan,nan
휠,U+D720,0,0,0,0,0,0.16107177734375,0.61236572265625,0.14794921875,5,nan,nan
휡,U+D721,0,0,0,0,0,0.17041015625,0.6875,0.1513671875,6,nan,nan
휢,U+D722,0,0,0,0,0,0.1590576171875,0.625,0.1480712890625,5,nan,nan
휣,U+D723,0,0,0,0,0,0.16021728515625,0.630615234375,0.1527099609375,6,nan,nan
휤,U+D724,0,0,0,0,0,0.1474609375,0.7734375,0.14501953125,6,nan,nan
휥,U+D725,0,0,0,0,0,0.16314697265625,0.7578125,0.14642333984375,6,nan,nan
휦,U+D726,0,0,1,1,0,0.15557861328125,0.7265625,0.1446533203125,8,nan,nan
휧,U+D727,0,0,0,0,0,0.16143798828125,0.6357421875,0.1500244140625,5,nan,nan
휨,U+D728,0,0,0,0,0,0.143310546875,0.6075439453125,0.14404296875,5,nan,nan
휩,U+D729,0,0,0,0,0,0.13751220703125,0.59375,0.12664794921875,3,nan,nan
휪,U+D72A,0,0,0,0,0,0.17156982421875,0.71875,0.14752197265625,6,nan,nan
휫,U+D72B,0,0,0,0,0,0.13665771484375,0.61737060546875,0.11956787109375,5,nan,nan
휬,U+D72C,0,0,0,0,0,0.16534423828125,0.73638916015625,0.146728515625,7,nan,nan
휭,U+D72D,0,0,0,0,0,0.120361328125,0.5950927734375,0.11260986328125,6,nan,nan
휮,U+D72E,0,0,1,1,0,0.14459228515625,0.66064453125,0.12078857421875,4,nan,nan
휯,U+D72F,0,0,0,0,0,0.1390380859375,0.6953125,0.13916015625,5,nan,nan
휰,U+D730,0,0,1,1,0,0.13885498046875,0.6171875,0.1229248046875,5,nan,nan
휱,U+D731,0,0,1,1,0,0.15325927734375,0.595703125,0.13751220703125,4,nan,nan
휲,U+D732,0,0,0,0,0,0.153564453125,0.66815185546875,0.13592529296875,4,nan,nan
휳,U+D733,0,0,0,0,0,0.148193359375,0.609375,0.13275146484375,7,nan,nan
휴,U+D734,0,0,0,0,0,0.1087646484375,0.66064453125,0.09375,5,nan,nan
휵,U+D735,0,0,0,0,0,0.1268310546875,0.65625,0.11480712890625,5,nan,nan
휶,U+D736,0,0,1,1,0,0.1317138671875,0.713134765625,0.1229248046875,3,nan,nan
휷,U+D737,0,0,0,0,0,0.12847900390625,0.6796875,0.1256103515625,3,nan,nan
휸,U+D738,0,0,0,0,0,0.1282958984375,0.5859375,0.11309814453125,5,nan,nan
휹,U+D739,0,0,1,1,0,0.12713623046875,0.640625,0.1112060546875,6,nan,nan
휺,U+D73A,0,0,1,1,0,0.13800048828125,0.671875,0.1380615234375,5,nan,nan
휻,U+D73B,0,0,1,1,0,0.11627197265625,0.546875,0.11614990234375,6,nan,nan
휼,U+D73C,0,0,0,0,0,0.14886474609375,0.6201171875,0.1505126953125,8,nan,nan
휽,U+D73D,0,0,0,0,0,0.1390380859375,0.6484375,0.143798828125,9,nan,nan
휾,U+D73E,0,0,0,0,0,0.14398193359375,0.625,0.1448974609375,3,nan,nan
휿,U+D73F,0,0,0,0,0,0.1441650390625,0.65625,0.142822265625,6,nan,nan
흀,U+D740,0,0,0,0,0,0.1282958984375,0.7890625,0.13800048828125,8,nan,nan
흁,U+D741,0,0,0,0,0,0.13934326171875,0.6875,0.1571044921875,10,nan,nan
흂,U+D742,0,0,1,1,0,0.14129638671875,0.6875,0.13800048828125,7,nan,nan
흃,U+D743,0,0,0,0,0,0.135986328125,0.6796875,0.14007568359375,4,nan,nan
흄,U+D744,0,0,0,0,0,0.1204833984375,0.6015625,0.1136474609375,3,nan,nan
흅,U+D745,0,0,0,0,0,0.123046875,0.546875,0.10711669921875,5,nan,nan
흆,U+D746,0,0,0,0,0,0.137939453125,0.71875,0.1405029296875,6,nan,nan
흇,U+D747,0,0,0,0,0,0.120849609375,0.6171875,0.10113525390625,4,nan,nan
흈,U+D748,0,0,0,0,0,0.139892578125,0.70538330078125,0.12774658203125,5,nan,nan
흉,U+D749,0,0,0,0,0,0.0992431640625,0.461669921875,0.0809326171875,3,nan,nan
흊,U+D74A,0,0,1,1,0,0.1383056640625,0.6328125,0.1134033203125,4,nan,nan
흋,U+D74B,0,0,0,0,0,0.1229248046875,0.65625,0.1170654296875,8,nan,nan
흌,U+D74C,0,0,1,1,0,0.1298828125,0.671875,0.1195068359375,6,nan,nan
흍,U+D74D,0,0,1,1,0,0.11602783203125,0.5152587890625,0.12652587890625,11,nan,nan
흎,U+D74E,0,0,0,0,0,0.14044189453125,0.6666259765625,0.13934326171875,6,nan,nan
흏,U+D74F,0,0,0,0,0,0.1427001953125,0.65625,0.12384033203125,4,nan,nan
흐,U+D750,0,0,0,0,0,0.06298828125,0.42901611328125,0.06182861328125,4,nan,nan
흑,U+D751,0,0,0,0,0,0.102294921875,0.6328125,0.1014404296875,4,nan,nan
흒,U+D752,0,0,1,1,0,0.1029052734375,0.625,0.10107421875,7,nan,nan
흓,U+D753,0,0,0,0,0,0.11920166015625,0.640625,0.10845947265625,5,nan,nan
흔,U+D754,0,0,0,0,0,0.11639404296875,0.6953125,0.1041259765625,3,nan,nan
흕,U+D755,0,0,1,1,0,0.12957763671875,0.73638916015625,0.11474609375,6,nan,nan
흖,U+D756,0,0,1,1,0,0.142333984375,0.7109375,0.12908935546875,4,nan,nan
흗,U+D757,0,0,1,1,0,0.1265869140625,0.7578125,0.12646484375,4,nan,nan
흘,U+D758,0,0,0,0,0,0.15533447265625,0.630615234375,0.14263916015625,6,nan,nan
흙,U+D759,0,0,0,0,0,0.1358642578125,0.71875,0.152099609375,11,nan,nan
흚,U+D75A,0,0,0,0,0,0.16424560546875,0.7265625,0.16021728515625,7,nan,nan
흛,U+D75B,0,0,0,0,0,0.15252685546875,0.6796875,0.15264892578125,8,nan,nan
흜,U+D75C,0,0,0,0,0,0.14947509765625,0.7890625,0.15789794921875,10,nan,nan
흝,U+D75D,0,0,0,0,0,0.154296875,0.78125,0.17205810546875,16,nan,nan
흞,U+D75E,0,0,1,1,0,0.14849853515625,0.7265625,0.14910888671875,8,nan,nan
흟,U+D75F,0,0,0,0,0,0.15582275390625,0.78125,0.1563720703125,6,nan,nan
흠,U+D760,0,0,0,0,0,0.13677978515625,0.6875,0.11810302734375,4,nan,nan
흡,U+D761,0,0,0,0,0,0.141845703125,0.6640625,0.11419677734375,4,nan,nan
흢,U+D762,0,0,0,0,0,0.13037109375,0.734375,0.12066650390625,5,nan,nan
흣,U+D763,0,0,0,0,0,0.1129150390625,0.6046142578125,0.10205078125,4,nan,nan
흤,U+D764,0,0,0,0,0,0.13665771484375,0.703125,0.1168212890625,6,nan,nan
흥,U+D765,0,0,0,0,0,0.08642578125,0.5460205078125,0.08447265625,4,nan,nan
흦,U+D766,0,0,1,1,0,0.11614990234375,0.6875,0.10699462890625,4,nan,nan
흧,U+D767,0,0,0,0,0,0.1387939453125,0.640625,0.121826171875,4,nan,nan
흨,U+D768,0,0,1,1,0,0.12164306640625,0.6875,0.10943603515625,7,nan,nan
흩,U+D769,0,0,1,1,0,0.13916015625,0.6328125,0.13031005859375,8,nan,nan
흪,U+D76A,0,0,0,0,0,0.15008544921875,0.7890625,0.13848876953125,6,nan,nan
흫,U+D76B,0,0,0,0,0,0.12860107421875,0.7109375,0.12451171875,7,nan,nan
희,U+D76C,0,0,0,0,0,0.11163330078125,0.46234130859375,0.08721923828125,3,nan,nan
흭,U+D76D,0,0,0,0,0,0.1328125,0.640625,0.120849609375,5,nan,nan
흮,U+D76E,0,0,1,1,0,0.14044189453125,0.6640625,0.129638671875,6,nan,nan
흯,U+D76F,0,0,0,0,0,0.14990234375,0.70751953125,0.1326904296875,5,nan,nan
흰,U+D770,0,0,0,0,1,0.15032958984375,0.671875,0.12567138671875,5,25.101679970880227,0.9543833496565216
흱,U+D771,0,0,1,1,0,0.1556396484375,0.7109375,0.13592529296875,6,nan,nan
흲,U+D772,0,0,1,1,0,0.15081787109375,0.671875,0.1407470703125,7,nan,nan
흳,U+D773,0,0,1,1,0,0.13458251953125,0.6201171875,0.13323974609375,7,nan,nan
흴,U+D774,0,0,0,0,0,0.149169921875,0.6171875,0.1505126953125,6,nan,nan
흵,U+D775,0,0,0,0,0,0.1549072265625,0.6640625,0.149169921875,8,nan,nan
흶,U+D776,0,0,0,0,0,0.1573486328125,0.6796875,0.15283203125,4,nan,nan
흷,U+D777,0,0,0,0,0,0.15606689453125,0.875,0.15960693359375,10,nan,nan
흸,U+D778,0,0,0,0,0,0.15606689453125,0.765625,0.1494140625,6,nan,nan
흹,U+D779,0,0,0,0,0,0.17987060546875,0.7421875,0.16461181640625,7,nan,nan
흺,U+D77A,0,0,1,1,0,0.1495361328125,0.765625,0.15277099609375,7,nan,nan
흻,U+D77B,0,0,0,0,0,0.150146484375,0.71875,0.16302490234375,7,nan,nan
흼,U+D77C,0,0,0,0,0,0.1383056640625,0.6171875,0.1363525390625,5,nan,nan
흽,U+D77D,0,0,0,0,0,0.1514892578125,0.625,0.12469482421875,5,nan,nan
흾,U+D77E,0,0,0,0,0,0.15460205078125,0.75,0.1435546875,5,nan,nan
흿,U+D77F,0,0,0,0,0,0.14410400390625,0.64599609375,0.12274169921875,6,nan,nan
힀,U+D780,0,0,0,0,0,0.16485595703125,0.8515625,0.14605712890625,7,nan,nan
힁,U+D781,0,0,0,0,0,0.1427001953125,0.6383056640625,0.1279296875,5,nan,nan
힂,U+D782,0,0,1,1,0,0.14678955078125,0.6640625,0.1317138671875,5,nan,nan
힃,U+D783,0,0,0,0,0,0.15130615234375,0.71875,0.13604736328125,5,nan,nan
힄,U+D784,0,0,1,1,0,0.14056396484375,0.6484375,0.1243896484375,4,nan,nan
힅,U+D785,0,0,1,1,0,0.13671875,0.6484375,0.13519287109375,7,nan,nan
힆,U+D786,0,0,0,0,0,0.1602783203125,0.6976318359375,0.14288330078125,5,nan,nan
힇,U+D787,0,0,0,0,0,0.15496826171875,0.6171875,0.12335205078125,5,nan,nan
히,U+D788,0,0,0,0,0,0.08697509765625,0.482177734375,0.07818603515625,4,nan,nan
힉,U+D789,0,0,0,0,0,0.10540771484375,0.5546875,0.09722900390625,4,nan,nan
힊,U+D78A,0,0,1,1,0,0.11474609375,0.6031494140625,0.1156005859375,8,nan,nan
힋,U+D78B,0,0,0,0,0,0.13446044921875,0.6756591796875,0.11810302734375,5,nan,nan
힌,U+D78C,0,0,0,0,0,0.107666015625,0.6356201171875,0.1077880859375,4,nan,nan
힍,U+D78D,0,0,1,1,0,0.13995361328125,0.692138671875,0.12298583984375,9,nan,nan
힎,U+D78E,0,0,1,1,0,0.11651611328125,0.640869140625,0.11761474609375,9,nan,nan
힏,U+D78F,0,0,1,1,0,0.10931396484375,0.5712890625,0.11248779296875,5,nan,nan
힐,U+D790,0,0,0,0,0,0.1168212890625,0.59375,0.13250732421875,6,nan,nan
힑,U+D791,0,0,0,0,0,0.14453125,0.6640625,0.1405029296875,8,nan,nan
힒,U+D792,0,0,0,0,0,0.11492919921875,0.640625,0.14227294921875,10,nan,nan
힓,U+D793,0,0,0,0,0,0.14251708984375,0.828125,0.13739013671875,6,nan,nan
힔,U+D794,0,0,0,0,0,0.1434326171875,0.7578125,0.131103515625,6,nan,nan
힕,U+D795,0,0,0,0,0,0.14227294921875,0.7109375,0.15289306640625,15,nan,nan
힖,U+D796,0,0,1,1,0,0.14453125,0.6640625,0.1365966796875,8,nan,nan
힗,U+D797,0,0,0,0,0,0.14715576171875,0.6875,0.14642333984375,6,nan,nan
힘,U+D798,0,0,0,0,0,0.1229248046875,0.5908203125,0.10870361328125,4,nan,nan
힙,U+D799,0,0,0,0,0,0.1280517578125,0.5859375,0.11383056640625,4,nan,nan
힚,U+D79A,0,0,0,0,0,0.143310546875,0.70538330078125,0.12518310546875,5,nan,nan
힛,U+D79B,0,0,0,0,0,0.1285400390625,0.72509765625,0.1102294921875,6,nan,nan
힜,U+D79C,0,0,0,0,0,0.14263916015625,0.6962890625,0.12451171875,5,nan,nan
힝,U+D79D,0,0,0,0,0,0.1087646484375,0.570556640625,0.09661865234375,4,nan,nan
힞,U+D79E,0,0,1,1,0,0.12841796875,0.630615234375,0.109375,4,nan,nan
힟,U+D79F,0,0,0,0,0,0.1207275390625,0.67437744140625,0.13201904296875,6,nan,nan
힠,U+D7A0,0,0,1,1,0,0.12762451171875,0.57806396484375,0.103271484375,5,nan,nan
힡,U+D7A1,0,0,1,1,0,0.13330078125,0.640869140625,0.1258544921875,6,nan,nan
힢,U+D7A2,0,0,0,0,0,0.12579345703125,0.65087890625,0.12066650390625,6,nan,nan
힣,U+D7A3,0,0,0,0,0,0.13031005859375,0.640625,0.1236572265625,8,nan,nan
